archivo;caso;resultado;duracion_ms;alcance
tests/integracion/cobranza-acciones.test.ts;acciones seguras de Cobranza vendedor no puede registrar pagos;passed;11.496700000000033;"Local; función/componente/acción con dependencias simuladas. No prueba SQL ni navegador E2E."
tests/integracion/cobranza-acciones.test.ts;acciones seguras de Cobranza operador no puede registrar pagos;passed;0.9835000000000491;"Local; función/componente/acción con dependencias simuladas. No prueba SQL ni navegador E2E."
tests/integracion/cobranza-acciones.test.ts;acciones seguras de Cobranza vendedor no puede aplicar saldo a favor;passed;1.4554000000000542;"Local; función/componente/acción con dependencias simuladas. No prueba SQL ni navegador E2E."
tests/integracion/cobranza-acciones.test.ts;acciones seguras de Cobranza operador no puede aplicar saldo a favor;passed;0.6678000000000566;"Local; función/componente/acción con dependencias simuladas. No prueba SQL ni navegador E2E."
tests/integracion/cobranza-acciones.test.ts;acciones seguras de Cobranza contador registra un pago mediante la transacción de servicio y lo audita;passed;6.268299999999954;"Local; función/componente/acción con dependencias simuladas. No prueba SQL ni navegador E2E."
tests/integracion/cobranza-acciones.test.ts;acciones seguras de Cobranza contador aplica monedero mediante la transacción y lo audita;passed;1.802599999999984;"Local; función/componente/acción con dependencias simuladas. No prueba SQL ni navegador E2E."
tests/integracion/comentarios-acciones.test.ts;seguridad de acciones de comentarios rechaza crear un comentario cuando la entidad no es accesible;passed;13.05239999999992;"Local; función/componente/acción con dependencias simuladas. No prueba SQL ni navegador E2E."
tests/integracion/comentarios-acciones.test.ts;seguridad de acciones de comentarios sanitiza el contenido y limita las menciones a usuarios activos;passed;2.6959999999999127;"Local; función/componente/acción con dependencias simuladas. No prueba SQL ni navegador E2E."
tests/integracion/comentarios-acciones.test.ts;seguridad de acciones de comentarios impide eliminar un comentario ajeno sin permiso administrativo;passed;1.6820999999999913;"Local; función/componente/acción con dependencias simuladas. No prueba SQL ni navegador E2E."
tests/integracion/comentarios-acciones.test.ts;seguridad de acciones de comentarios permite al autor eliminar de forma lógica un comentario propio y audita;passed;1.0658000000000811;"Local; función/componente/acción con dependencias simuladas. No prueba SQL ni navegador E2E."
tests/integracion/comentarios-acciones.test.ts;seguridad de acciones de comentarios permite al administrador moderar un comentario ajeno;passed;0.7713999999999714;"Local; función/componente/acción con dependencias simuladas. No prueba SQL ni navegador E2E."
tests/integracion/comentarios-acciones.test.ts;seguridad de acciones de comentarios marca únicamente la notificación del usuario de sesión;passed;1.4021000000000186;"Local; función/componente/acción con dependencias simuladas. No prueba SQL ni navegador E2E."
tests/integracion/configuracion-acciones.test.ts;acciones protegidas de configuración vendedor no puede modificar el tipo de cambio;passed;12.42659999999978;"Local; función/componente/acción con dependencias simuladas. No prueba SQL ni navegador E2E."
tests/integracion/configuracion-acciones.test.ts;acciones protegidas de configuración contador no puede modificar el tipo de cambio;passed;1.0063000000000102;"Local; función/componente/acción con dependencias simuladas. No prueba SQL ni navegador E2E."
tests/integracion/configuracion-acciones.test.ts;acciones protegidas de configuración operador no puede modificar el tipo de cambio;passed;0.9779999999996107;"Local; función/componente/acción con dependencias simuladas. No prueba SQL ni navegador E2E."
tests/integracion/configuracion-acciones.test.ts;acciones protegidas de configuración un admin actualiza tipo de cambio y genera auditoría;passed;7.471900000000005;"Local; función/componente/acción con dependencias simuladas. No prueba SQL ni navegador E2E."
tests/integracion/configuracion-acciones.test.ts;acciones protegidas de configuración un gerente con permiso puede guardar empresa, tarifas, plantilla, cuenta y área;passed;21.75570000000016;"Local; función/componente/acción con dependencias simuladas. No prueba SQL ni navegador E2E."
tests/integracion/dashboard-acciones.test.ts;seguridad de métricas del dashboard vendedor nunca recibe finanzas globales ni margen;passed;12.269300000000044;"Local; función/componente/acción con dependencias simuladas. No prueba SQL ni navegador E2E."
tests/integracion/dashboard-acciones.test.ts;seguridad de métricas del dashboard admin recibe la totalidad de bloques autorizados por el servicio;passed;1.6315000000000737;"Local; función/componente/acción con dependencias simuladas. No prueba SQL ni navegador E2E."
tests/integracion/dashboard-acciones.test.ts;seguridad de métricas del dashboard operador recibe redirección a producción y no métricas financieras;passed;1.979600000000005;"Local; función/componente/acción con dependencias simuladas. No prueba SQL ni navegador E2E."
tests/integracion/gastos-acciones.test.ts;acciones seguras de Gastos operador no puede registrar gastos;passed;14.135099999999966;"Local; función/componente/acción con dependencias simuladas. No prueba SQL ni navegador E2E."
tests/integracion/gastos-acciones.test.ts;acciones seguras de Gastos vendedor no puede registrar gastos;passed;1.40949999999998;"Local; función/componente/acción con dependencias simuladas. No prueba SQL ni navegador E2E."
tests/integracion/gastos-acciones.test.ts;acciones seguras de Gastos contador registra un gasto mediante servicio y auditoría;passed;5.664899999999989;"Local; función/componente/acción con dependencias simuladas. No prueba SQL ni navegador E2E."
tests/integracion/gastos-acciones.test.ts;acciones seguras de Gastos usuario sin permiso no puede cambiar el estado;passed;1.7753000000000156;"Local; función/componente/acción con dependencias simuladas. No prueba SQL ni navegador E2E."
tests/integracion/gastos-acciones.test.ts;acciones seguras de Gastos operador y vendedor no pueden consultar rentabilidad;passed;1.4716999999999416;"Local; función/componente/acción con dependencias simuladas. No prueba SQL ni navegador E2E."
tests/integracion/gastos-acciones.test.ts;acciones seguras de Gastos contador cambia estado con compare-and-set y auditoría;passed;1.306100000000015;"Local; función/componente/acción con dependencias simuladas. No prueba SQL ni navegador E2E."
tests/integracion/ordenes-acciones.test.ts;seguridad de acciones de órdenes un usuario sin aprobar_ordenes no puede cambiar el estado de una OP;passed;11.059200000000033;"Local; función/componente/acción con dependencias simuladas. No prueba SQL ni navegador E2E."
tests/integracion/ordenes-acciones.test.ts;seguridad de acciones de órdenes un usuario sin permiso adicional no puede cancelar una OP en proceso;passed;1.1385000000000218;"Local; función/componente/acción con dependencias simuladas. No prueba SQL ni navegador E2E."
tests/integracion/ordenes-acciones.test.ts;seguridad de acciones de órdenes no permite invocar el consumo atómico sin gestionar_inventario;passed;2.060600000000022;"Local; función/componente/acción con dependencias simuladas. No prueba SQL ni navegador E2E."
tests/integracion/ordenes-acciones.test.ts;seguridad de acciones de órdenes rechaza una marca de tiempo cuyo operador no coincide con la sesión PIN;passed;1.6608999999999696;"Local; función/componente/acción con dependencias simuladas. No prueba SQL ni navegador E2E."
tests/integracion/ordenes-acciones.test.ts;seguridad de acciones de órdenes registra tiempo solo después de validar la sesión PIN vigente y audita;passed;5.083599999999933;"Local; función/componente/acción con dependencias simuladas. No prueba SQL ni navegador E2E."
tests/integracion/produccion-sesiones.test.ts;acciones seguras de sesiones de Producción no inicia una sesión si la cookie HMAC de operador no es válida;passed;10.98849999999993;"Local; función/componente/acción con dependencias simuladas. No prueba SQL ni navegador E2E."
tests/integracion/produccion-sesiones.test.ts;acciones seguras de sesiones de Producción inicia con la identidad HMAC y la audita sin aceptar operador del navegador;passed;5.52980000000025;"Local; función/componente/acción con dependencias simuladas. No prueba SQL ni navegador E2E."
tests/integracion/produccion-sesiones.test.ts;acciones seguras de sesiones de Producción rechaza el cierre si el PIN no vuelve a confirmar al operador HMAC;passed;3.4312999999997373;"Local; función/componente/acción con dependencias simuladas. No prueba SQL ni navegador E2E."
tests/integracion/produccion-sesiones.test.ts;acciones seguras de sesiones de Producción cierra solo después de HMAC y PIN coincidentes, y audita el resultado;passed;2.46120000000019;"Local; función/componente/acción con dependencias simuladas. No prueba SQL ni navegador E2E."
tests/integracion/produccion-sesiones.test.ts;acciones seguras de sesiones de Producción no genera una entrega para un usuario sin gestionar_produccion;passed;2.561200000000099;"Local; función/componente/acción con dependencias simuladas. No prueba SQL ni navegador E2E."
tests/integracion/produccion-sesiones.test.ts;acciones seguras de sesiones de Producción genera una entrega con identidad de servidor y sin precios;passed;1.4682999999999993;"Local; función/componente/acción con dependencias simuladas. No prueba SQL ni navegador E2E."
tests/unitarias/autenticacion.test.ts;can() — verificación de permisos (fast-path, sin BD) admin tiene cualquier permiso aunque su lista de permisos esté vacía;passed;6.157100000000014;"Local; función/componente/acción con dependencias simuladas. No prueba SQL ni navegador E2E."
tests/unitarias/autenticacion.test.ts;can() — verificación de permisos (fast-path, sin BD) admin tiene permisos arbitrarios no listados;passed;0.44049999999992906;"Local; función/componente/acción con dependencias simuladas. No prueba SQL ni navegador E2E."
tests/unitarias/autenticacion.test.ts;can() — verificación de permisos (fast-path, sin BD) vendedor con permisos resueltos: true para los que tiene en la lista;passed;0.3916999999999007;"Local; función/componente/acción con dependencias simuladas. No prueba SQL ni navegador E2E."
tests/unitarias/autenticacion.test.ts;can() — verificación de permisos (fast-path, sin BD) vendedor con permisos resueltos: false para los que NO tiene en la lista;passed;0.4977999999999838;"Local; función/componente/acción con dependencias simuladas. No prueba SQL ni navegador E2E."
tests/unitarias/autenticacion.test.ts;can() — verificación de permisos (fast-path, sin BD) operador con un solo permiso: true solo para ese permiso;passed;0.5533000000000357;"Local; función/componente/acción con dependencias simuladas. No prueba SQL ni navegador E2E."
tests/unitarias/clientes-crear-accion.test.ts;crearClienteAccion crea el cliente y registra la mutación en la bitácora;passed;16.35239999999999;"Local; función/componente/acción con dependencias simuladas. No prueba SQL ni navegador E2E."
tests/unitarias/clientes-crear-accion.test.ts;crearClienteAccion sin permiso ver_clientes: no crea ni registra;passed;1.749400000000037;"Local; función/componente/acción con dependencias simuladas. No prueba SQL ni navegador E2E."
tests/unitarias/clientes-crear-accion.test.ts;crearClienteAccion sin sesión: rechaza antes de tocar la base de datos;passed;1.080699999999979;"Local; función/componente/acción con dependencias simuladas. No prueba SQL ni navegador E2E."
tests/unitarias/clientes-crear-accion.test.ts;crearClienteAccion entrada inválida (razón social vacía): error de validación;passed;1.9669999999999845;"Local; función/componente/acción con dependencias simuladas. No prueba SQL ni navegador E2E."
tests/unitarias/clientes-credito.test.ts;verificarCredito crédito dentro del límite: no excedido;passed;5.048800000000028;"Local; función/componente/acción con dependencias simuladas. No prueba SQL ni navegador E2E."
tests/unitarias/clientes-credito.test.ts;verificarCredito crédito sobrepasado: excedido y disponible negativo;passed;0.5037999999999556;"Local; función/componente/acción con dependencias simuladas. No prueba SQL ni navegador E2E."
tests/unitarias/clientes-credito.test.ts;verificarCredito el saldo a favor suma al crédito disponible;passed;0.4378000000000384;"Local; función/componente/acción con dependencias simuladas. No prueba SQL ni navegador E2E."
tests/unitarias/clientes-credito.test.ts;verificarCredito justo en el límite no está excedido;passed;0.3123000000000502;"Local; función/componente/acción con dependencias simuladas. No prueba SQL ni navegador E2E."
tests/unitarias/clientes-credito.test.ts;verificarCredito sanea entradas negativas o inválidas a 0;passed;1.2971999999999753;"Local; función/componente/acción con dependencias simuladas. No prueba SQL ni navegador E2E."
tests/unitarias/clientes-tier.test.ts;tierPorConsumo asigna el tier por umbral acumulado;passed;4.954800000000034;"Local; función/componente/acción con dependencias simuladas. No prueba SQL ni navegador E2E."
tests/unitarias/clientes-tier.test.ts;tierPorConsumo sanea consumos inválidos a bronce;passed;0.5006999999999948;"Local; función/componente/acción con dependencias simuladas. No prueba SQL ni navegador E2E."
tests/unitarias/clientes-tier.test.ts;descuentoDeTier mapea cada tier a su descuento;passed;0.5054000000000087;"Local; función/componente/acción con dependencias simuladas. No prueba SQL ni navegador E2E."
tests/unitarias/clientes-tier.test.ts;calcularTier el tier manual vigente manda sobre el consumo;passed;1.5032999999999674;"Local; función/componente/acción con dependencias simuladas. No prueba SQL ni navegador E2E."
tests/unitarias/clientes-tier.test.ts;calcularTier el tier manual vencido cae al automático por consumo;passed;0.43889999999998963;"Local; función/componente/acción con dependencias simuladas. No prueba SQL ni navegador E2E."
tests/unitarias/clientes-tier.test.ts;calcularTier sin tier manual usa el consumo;passed;0.3846999999999525;"Local; función/componente/acción con dependencias simuladas. No prueba SQL ni navegador E2E."
tests/unitarias/clientes-tier.test.ts;calcularTier tier manual sin caducidad no aplica (se ignora);passed;0.3749000000000251;"Local; función/componente/acción con dependencias simuladas. No prueba SQL ni navegador E2E."
tests/unitarias/cobranza-aging.test.ts;convertirPagoAMonedaCuenta convierte un pago MXN a una cuenta USD de forma determinista;passed;3.4827000000000226;"Local; función/componente/acción con dependencias simuladas. No prueba SQL ni navegador E2E."
tests/unitarias/cobranza-aging.test.ts;convertirPagoAMonedaCuenta convierte un pago USD a una cuenta MXN;passed;2.063099999999963;"Local; función/componente/acción con dependencias simuladas. No prueba SQL ni navegador E2E."
tests/unitarias/cobranza-aging.test.ts;convertirPagoAMonedaCuenta devuelve null ante entradas no positivas, no finitas o divisor cero;passed;1.026899999999955;"Local; función/componente/acción con dependencias simuladas. No prueba SQL ni navegador E2E."
tests/unitarias/cobranza-aging.test.ts;convertirAMxn convierte importe por tipo de cambio;passed;0.7757000000000289;"Local; función/componente/acción con dependencias simuladas. No prueba SQL ni navegador E2E."
tests/unitarias/cobranza-aging.test.ts;convertirAMxn devuelve null ante importe negativo o tipo de cambio no positivo;passed;0.5133999999999332;"Local; función/componente/acción con dependencias simuladas. No prueba SQL ni navegador E2E."
tests/unitarias/cobranza-aging.test.ts;calcularDiasVencidos y clasificarBucketAging devuelve null si alguna fecha es inválida;passed;0.4999000000000251;"Local; función/componente/acción con dependencias simuladas. No prueba SQL ni navegador E2E."
tests/unitarias/cobranza-aging.test.ts;calcularDiasVencidos y clasificarBucketAging clasifica cada rango en su bucket;passed;0.8703000000000429;"Local; función/componente/acción con dependencias simuladas. No prueba SQL ni navegador E2E."
tests/unitarias/cobranza-aging.test.ts;calcularAgingCliente distribuye cuentas MXN en todos los buckets;passed;2.9968000000000075;"Local; función/componente/acción con dependencias simuladas. No prueba SQL ni navegador E2E."
tests/unitarias/cobranza-aging.test.ts;calcularAgingCliente excluye cuentas pagadas y canceladas;passed;0.5944000000000642;"Local; función/componente/acción con dependencias simuladas. No prueba SQL ni navegador E2E."
tests/unitarias/cobranza-aging.test.ts;calcularAgingCliente convierte cuentas USD a MXN con el tipo de cambio de origen;passed;0.5089000000000397;"Local; función/componente/acción con dependencias simuladas. No prueba SQL ni navegador E2E."
tests/unitarias/cobranza-aging.test.ts;calcularAgingCliente ignora fechas inválidas y tipos de cambio no convertibles sin producir NaN/Infinity;passed;0.6102000000000771;"Local; función/componente/acción con dependencias simuladas. No prueba SQL ni navegador E2E."
tests/unitarias/cobranza-aging.test.ts;calcularAgingCliente solo considera cuentas del cliente solicitado;passed;0.27099999999995816;"Local; función/componente/acción con dependencias simuladas. No prueba SQL ni navegador E2E."
tests/unitarias/cobranza-aging.test.ts;calcularAgingPorCliente devuelve un resumen por cliente en orden estable;passed;1.057100000000105;"Local; función/componente/acción con dependencias simuladas. No prueba SQL ni navegador E2E."
tests/unitarias/cobranza-esquemas.test.ts;esquemaCrearCuentaPorCobrar acepta una cuenta válida con y sin folio;passed;13.78060000000005;"Local; función/componente/acción con dependencias simuladas. No prueba SQL ni navegador E2E."
tests/unitarias/cobranza-esquemas.test.ts;esquemaCrearCuentaPorCobrar rechaza UUID, moneda y fecha inválidos;passed;15.340399999999931;"Local; función/componente/acción con dependencias simuladas. No prueba SQL ni navegador E2E."
tests/unitarias/cobranza-esquemas.test.ts;esquemaCrearCuentaPorCobrar rechaza montos no positivos, con más de 4 decimales o no finitos;passed;2.463899999999967;"Local; función/componente/acción con dependencias simuladas. No prueba SQL ni navegador E2E."
tests/unitarias/cobranza-esquemas.test.ts;esquemaCrearCuentaPorCobrar rechaza claves inesperadas;passed;0.7111999999999625;"Local; función/componente/acción con dependencias simuladas. No prueba SQL ni navegador E2E."
tests/unitarias/cobranza-esquemas.test.ts;esquemaRegistrarPago acepta un pago externo válido;passed;1.8734999999999218;"Local; función/componente/acción con dependencias simuladas. No prueba SQL ni navegador E2E."
tests/unitarias/cobranza-esquemas.test.ts;esquemaRegistrarPago exige solicitudId UUID para idempotencia;passed;2.945699999999988;"Local; función/componente/acción con dependencias simuladas. No prueba SQL ni navegador E2E."
tests/unitarias/cobranza-esquemas.test.ts;esquemaRegistrarPago rechaza el método interno saldo_a_favor y métodos desconocidos;passed;1.31699999999978;"Local; función/componente/acción con dependencias simuladas. No prueba SQL ni navegador E2E."
tests/unitarias/cobranza-esquemas.test.ts;esquemaRegistrarPago rechaza monto cero/negativo y claves inesperadas;passed;4.21530000000007;"Local; función/componente/acción con dependencias simuladas. No prueba SQL ni navegador E2E."
tests/unitarias/cobranza-esquemas.test.ts;esquemaAplicarSaldoFavor acepta una aplicación válida;passed;1.886299999999892;"Local; función/componente/acción con dependencias simuladas. No prueba SQL ni navegador E2E."
tests/unitarias/cobranza-esquemas.test.ts;esquemaAplicarSaldoFavor rechaza monto no positivo, precisión excesiva y solicitud inválida;passed;1.4086999999999534;"Local; función/componente/acción con dependencias simuladas. No prueba SQL ni navegador E2E."
tests/unitarias/cobranza-esquemas.test.ts;esquemaConsultarCartera acepta filtros vacíos y filtros válidos;passed;5.884199999999964;"Local; función/componente/acción con dependencias simuladas. No prueba SQL ni navegador E2E."
tests/unitarias/cobranza-esquemas.test.ts;esquemaConsultarCartera rechaza estados fuera del contrato y claves inesperadas;passed;1.360300000000052;"Local; función/componente/acción con dependencias simuladas. No prueba SQL ni navegador E2E."
tests/unitarias/cobranza-esquemas.test.ts;mappers de filas generadas mapea una cuenta uno a uno a camelCase con numeric convertido;passed;2.6508000000001175;"Local; función/componente/acción con dependencias simuladas. No prueba SQL ni navegador E2E."
tests/unitarias/cobranza-esquemas.test.ts;mappers de filas generadas rompe el mapeo ante un estado o moneda fuera del contrato;passed;2.1911999999999807;"Local; función/componente/acción con dependencias simuladas. No prueba SQL ni navegador E2E."
tests/unitarias/cobranza-esquemas.test.ts;mappers de filas generadas mapea un pago conservando distribución y método;passed;1.2205000000001291;"Local; función/componente/acción con dependencias simuladas. No prueba SQL ni navegador E2E."
tests/unitarias/cobranza-esquemas.test.ts;mappers de filas generadas mapea un movimiento MXN y rechaza otra moneda;passed;1.0509999999999309;"Local; función/componente/acción con dependencias simuladas. No prueba SQL ni navegador E2E."
tests/unitarias/cobranza-tienda.test.ts;usarTiendaCobranza mantiene filtros y selección separados de la cartera de servidor;passed;5.762400000000071;"Local; función/componente/acción con dependencias simuladas. No prueba SQL ni navegador E2E."
tests/unitarias/cobranza-tienda.test.ts;usarTiendaCobranza incrementa la revisión tras una mutación para refetch, sin copiar saldos;passed;2.5342000000000553;"Local; función/componente/acción con dependencias simuladas. No prueba SQL ni navegador E2E."
tests/unitarias/comentarios-esquemas.test.ts;esquemas de comentarios acepta comentario contextual y aplica menciones vacías por defecto;passed;7.941100000000006;"Local; función/componente/acción con dependencias simuladas. No prueba SQL ni navegador E2E."
tests/unitarias/comentarios-esquemas.test.ts;esquemas de comentarios rechaza entidad, texto, menciones y campos desconocidos inválidos;passed;7.950399999999945;"Local; función/componente/acción con dependencias simuladas. No prueba SQL ni navegador E2E."
tests/unitarias/comentarios-esquemas.test.ts;esquemas de comentarios valida consultas y borrado lógico con UUID;passed;2.407199999999989;"Local; función/componente/acción con dependencias simuladas. No prueba SQL ni navegador E2E."
tests/unitarias/comentarios-menciones-correo.test.ts;correo de menciones en comentarios construye el enlace interno por tipo de entidad;passed;5.904600000000755;"Local; función/componente/acción con dependencias simuladas. No prueba SQL ni navegador E2E."
tests/unitarias/comentarios-menciones-correo.test.ts;correo de menciones en comentarios escapa el HTML del comentario y del autor;passed;6.867400000000089;"Local; función/componente/acción con dependencias simuladas. No prueba SQL ni navegador E2E."
tests/unitarias/comentarios-menciones-correo.test.ts;correo de menciones en comentarios envía un correo por mención activa y excluye al autor;passed;84.88270000000011;"Local; función/componente/acción con dependencias simuladas. No prueba SQL ni navegador E2E."
tests/unitarias/comentarios-menciones-correo.test.ts;correo de menciones en comentarios no envía nada cuando solo se mencionó al autor;passed;1.6875;"Local; función/componente/acción con dependencias simuladas. No prueba SQL ni navegador E2E."
tests/unitarias/comentarios-menciones-correo.test.ts;correo de menciones en comentarios no interrumpe el flujo cuando el proveedor falla;passed;2.2528000000002066;"Local; función/componente/acción con dependencias simuladas. No prueba SQL ni navegador E2E."
tests/unitarias/comentarios-parser.test.ts;parser de menciones y sanitización resuelve varias menciones conocidas sin duplicarlas;passed;10.1404;"Local; función/componente/acción con dependencias simuladas. No prueba SQL ni navegador E2E."
tests/unitarias/comentarios-parser.test.ts;parser de menciones y sanitización escapa etiquetas y atributos HTML antes de devolver el texto;passed;1.7160000000000082;"Local; función/componente/acción con dependencias simuladas. No prueba SQL ni navegador E2E."
tests/unitarias/comentarios-parser.test.ts;parser de menciones y sanitización ignora menciones inexistentes o nombres que son prefijo de otro;passed;1.7776999999999816;"Local; función/componente/acción con dependencias simuladas. No prueba SQL ni navegador E2E."
tests/unitarias/configuracion-esquemas.test.ts;esquemas de configuración acepta datos fiscales válidos y normaliza RFC;passed;37.52089999999998;"Local; función/componente/acción con dependencias simuladas. No prueba SQL ni navegador E2E."
tests/unitarias/configuracion-esquemas.test.ts;esquemas de configuración rechaza RFC, correo y propiedades desconocidas;passed;8.527799999999957;"Local; función/componente/acción con dependencias simuladas. No prueba SQL ni navegador E2E."
tests/unitarias/configuracion-esquemas.test.ts;esquemas de configuración rechaza tarifas negativas, no finitas o fuera de rango;passed;2.8952000000000453;"Local; función/componente/acción con dependencias simuladas. No prueba SQL ni navegador E2E."
tests/unitarias/configuracion-esquemas.test.ts;esquemas de configuración valida cuentas en MXN/USD y CLABE de 18 dígitos;passed;2.9313000000000784;"Local; función/componente/acción con dependencias simuladas. No prueba SQL ni navegador E2E."
tests/unitarias/configuracion-esquemas.test.ts;esquemas de configuración valida plantillas y áreas con formato estricto;passed;3.2022000000000617;"Local; función/componente/acción con dependencias simuladas. No prueba SQL ni navegador E2E."
tests/unitarias/configuracion-esquemas.test.ts;esquemas de configuración valida tipo de cambio positivo y finito;passed;1.0780999999999494;"Local; función/componente/acción con dependencias simuladas. No prueba SQL ni navegador E2E."
tests/unitarias/configuracion-servicio.test.ts;servicio central de configuración devuelve fallbacks completos cuando la fila aún no existe;passed;5.520199999999932;"Local; función/componente/acción con dependencias simuladas. No prueba SQL ni navegador E2E."
tests/unitarias/configuracion-servicio.test.ts;servicio central de configuración fusiona bloques parciales sin perder los valores faltantes;passed;2.661200000000008;"Local; función/componente/acción con dependencias simuladas. No prueba SQL ni navegador E2E."
tests/unitarias/configuracion-servicio.test.ts;servicio central de configuración descarta valores numéricos no finitos o incompatibles;passed;0.5463999999999487;"Local; función/componente/acción con dependencias simuladas. No prueba SQL ni navegador E2E."
tests/unitarias/configuracion-servicio.test.ts;servicio central de configuración acepta una plantilla raíz histórica y la expone como T1;passed;0.49069999999994707;"Local; función/componente/acción con dependencias simuladas. No prueba SQL ni navegador E2E."
tests/unitarias/configuracion-servicio.test.ts;servicio central de configuración mantiene la frontera tipada del cliente Supabase;passed;0.3348000000000866;"Local; función/componente/acción con dependencias simuladas. No prueba SQL ni navegador E2E."
tests/unitarias/correo-transaccional.test.ts;correo transaccional con Brevo envía el correo y devuelve el identificador del proveedor;passed;83.69320000000062;"Local; función/componente/acción con dependencias simuladas. No prueba SQL ni navegador E2E."
tests/unitarias/correo-transaccional.test.ts;correo transaccional con Brevo falla cerrado sin configuración y con solicitudes inválidas;passed;4.985799999999472;"Local; función/componente/acción con dependencias simuladas. No prueba SQL ni navegador E2E."
tests/unitarias/correo-transaccional.test.ts;correo transaccional con Brevo reporta proveedor no disponible y tiempo agotado;passed;27.908400000000256;"Local; función/componente/acción con dependencias simuladas. No prueba SQL ni navegador E2E."
tests/unitarias/dashboard-esquemas.test.ts;esquemaFiltroPeriodo acepta un rango ISO y enum de periodo válidos;passed;7.093399999999974;"Local; función/componente/acción con dependencias simuladas. No prueba SQL ni navegador E2E."
tests/unitarias/dashboard-esquemas.test.ts;esquemaFiltroPeriodo acepta el periodo hoy;passed;0.6977000000000544;"Local; función/componente/acción con dependencias simuladas. No prueba SQL ni navegador E2E."
tests/unitarias/dashboard-esquemas.test.ts;esquemaFiltroPeriodo acepta el periodo semana_actual;passed;0.4400999999999158;"Local; función/componente/acción con dependencias simuladas. No prueba SQL ni navegador E2E."
tests/unitarias/dashboard-esquemas.test.ts;esquemaFiltroPeriodo acepta el periodo mes_actual;passed;0.4560000000000173;"Local; función/componente/acción con dependencias simuladas. No prueba SQL ni navegador E2E."
tests/unitarias/dashboard-esquemas.test.ts;esquemaFiltroPeriodo acepta el periodo anio_actual;passed;0.5405000000000655;"Local; función/componente/acción con dependencias simuladas. No prueba SQL ni navegador E2E."
tests/unitarias/dashboard-esquemas.test.ts;esquemaFiltroPeriodo acepta el periodo personalizado;passed;0.4411000000000058;"Local; función/componente/acción con dependencias simuladas. No prueba SQL ni navegador E2E."
tests/unitarias/dashboard-esquemas.test.ts;esquemaFiltroPeriodo rechaza fechas con formato no ISO;passed;7.511200000000031;"Local; función/componente/acción con dependencias simuladas. No prueba SQL ni navegador E2E."
tests/unitarias/dashboard-esquemas.test.ts;esquemaFiltroPeriodo rechaza un intervalo invertido o de duración excesiva;passed;1.1264999999999645;"Local; función/componente/acción con dependencias simuladas. No prueba SQL ni navegador E2E."
tests/unitarias/dashboard-esquemas.test.ts;esquemaFiltroPeriodo rechaza enums desconocidos y propiedades extra;passed;1.2977999999999383;"Local; función/componente/acción con dependencias simuladas. No prueba SQL ni navegador E2E."
tests/unitarias/dashboard-mappers.test.ts;mappers del dashboard mapea métricas ejecutivas y descarta campos no contractuales;passed;6.41840000000002;"Local; función/componente/acción con dependencias simuladas. No prueba SQL ni navegador E2E."
tests/unitarias/dashboard-mappers.test.ts;mappers del dashboard rechaza números no finitos en la respuesta del RPC;passed;2.0319999999999823;"Local; función/componente/acción con dependencias simuladas. No prueba SQL ni navegador E2E."
tests/unitarias/dashboard-mappers.test.ts;mappers del dashboard mantiene el alcance exclusivo del vendedor y exige su identificador;passed;1.1485999999999876;"Local; función/componente/acción con dependencias simuladas. No prueba SQL ni navegador E2E."
tests/unitarias/dashboard-tendencias.test.ts;calcularVariacionPorcentaje calcula crecimiento y tendencia al alza;passed;4.304899999999975;"Local; función/componente/acción con dependencias simuladas. No prueba SQL ni navegador E2E."
tests/unitarias/dashboard-tendencias.test.ts;calcularVariacionPorcentaje calcula reducción con denominador absoluto;passed;0.5948000000000775;"Local; función/componente/acción con dependencias simuladas. No prueba SQL ni navegador E2E."
tests/unitarias/dashboard-tendencias.test.ts;calcularVariacionPorcentaje devuelve neutro cuando ambos periodos son iguales o cero;passed;0.45650000000000546;"Local; función/componente/acción con dependencias simuladas. No prueba SQL ni navegador E2E."
tests/unitarias/dashboard-tendencias.test.ts;calcularVariacionPorcentaje evita Infinity cuando el periodo anterior es cero;passed;0.44670000000007803;"Local; función/componente/acción con dependencias simuladas. No prueba SQL ni navegador E2E."
tests/unitarias/dashboard-tendencias.test.ts;calcularVariacionPorcentaje normaliza entradas no finitas y siempre devuelve un resultado finito;passed;0.6930999999999585;"Local; función/componente/acción con dependencias simuladas. No prueba SQL ni navegador E2E."
tests/unitarias/esquemas.test.ts;esquemaIniciarSesion email inválido falla;passed;7.112999999999943;"Local; función/componente/acción con dependencias simuladas. No prueba SQL ni navegador E2E."
tests/unitarias/esquemas.test.ts;esquemaIniciarSesion contraseña menor a 8 caracteres falla;passed;0.8437000000000126;"Local; función/componente/acción con dependencias simuladas. No prueba SQL ni navegador E2E."
tests/unitarias/esquemas.test.ts;esquemaIniciarSesion entrada válida pasa;passed;0.4250000000000682;"Local; función/componente/acción con dependencias simuladas. No prueba SQL ni navegador E2E."
tests/unitarias/esquemas.test.ts;esquemaIniciarSesion normaliza el email a minúsculas;passed;0.4591000000000349;"Local; función/componente/acción con dependencias simuladas. No prueba SQL ni navegador E2E."
tests/unitarias/esquemas.test.ts;esquemaValidarPin PIN de 3 dígitos falla;passed;1.2396999999999707;"Local; función/componente/acción con dependencias simuladas. No prueba SQL ni navegador E2E."
tests/unitarias/esquemas.test.ts;esquemaValidarPin PIN de 7 dígitos falla;passed;0.8292999999999893;"Local; función/componente/acción con dependencias simuladas. No prueba SQL ni navegador E2E."
tests/unitarias/esquemas.test.ts;esquemaValidarPin PIN con letras falla;passed;0.7493999999999232;"Local; función/componente/acción con dependencias simuladas. No prueba SQL ni navegador E2E."
tests/unitarias/esquemas.test.ts;esquemaValidarPin PIN '1234' (mínimo) pasa;passed;0.5148000000000366;"Local; función/componente/acción con dependencias simuladas. No prueba SQL ni navegador E2E."
tests/unitarias/esquemas.test.ts;esquemaValidarPin PIN '123456' (máximo) pasa;passed;0.5284000000000333;"Local; función/componente/acción con dependencias simuladas. No prueba SQL ni navegador E2E."
tests/unitarias/gastos-esquemas.test.ts;esquemaRegistrarGasto acepta gasto indirecto y gasto directo;passed;11.706699999999955;"Local; función/componente/acción con dependencias simuladas. No prueba SQL ni navegador E2E."
tests/unitarias/gastos-esquemas.test.ts;esquemaRegistrarGasto acepta las categorías contractuales;passed;2.888500000000022;"Local; función/componente/acción con dependencias simuladas. No prueba SQL ni navegador E2E."
tests/unitarias/gastos-esquemas.test.ts;esquemaRegistrarGasto rechaza negativos, no finitos y total incoherente;passed;2.984800000000064;"Local; función/componente/acción con dependencias simuladas. No prueba SQL ni navegador E2E."
tests/unitarias/gastos-esquemas.test.ts;esquemaRegistrarGasto exige tipo de cambio positivo y 1 para MXN;passed;2.84579999999994;"Local; función/componente/acción con dependencias simuladas. No prueba SQL ni navegador E2E."
tests/unitarias/gastos-esquemas.test.ts;esquemaRegistrarGasto rechaza UUID, fecha, URL y claves fuera del contrato;passed;3.484100000000012;"Local; función/componente/acción con dependencias simuladas. No prueba SQL ni navegador E2E."
tests/unitarias/gastos-esquemas.test.ts;esquemaRegistrarGasto rechaza vencimiento anterior al gasto y acepta datos OCR JSON;passed;1.6623999999999342;"Local; función/componente/acción con dependencias simuladas. No prueba SQL ni navegador E2E."
tests/unitarias/gastos-esquemas.test.ts;consultas y cambio de estado valida filtros de fecha y transición;passed;2.7099000000000615;"Local; función/componente/acción con dependencias simuladas. No prueba SQL ni navegador E2E."
tests/unitarias/gastos-esquemas.test.ts;comprobante OCR acepta imágenes y rechaza PDF, MIME o base64 inválidos;passed;2.0669000000000324;"Local; función/componente/acción con dependencias simuladas. No prueba SQL ni navegador E2E."
tests/unitarias/gastos-esquemas.test.ts;comprobante OCR valida salida estricta, nulabilidad y coherencia de importes;passed;4.389700000000062;"Local; función/componente/acción con dependencias simuladas. No prueba SQL ni navegador E2E."
tests/unitarias/gastos-esquemas.test.ts;filaAGasto convierte numeric a número y snake_case a camelCase;passed;1.0152000000000498;"Local; función/componente/acción con dependencias simuladas. No prueba SQL ni navegador E2E."
tests/unitarias/gastos-esquemas.test.ts;filaAGasto rompe ante enum o importe ilegible;passed;2.405300000000011;"Local; función/componente/acción con dependencias simuladas. No prueba SQL ni navegador E2E."
tests/unitarias/gastos-ocr.test.ts;OCR de comprobantes con OpenRouter calcula bytes base64 y extrae JSON rodeado de cercas;passed;5.592400000000453;"Local; función/componente/acción con dependencias simuladas. No prueba SQL ni navegador E2E."
tests/unitarias/gastos-ocr.test.ts;OCR de comprobantes con OpenRouter envía la imagen a OpenRouter y valida la respuesta tipada;passed;98.9969000000001;"Local; función/componente/acción con dependencias simuladas. No prueba SQL ni navegador E2E."
tests/unitarias/gastos-ocr.test.ts;OCR de comprobantes con OpenRouter rechaza PDF (solo imágenes), configuración ausente y entrada inválida;passed;7.948199999999815;"Local; función/componente/acción con dependencias simuladas. No prueba SQL ni navegador E2E."
tests/unitarias/gastos-ocr.test.ts;OCR de comprobantes con OpenRouter rechaza tamaño excedido, proveedor no disponible y salida ilegible;passed;10.531500000000051;"Local; función/componente/acción con dependencias simuladas. No prueba SQL ni navegador E2E."
tests/unitarias/gastos-ocr.test.ts;OCR de comprobantes con OpenRouter mantiene el timeout activo mientras se lee la respuesta del proveedor;passed;39.83569999999963;"Local; función/componente/acción con dependencias simuladas. No prueba SQL ni navegador E2E."
tests/unitarias/gastos-rentabilidad.test.ts;conversiones y materiales convierte USD y rechaza valores no finitos;passed;3.4308999999999514;"Local; función/componente/acción con dependencias simuladas. No prueba SQL ni navegador E2E."
tests/unitarias/gastos-rentabilidad.test.ts;conversiones y materiales valúa usada más scrap con el CPP del momento;passed;1.5464000000000624;"Local; función/componente/acción con dependencias simuladas. No prueba SQL ni navegador E2E."
tests/unitarias/gastos-rentabilidad.test.ts;conversiones y materiales suma CPP distinto y descarta cantidades inválidas;passed;0.48879999999996926;"Local; función/componente/acción con dependencias simuladas. No prueba SQL ni navegador E2E."
tests/unitarias/gastos-rentabilidad.test.ts;mano de obra y gastos multiplica horas netas por tarifa histórica y cuenta faltantes;passed;0.5697999999999865;"Local; función/componente/acción con dependencias simuladas. No prueba SQL ni navegador E2E."
tests/unitarias/gastos-rentabilidad.test.ts;mano de obra y gastos suma solo gastos de la orden y excluye cancelados/indirectos;passed;0.7461000000000695;"Local; función/componente/acción con dependencias simuladas. No prueba SQL ni navegador E2E."
tests/unitarias/gastos-rentabilidad.test.ts;margen y rentabilidad calcula ingreso explícito de CxC en MXN y margen;passed;0.7495000000000118;"Local; función/componente/acción con dependencias simuladas. No prueba SQL ni navegador E2E."
tests/unitarias/gastos-rentabilidad.test.ts;margen y rentabilidad agrega los cuatro componentes con merma y redondeo;passed;2.7936999999999443;"Local; función/componente/acción con dependencias simuladas. No prueba SQL ni navegador E2E."
tests/unitarias/gastos-rentabilidad.test.ts;margen y rentabilidad sin CxC devuelve ingreso cero y margen no calculable;passed;1.2170999999999594;"Local; función/componente/acción con dependencias simuladas. No prueba SQL ni navegador E2E."
tests/unitarias/gastos-rentabilidad.test.ts;margen y rentabilidad nunca propaga NaN o Infinity y es determinista;passed;1.47300000000007;"Local; función/componente/acción con dependencias simuladas. No prueba SQL ni navegador E2E."
tests/unitarias/inventario-esquemas.test.ts;esquemaCrearMaterial acepta un material válido y aplica el default de merma (8%);passed;10.205600000000004;"Local; función/componente/acción con dependencias simuladas. No prueba SQL ni navegador E2E."
tests/unitarias/inventario-esquemas.test.ts;esquemaCrearMaterial acepta proveedorId con UUID válido;passed;0.9314000000000533;"Local; función/componente/acción con dependencias simuladas. No prueba SQL ni navegador E2E."
tests/unitarias/inventario-esquemas.test.ts;esquemaCrearMaterial rechaza factorConversion no positivo;passed;1.487600000000043;"Local; función/componente/acción con dependencias simuladas. No prueba SQL ni navegador E2E."
tests/unitarias/inventario-esquemas.test.ts;esquemaCrearMaterial rechaza categoría fuera del enum;passed;1.2524999999999409;"Local; función/componente/acción con dependencias simuladas. No prueba SQL ni navegador E2E."
tests/unitarias/inventario-esquemas.test.ts;esquemaCrearMaterial rechaza proveedorId que no es UUID;passed;1.1428999999999405;"Local; función/componente/acción con dependencias simuladas. No prueba SQL ni navegador E2E."
tests/unitarias/inventario-esquemas.test.ts;esquemaCrearMaterial rechaza costo negativo;passed;0.8009999999999309;"Local; función/componente/acción con dependencias simuladas. No prueba SQL ni navegador E2E."
tests/unitarias/inventario-esquemas.test.ts;esquemaEntradaInventario acepta una entrada válida;passed;1.434400000000096;"Local; función/componente/acción con dependencias simuladas. No prueba SQL ni navegador E2E."
tests/unitarias/inventario-esquemas.test.ts;esquemaEntradaInventario rechaza materialId inválido;passed;0.7586000000000013;"Local; función/componente/acción con dependencias simuladas. No prueba SQL ni navegador E2E."
tests/unitarias/inventario-esquemas.test.ts;esquemaEntradaInventario rechaza cantidad no positiva;passed;1.0027000000000044;"Local; función/componente/acción con dependencias simuladas. No prueba SQL ni navegador E2E."
tests/unitarias/inventario-esquemas.test.ts;esquemaEntradaInventario rechaza costo no positivo;passed;1.4289999999999736;"Local; función/componente/acción con dependencias simuladas. No prueba SQL ni navegador E2E."
tests/unitarias/inventario-esquemas.test.ts;esquemaCrearProveedor acepta un proveedor válido;passed;3.6609999999999445;"Local; función/componente/acción con dependencias simuladas. No prueba SQL ni navegador E2E."
tests/unitarias/inventario-esquemas.test.ts;esquemaCrearProveedor rechaza correo inválido (z.email v4);passed;1.1100999999999885;"Local; función/componente/acción con dependencias simuladas. No prueba SQL ni navegador E2E."
tests/unitarias/inventario-esquemas.test.ts;esquemaCrearProveedor rechaza RFC con formato inválido;passed;1.0652000000000044;"Local; función/componente/acción con dependencias simuladas. No prueba SQL ni navegador E2E."
tests/unitarias/inventario-esquemas.test.ts;esquemaCrearProveedor acepta RFC válido y lo normaliza a mayúsculas;passed;0.7102999999999611;"Local; función/componente/acción con dependencias simuladas. No prueba SQL ni navegador E2E."
tests/unitarias/inventario-hooks.test.ts;usarInventarioTienda (Zustand) actualiza y limpia los filtros de búsqueda y categoría;passed;4.733199999995122;"Local; función/componente/acción con dependencias simuladas. No prueba SQL ni navegador E2E."
tests/unitarias/inventario-hooks.test.ts;usarInventarioTienda (Zustand) gestiona apertura/cierre de modales y cambio de vista;passed;1.2865999999994528;"Local; función/componente/acción con dependencias simuladas. No prueba SQL ni navegador E2E."
tests/unitarias/inventario-hooks.test.ts;usarMutacionesInventario (TanStack Query) invalida la caché de inventario tras crear un material con éxito;passed;52.177999999999884;"Local; función/componente/acción con dependencias simuladas. No prueba SQL ni navegador E2E."
tests/unitarias/inventario-hooks.test.ts;usarMutacionesInventario (TanStack Query) invalida la caché tras registrar una entrada con éxito;passed;11.525800000003073;"Local; función/componente/acción con dependencias simuladas. No prueba SQL ni navegador E2E."
tests/unitarias/inventario-hooks.test.ts;usarMutacionesInventario (TanStack Query) una salida rechazada marca error y NO invalida la caché;passed;10.832300000001851;"Local; función/componente/acción con dependencias simuladas. No prueba SQL ni navegador E2E."
tests/unitarias/inventario-servicios.test.ts;calcularCostoPromedioPonderado (CPP) primer ingreso sin stock previo: el costo es el entrante;passed;3.7820999999999003;"Local; función/componente/acción con dependencias simuladas. No prueba SQL ni navegador E2E."
tests/unitarias/inventario-servicios.test.ts;calcularCostoPromedioPonderado (CPP) promedia stock previo y entrada (mismas cantidades);passed;0.4400999999999158;"Local; función/componente/acción con dependencias simuladas. No prueba SQL ni navegador E2E."
tests/unitarias/inventario-servicios.test.ts;calcularCostoPromedioPonderado (CPP) promedia ponderando por cantidad;passed;0.29349999999999454;"Local; función/componente/acción con dependencias simuladas. No prueba SQL ni navegador E2E."
tests/unitarias/inventario-servicios.test.ts;calcularCostoPromedioPonderado (CPP) caso con decimales;passed;0.4942999999999529;"Local; función/componente/acción con dependencias simuladas. No prueba SQL ni navegador E2E."
tests/unitarias/inventario-servicios.test.ts;conversión de unidades compra ↔ control convierte cantidad de compra a control con el factor;passed;0.4275000000000091;"Local; función/componente/acción con dependencias simuladas. No prueba SQL ni navegador E2E."
tests/unitarias/inventario-servicios.test.ts;conversión de unidades compra ↔ control deriva el costo por unidad de control desde el de compra;passed;0.3654000000000224;"Local; función/componente/acción con dependencias simuladas. No prueba SQL ni navegador E2E."
tests/unitarias/inventario-servicios.test.ts;conversión de unidades compra ↔ control factor inválido (<= 0) devuelve costo 0 (evita división por cero);passed;0.2948000000000093;"Local; función/componente/acción con dependencias simuladas. No prueba SQL ni navegador E2E."
tests/unitarias/inventario-servicios.test.ts;stockSuficiente permite salida menor o igual al stock;passed;0.4352000000000089;"Local; función/componente/acción con dependencias simuladas. No prueba SQL ni navegador E2E."
tests/unitarias/inventario-servicios.test.ts;stockSuficiente rechaza salida mayor al stock;passed;0.3609000000000151;"Local; función/componente/acción con dependencias simuladas. No prueba SQL ni navegador E2E."
tests/unitarias/inventario-servicios.test.ts;registrarMovimientoServicio — rechazo de salida sin stock rebota con ErrorInventario stock_insuficiente antes de tocar la RPC;passed;3.72320000000002;"Local; función/componente/acción con dependencias simuladas. No prueba SQL ni navegador E2E."
tests/unitarias/inventario-servicios.test.ts;registrarMovimientoServicio — rechazo de salida sin stock material inexistente rebota con material_inexistente;passed;0.8673000000000002;"Local; función/componente/acción con dependencias simuladas. No prueba SQL ni navegador E2E."
tests/unitarias/inventario-ui.test.ts;TablaMateriales renderiza los materiales con sus datos;passed;316.0066999999981;"Local; función/componente/acción con dependencias simuladas. No prueba SQL ni navegador E2E."
tests/unitarias/inventario-ui.test.ts;TablaMateriales muestra badge de alerta solo en materiales bajo el stock mínimo;passed;19.933199999999488;"Local; función/componente/acción con dependencias simuladas. No prueba SQL ni navegador E2E."
tests/unitarias/inventario-ui.test.ts;FormularioSalida — bloqueo de stock negativo deshabilita el envío y muestra error si la cantidad supera el stock;passed;220.3585000000021;"Local; función/componente/acción con dependencias simuladas. No prueba SQL ni navegador E2E."
tests/unitarias/inventario-ui.test.ts;FormularioSalida — bloqueo de stock negativo permite el envío cuando la cantidad no supera el stock;passed;52.82979999999952;"Local; función/componente/acción con dependencias simuladas. No prueba SQL ni navegador E2E."
tests/unitarias/limitar-intentos.test.ts;bloqueoVigente sin bloqueado_hasta → no vigente;passed;3.1113000000000284;"Local; función/componente/acción con dependencias simuladas. No prueba SQL ni navegador E2E."
tests/unitarias/limitar-intentos.test.ts;bloqueoVigente bloqueado_hasta en el futuro → vigente;passed;0.4514000000000351;"Local; función/componente/acción con dependencias simuladas. No prueba SQL ni navegador E2E."
tests/unitarias/limitar-intentos.test.ts;bloqueoVigente bloqueado_hasta en el pasado → no vigente;passed;0.4858000000000402;"Local; función/componente/acción con dependencias simuladas. No prueba SQL ni navegador E2E."
tests/unitarias/limitar-intentos.test.ts;bloqueoVigente bloqueado_hasta exactamente ahora → no vigente (borde estricto);passed;0.5833999999999833;"Local; función/componente/acción con dependencias simuladas. No prueba SQL ni navegador E2E."
tests/unitarias/ordenes-acciones.test.ts;crearOrdenManualAccion autoriza, crea por servicio transaccional y audita;passed;13.947900000000004;"Local; función/componente/acción con dependencias simuladas. No prueba SQL ni navegador E2E."
tests/unitarias/ordenes-acciones.test.ts;crearOrdenManualAccion rechaza una orden manual que intenta asociar una cotización;passed;1.7215999999999667;"Local; función/componente/acción con dependencias simuladas. No prueba SQL ni navegador E2E."
tests/unitarias/ordenes-acciones.test.ts;crearOrdenManualAccion no crea sin permiso de aprobación;passed;0.9433999999999969;"Local; función/componente/acción con dependencias simuladas. No prueba SQL ni navegador E2E."
tests/unitarias/ordenes-acciones.test.ts;cambiarEstadoOrdenAccion delegada la transición válida al servicio con bloqueo y audita;passed;2.3660999999999603;"Local; función/componente/acción con dependencias simuladas. No prueba SQL ni navegador E2E."
tests/unitarias/ordenes-acciones.test.ts;cambiarEstadoOrdenAccion no permite saltar de borrador a completada antes de tocar la base;passed;0.759900000000016;"Local; función/componente/acción con dependencias simuladas. No prueba SQL ni navegador E2E."
tests/unitarias/ordenes-acciones.test.ts;cambiarEstadoOrdenAccion exige permiso extra al cancelar una orden en proceso;passed;0.6721999999999753;"Local; función/componente/acción con dependencias simuladas. No prueba SQL ni navegador E2E."
tests/unitarias/ordenes-acciones.test.ts;cambiarEstadoOrdenAccion permite cancelar en proceso con su permiso específico y motivo;passed;0.670699999999897;"Local; función/componente/acción con dependencias simuladas. No prueba SQL ni navegador E2E."
tests/unitarias/ordenes-avance.test.ts;avance atómico de partidas acepta producción o scrap positivo y rechaza un avance vacío o negativo;passed;11.972699999999918;"Local; función/componente/acción con dependencias simuladas. No prueba SQL ni navegador E2E."
tests/unitarias/ordenes-avance.test.ts;avance atómico de partidas delegá la suma acumulada a la RPC de PostgreSQL con el operador validado;passed;5.375699999999938;"Local; función/componente/acción con dependencias simuladas. No prueba SQL ni navegador E2E."
tests/unitarias/ordenes-calculos.test.ts;calcularCppEntradaMaterialOrden reusa la fórmula de Inventario (mismo resultado con los mismos parámetros);passed;3.6902000000000044;"Local; función/componente/acción con dependencias simuladas. No prueba SQL ni navegador E2E."
tests/unitarias/ordenes-calculos.test.ts;calcularCppEntradaMaterialOrden promedia ponderando por cantidad;passed;0.5448999999999842;"Local; función/componente/acción con dependencias simuladas. No prueba SQL ni navegador E2E."
tests/unitarias/ordenes-calculos.test.ts;calcularCppEntradaMaterialOrden sin stock previo devuelve el costo entrante;passed;0.49710000000004584;"Local; función/componente/acción con dependencias simuladas. No prueba SQL ni navegador E2E."
tests/unitarias/ordenes-calculos.test.ts;calcularCppEntradaMaterialOrden sin stock previo ni entrada devuelve el costo entrante (no NaN);passed;0.522199999999998;"Local; función/componente/acción con dependencias simuladas. No prueba SQL ni navegador E2E."
tests/unitarias/ordenes-calculos.test.ts;calcularMermaAcumulada suma varios consumos y calcula el porcentaje de scrap;passed;2.1079999999999472;"Local; función/componente/acción con dependencias simuladas. No prueba SQL ni navegador E2E."
tests/unitarias/ordenes-calculos.test.ts;calcularMermaAcumulada sin registros devuelve todo en cero y porcentaje 0 (no NaN);passed;0.4380999999999631;"Local; función/componente/acción con dependencias simuladas. No prueba SQL ni navegador E2E."
tests/unitarias/ordenes-calculos.test.ts;calcularMermaAcumulada registros en cero: porcentaje 0, no división por cero;passed;0.5039000000000442;"Local; función/componente/acción con dependencias simuladas. No prueba SQL ni navegador E2E."
tests/unitarias/ordenes-calculos.test.ts;calcularMermaAcumulada producción sin scrap: porcentaje 0;passed;0.4352000000000089;"Local; función/componente/acción con dependencias simuladas. No prueba SQL ni navegador E2E."
tests/unitarias/ordenes-calculos.test.ts;calcularMermaAcumulada merma total: todo el consumo es scrap → 100%;passed;0.5295999999999594;"Local; función/componente/acción con dependencias simuladas. No prueba SQL ni navegador E2E."
tests/unitarias/ordenes-calculos.test.ts;calcularMermaAcumulada merma con decimales;passed;0.7009000000000469;"Local; función/componente/acción con dependencias simuladas. No prueba SQL ni navegador E2E."
tests/unitarias/ordenes-calculos.test.ts;calcularCostoRealMaterial cobra a la orden lo usado más el scrap;passed;0.35979999999995016;"Local; función/componente/acción con dependencias simuladas. No prueba SQL ni navegador E2E."
tests/unitarias/ordenes-calculos.test.ts;calcularCostoRealMaterial sin scrap solo cobra lo usado;passed;0.2297999999999547;"Local; función/componente/acción con dependencias simuladas. No prueba SQL ni navegador E2E."
tests/unitarias/ordenes-calculos.test.ts;calcularCostoRealMaterial cantidades en cero devuelven 0;passed;0.19509999999991123;"Local; función/componente/acción con dependencias simuladas. No prueba SQL ni navegador E2E."
tests/unitarias/ordenes-calculos.test.ts;calcularCostoRealMaterial costo unitario cero devuelve 0;passed;0.17239999999992506;"Local; función/componente/acción con dependencias simuladas. No prueba SQL ni navegador E2E."
tests/unitarias/ordenes-calculos.test.ts;calcularCostoRealMaterial el scrap encarece la orden frente al consumo neto;passed;0.2863999999999578;"Local; función/componente/acción con dependencias simuladas. No prueba SQL ni navegador E2E."
tests/unitarias/ordenes-calculos.test.ts;calcularDesviacionCosto sobrecosto: monto y porcentaje positivos;passed;0.390700000000038;"Local; función/componente/acción con dependencias simuladas. No prueba SQL ni navegador E2E."
tests/unitarias/ordenes-calculos.test.ts;calcularDesviacionCosto ahorro: monto y porcentaje negativos;passed;0.22480000000007294;"Local; función/componente/acción con dependencias simuladas. No prueba SQL ni navegador E2E."
tests/unitarias/ordenes-calculos.test.ts;calcularDesviacionCosto sin desviación: 0 y 0%;passed;0.21270000000004075;"Local; función/componente/acción con dependencias simuladas. No prueba SQL ni navegador E2E."
tests/unitarias/ordenes-calculos.test.ts;calcularDesviacionCosto estimado cero: porcentaje null (sin base de comparación);passed;0.2640999999999849;"Local; función/componente/acción con dependencias simuladas. No prueba SQL ni navegador E2E."
tests/unitarias/ordenes-calculos.test.ts;calcularDesviacionCosto estimado y real cero: monto 0 y porcentaje null;passed;0.25130000000001473;"Local; función/componente/acción con dependencias simuladas. No prueba SQL ni navegador E2E."
tests/unitarias/ordenes-calculos.test.ts;calcularDesviacionCosto flujo completo: merma → costo real → desviación sobre el estimado;passed;0.44049999999992906;"Local; función/componente/acción con dependencias simuladas. No prueba SQL ni navegador E2E."
tests/unitarias/ordenes-esquemas.test.ts;esquemaCrearOrden acepta una orden con cliente, compromiso y partidas válidas;passed;13.014600000000428;"Local; función/componente/acción con dependencias simuladas. No prueba SQL ni navegador E2E."
tests/unitarias/ordenes-esquemas.test.ts;esquemaCrearOrden rechaza UUID inválidos de cliente, cotización o material;passed;2.724600000000464;"Local; función/componente/acción con dependencias simuladas. No prueba SQL ni navegador E2E."
tests/unitarias/ordenes-esquemas.test.ts;esquemaCrearOrden rechaza cantidades no positivas y tiempos negativos;passed;1.5682999999999083;"Local; función/componente/acción con dependencias simuladas. No prueba SQL ni navegador E2E."
tests/unitarias/ordenes-esquemas.test.ts;esquemaCrearOrden aplica cero minutos estimados cuando no se proporciona;passed;0.9210000000002765;"Local; función/componente/acción con dependencias simuladas. No prueba SQL ni navegador E2E."
tests/unitarias/ordenes-esquemas.test.ts;esquemaCrearOrden rechaza una fecha de compromiso que no es ISO datetime;passed;3.1123999999999796;"Local; función/componente/acción con dependencias simuladas. No prueba SQL ni navegador E2E."
tests/unitarias/ordenes-esquemas.test.ts;esquemaCrearOrden rechaza una orden sin partidas;passed;1.5770000000002256;"Local; función/componente/acción con dependencias simuladas. No prueba SQL ni navegador E2E."
tests/unitarias/ordenes-esquemas.test.ts;esquemaCrearOrden rechaza prioridad fuera del enum;passed;2.7241000000003623;"Local; función/componente/acción con dependencias simuladas. No prueba SQL ni navegador E2E."
tests/unitarias/ordenes-esquemas.test.ts;esquemaCambiarEstadoOrden acepta los estados definidos para una orden;passed;1.8811000000005151;"Local; función/componente/acción con dependencias simuladas. No prueba SQL ni navegador E2E."
tests/unitarias/ordenes-esquemas.test.ts;esquemaCambiarEstadoOrden rechaza el UUID y los estados fuera de rango;passed;1.313199999999597;"Local; función/componente/acción con dependencias simuladas. No prueba SQL ni navegador E2E."
tests/unitarias/ordenes-esquemas.test.ts;esquemaCambiarEstadoOrden exige estadoActual explícito;passed;0.6592000000000553;"Local; función/componente/acción con dependencias simuladas. No prueba SQL ni navegador E2E."
tests/unitarias/ordenes-esquemas.test.ts;esquemaCambiarEstadoOrden acepta una cancelación con motivo de al menos 3 caracteres;passed;0.46489999999994325;"Local; función/componente/acción con dependencias simuladas. No prueba SQL ni navegador E2E."
tests/unitarias/ordenes-esquemas.test.ts;esquemaCambiarEstadoOrden rechaza una cancelación sin motivo o con motivo demasiado corto;passed;2.4547999999995227;"Local; función/componente/acción con dependencias simuladas. No prueba SQL ni navegador E2E."
tests/unitarias/ordenes-esquemas.test.ts;esquemaCambiarEstadoOrden no exige motivo cuando el destino no es cancelada;passed;0.5025999999998021;"Local; función/componente/acción con dependencias simuladas. No prueba SQL ni navegador E2E."
tests/unitarias/ordenes-esquemas.test.ts;esquemaRegistrarTiempoOperador acepta un evento CNC de inicio válido;passed;0.960599999999431;"Local; función/componente/acción con dependencias simuladas. No prueba SQL ni navegador E2E."
tests/unitarias/ordenes-esquemas.test.ts;esquemaRegistrarTiempoOperador acepta pausa y fin;passed;0.5246999999999389;"Local; función/componente/acción con dependencias simuladas. No prueba SQL ni navegador E2E."
tests/unitarias/ordenes-esquemas.test.ts;esquemaRegistrarTiempoOperador rechaza IDs, acción y campos fuera de contrato;passed;1.2104000000008455;"Local; función/componente/acción con dependencias simuladas. No prueba SQL ni navegador E2E."
tests/unitarias/ordenes-esquemas.test.ts;esquemaRegistrarConsumoMaterial acepta consumo y scrap no negativos con total positivo;passed;2.226400000000467;"Local; función/componente/acción con dependencias simuladas. No prueba SQL ni navegador E2E."
tests/unitarias/ordenes-esquemas.test.ts;esquemaRegistrarConsumoMaterial rechaza UUIDs, cantidades negativas y un consumo total en cero;passed;1.7132000000001426;"Local; función/componente/acción con dependencias simuladas. No prueba SQL ni navegador E2E."
tests/unitarias/ordenes-esquemas.test.ts;mappers de órdenes mapea filas snake_case de las tres tablas sin perder cantidades;passed;3.034599999999955;"Local; función/componente/acción con dependencias simuladas. No prueba SQL ni navegador E2E."
tests/unitarias/ordenes-esquemas.test.ts;mappers de órdenes rechaza un valor de enum corrupto proveniente de base de datos;passed;1.6151999999992768;"Local; función/componente/acción con dependencias simuladas. No prueba SQL ni navegador E2E."
tests/unitarias/ordenes-servicio.test.ts;servicios transaccionales de órdenes manda cabecera y partidas a la RPC manual sin calcular folio en TypeScript;passed;8.49169999999998;"Local; función/componente/acción con dependencias simuladas. No prueba SQL ni navegador E2E."
tests/unitarias/ordenes-servicio.test.ts;servicios transaccionales de órdenes conserva el resultado idempotente si una oportunidad ya tenía OP;passed;0.8738999999999919;"Local; función/componente/acción con dependencias simuladas. No prueba SQL ni navegador E2E."
tests/unitarias/ordenes-servicio.test.ts;servicios transaccionales de órdenes clasifica el conflicto de estado de Postgres sin filtrar su mensaje;passed;3.2006999999999834;"Local; función/componente/acción con dependencias simuladas. No prueba SQL ni navegador E2E."
tests/unitarias/ordenes-servicio.test.ts;servicios transaccionales de órdenes registra consumo y scrap solo mediante la RPC atómica;passed;1.1467999999999847;"Local; función/componente/acción con dependencias simuladas. No prueba SQL ni navegador E2E."
tests/unitarias/ordenes-servicio.test.ts;servicios transaccionales de órdenes persiste y mapea una marca de tiempo de operador mediante el servicio;passed;1.1370000000000005;"Local; función/componente/acción con dependencias simuladas. No prueba SQL ni navegador E2E."
tests/unitarias/ordenes-servicio.test.ts;servicios transaccionales de órdenes usa una RPC distinta para consumo desde piso y envía la identidad asignada;passed;0.8201999999999998;"Local; función/componente/acción con dependencias simuladas. No prueba SQL ni navegador E2E."
tests/unitarias/ordenes-servicio.test.ts;servicios transaccionales de órdenes asigna una partida únicamente mediante la RPC transaccional;passed;0.8534999999999968;"Local; función/componente/acción con dependencias simuladas. No prueba SQL ni navegador E2E."
tests/unitarias/ordenes-transiciones.test.ts;TRANSICIONES_ORDEN_VALIDAS cubre los seis estados de orden;passed;4.109800000000007;"Local; función/componente/acción con dependencias simuladas. No prueba SQL ni navegador E2E."
tests/unitarias/ordenes-transiciones.test.ts;TRANSICIONES_ORDEN_VALIDAS deja completada y cancelada como estados terminales;passed;0.546100000000024;"Local; función/componente/acción con dependencias simuladas. No prueba SQL ni navegador E2E."
tests/unitarias/ordenes-transiciones.test.ts;esTransicionOrdenValida permite el camino feliz borrador → programada → en_proceso → completada;passed;0.7220999999999549;"Local; función/componente/acción con dependencias simuladas. No prueba SQL ni navegador E2E."
tests/unitarias/ordenes-transiciones.test.ts;esTransicionOrdenValida permite el ciclo de pausa y reanudación;passed;0.36060000000003356;"Local; función/componente/acción con dependencias simuladas. No prueba SQL ni navegador E2E."
tests/unitarias/ordenes-transiciones.test.ts;esTransicionOrdenValida permite cancelar desde cualquier estado no terminal;passed;0.536200000000008;"Local; función/componente/acción con dependencias simuladas. No prueba SQL ni navegador E2E."
tests/unitarias/ordenes-transiciones.test.ts;esTransicionOrdenValida rechaza saltos de etapa;passed;0.4352999999999838;"Local; función/componente/acción con dependencias simuladas. No prueba SQL ni navegador E2E."
tests/unitarias/ordenes-transiciones.test.ts;esTransicionOrdenValida rechaza reversiones;passed;0.3876000000000204;"Local; función/componente/acción con dependencias simuladas. No prueba SQL ni navegador E2E."
tests/unitarias/ordenes-transiciones.test.ts;esTransicionOrdenValida rechaza cualquier salida de completada o cancelada;passed;1.1970999999999776;"Local; función/componente/acción con dependencias simuladas. No prueba SQL ni navegador E2E."
tests/unitarias/ordenes-transiciones.test.ts;esTransicionOrdenValida rechaza permanecer en la misma etapa;passed;2.0634999999999764;"Local; función/componente/acción con dependencias simuladas. No prueba SQL ni navegador E2E."
tests/unitarias/ordenes-transiciones.test.ts;requiereMotivoCancelacion exige motivo solo cuando el destino es cancelada;passed;0.8600000000000136;"Local; función/componente/acción con dependencias simuladas. No prueba SQL ni navegador E2E."
tests/unitarias/ordenes-transiciones.test.ts;requiereMotivoCancelacion no exige motivo en transiciones sin cancelación;passed;0.7330000000000041;"Local; función/componente/acción con dependencias simuladas. No prueba SQL ni navegador E2E."
tests/unitarias/pipeline-alertas.test.ts;contarDiasHabiles cuenta lun-vie, excluye fin de semana;passed;4.4582000000000335;"Local; función/componente/acción con dependencias simuladas. No prueba SQL ni navegador E2E."
tests/unitarias/pipeline-alertas.test.ts;contarDiasHabiles viernes → lunes = 1 día hábil (salta fin de semana);passed;1.245300000000043;"Local; función/componente/acción con dependencias simuladas. No prueba SQL ni navegador E2E."
tests/unitarias/pipeline-alertas.test.ts;contarDiasHabiles misma fecha → 0;passed;0.4257000000000062;"Local; función/componente/acción con dependencias simuladas. No prueba SQL ni navegador E2E."
tests/unitarias/pipeline-alertas.test.ts;calcularAlertas ganada/perdida no generan alertas;passed;1.8401000000000067;"Local; función/componente/acción con dependencias simuladas. No prueba SQL ni navegador E2E."
tests/unitarias/pipeline-alertas.test.ts;calcularAlertas sin_respuesta: cotización enviada > 3 días hábiles atrás;passed;1.709600000000023;"Local; función/componente/acción con dependencias simuladas. No prueba SQL ni navegador E2E."
tests/unitarias/pipeline-alertas.test.ts;calcularAlertas NO sin_respuesta si la cotización se envió hace <= 3 días hábiles;passed;0.6430000000000291;"Local; función/componente/acción con dependencias simuladas. No prueba SQL ni navegador E2E."
tests/unitarias/pipeline-alertas.test.ts;calcularAlertas estancada: > 7 días sin actividad;passed;0.4574000000000069;"Local; función/componente/acción con dependencias simuladas. No prueba SQL ni navegador E2E."
tests/unitarias/pipeline-alertas.test.ts;calcularAlertas usa actualizadoEn si no hay fechaUltimoContacto;passed;0.4472000000000662;"Local; función/componente/acción con dependencias simuladas. No prueba SQL ni navegador E2E."
tests/unitarias/pipeline-alertas.test.ts;calcularAlertas datos_incompletos: en cotizado sin correo;passed;0.5153000000000247;"Local; función/componente/acción con dependencias simuladas. No prueba SQL ni navegador E2E."
tests/unitarias/pipeline-marcar-ganada-orden.test.ts;marcarGanadaAccion aprueba la oportunidad y genera su OP por la RPC atómica;passed;16.871399999999994;"Local; función/componente/acción con dependencias simuladas. No prueba SQL ni navegador E2E."
tests/unitarias/pipeline-marcar-ganada-orden.test.ts;marcarGanadaAccion rechaza la aprobación sin fecha de compromiso;passed;2.4156000000000404;"Local; función/componente/acción con dependencias simuladas. No prueba SQL ni navegador E2E."
tests/unitarias/pipeline-marcar-ganada-orden.test.ts;marcarGanadaAccion no crea una OP si el usuario no puede aprobar órdenes;passed;1.408800000000042;"Local; función/componente/acción con dependencias simuladas. No prueba SQL ni navegador E2E."
tests/unitarias/pipeline-totales.test.ts;calcularTotalesCotizacion subtotal = suma de cantidad * precioUnitario;passed;3.392900000000054;"Local; función/componente/acción con dependencias simuladas. No prueba SQL ni navegador E2E."
tests/unitarias/pipeline-totales.test.ts;calcularTotalesCotizacion IVA 16% nacional;passed;0.6394999999999982;"Local; función/componente/acción con dependencias simuladas. No prueba SQL ni navegador E2E."
tests/unitarias/pipeline-totales.test.ts;calcularTotalesCotizacion IVA 8% frontera;passed;0.9915000000000873;"Local; función/componente/acción con dependencias simuladas. No prueba SQL ni navegador E2E."
tests/unitarias/pipeline-totales.test.ts;calcularTotalesCotizacion redondea a 2 decimales (evita error de flotante);passed;0.9134999999999991;"Local; función/componente/acción con dependencias simuladas. No prueba SQL ni navegador E2E."
tests/unitarias/pipeline-totales.test.ts;calcularTotalesCotizacion cotización vacía → todo en cero;passed;1.560200000000009;"Local; función/componente/acción con dependencias simuladas. No prueba SQL ni navegador E2E."
tests/unitarias/pipeline-totales.test.ts;calcularTotalesCotizacion conserva la moneda y el porcentaje de IVA en la salida;passed;0.39420000000006894;"Local; función/componente/acción con dependencias simuladas. No prueba SQL ni navegador E2E."
tests/unitarias/pipeline-transiciones.test.ts;esTransicionValida (avance) acepta el camino feliz completo;passed;3.2993999999999915;"Local; función/componente/acción con dependencias simuladas. No prueba SQL ni navegador E2E."
tests/unitarias/pipeline-transiciones.test.ts;esTransicionValida (avance) acepta perder desde cualquier etapa activa;passed;0.6498000000000275;"Local; función/componente/acción con dependencias simuladas. No prueba SQL ni navegador E2E."
tests/unitarias/pipeline-transiciones.test.ts;esTransicionValida (avance) rechaza saltarse etapas;passed;0.46839999999997417;"Local; función/componente/acción con dependencias simuladas. No prueba SQL ni navegador E2E."
tests/unitarias/pipeline-transiciones.test.ts;esTransicionValida (avance) rechaza transición a la misma etapa;passed;2.1615000000000464;"Local; función/componente/acción con dependencias simuladas. No prueba SQL ni navegador E2E."
tests/unitarias/pipeline-transiciones.test.ts;esTransicionValida (avance) etapas terminales no avanzan;passed;0.3797000000000139;"Local; función/componente/acción con dependencias simuladas. No prueba SQL ni navegador E2E."
tests/unitarias/pipeline-transiciones.test.ts;esReversion (retroceso) detecta retrocesos en el orden de avance;passed;0.7158000000000015;"Local; función/componente/acción con dependencias simuladas. No prueba SQL ni navegador E2E."
tests/unitarias/pipeline-transiciones.test.ts;esReversion (retroceso) un avance no es reversión;passed;0.7386000000000195;"Local; función/componente/acción con dependencias simuladas. No prueba SQL ni navegador E2E."
tests/unitarias/pipeline-transiciones.test.ts;esReversion (retroceso) pasar a una etapa terminal nunca es reversión;passed;0.8746000000000436;"Local; función/componente/acción con dependencias simuladas. No prueba SQL ni navegador E2E."
tests/unitarias/pipeline-transiciones.test.ts;esReversion (retroceso) deshacer un cierre terminal hacia una etapa activa SÍ es reversión;passed;0.6910000000000309;"Local; función/componente/acción con dependencias simuladas. No prueba SQL ni navegador E2E."
tests/unitarias/planeacion-acciones.test.ts;acciones seguras de Planeación programa solo con gestionar_planeacion y deja auditoría;passed;13.615399999999909;"Local; función/componente/acción con dependencias simuladas. No prueba SQL ni navegador E2E."
tests/unitarias/planeacion-acciones.test.ts;acciones seguras de Planeación no llega a la RPC de programación sin permiso;passed;1.4149999999999636;"Local; función/componente/acción con dependencias simuladas. No prueba SQL ni navegador E2E."
tests/unitarias/planeacion-acciones.test.ts;acciones seguras de Planeación rechaza una reprogramación con entrada malformada antes de tocar servicios;passed;5.3595000000000255;"Local; función/componente/acción con dependencias simuladas. No prueba SQL ni navegador E2E."
tests/unitarias/planeacion-acciones.test.ts;acciones seguras de Planeación normaliza un conflicto de compare-and-set y registra solo su código;passed;9.79340000000002;"Local; función/componente/acción con dependencias simuladas. No prueba SQL ni navegador E2E."
tests/unitarias/planeacion-acciones.test.ts;acciones seguras de Planeación activa preparación con permiso y sin actor controlado por el cliente;passed;1.799199999999928;"Local; función/componente/acción con dependencias simuladas. No prueba SQL ni navegador E2E."
tests/unitarias/planeacion-acciones.test.ts;acciones seguras de Planeación permite consultar el calendario al permiso de lectura sin escribir auditoría;passed;2.493299999999863;"Local; función/componente/acción con dependencias simuladas. No prueba SQL ni navegador E2E."
tests/unitarias/planeacion-acciones.test.ts;acciones seguras de Planeación no permite consultar un calendario fuera del rango acotado;passed;2.213399999999865;"Local; función/componente/acción con dependencias simuladas. No prueba SQL ni navegador E2E."
tests/unitarias/planeacion-capacidad.test.ts;cálculos de disponibilidad de Planeación calcula horas disponibles y holgura con signo;passed;2.9453000000000884;"Local; función/componente/acción con dependencias simuladas. No prueba SQL ni navegador E2E."
tests/unitarias/planeacion-capacidad.test.ts;cálculos de disponibilidad de Planeación calcula porcentaje de ocupación con precisión estable;passed;0.8401999999999816;"Local; función/componente/acción con dependencias simuladas. No prueba SQL ni navegador E2E."
tests/unitarias/planeacion-capacidad.test.ts;cálculos de disponibilidad de Planeación no propaga NaN o Infinity con capacidad cero o datos degradados;passed;2.707499999999982;"Local; función/componente/acción con dependencias simuladas. No prueba SQL ni navegador E2E."
tests/unitarias/planeacion-capacidad.test.ts;cálculos de disponibilidad de Planeación clasifica los límites de saturación sin que la UI autorice programación;passed;0.6303000000000338;"Local; función/componente/acción con dependencias simuladas. No prueba SQL ni navegador E2E."
tests/unitarias/planeacion-capacidad.test.ts;cálculos de disponibilidad de Planeación previsualiza holgura sin sustituir la aceptación de PostgreSQL;passed;0.6935999999999467;"Local; función/componente/acción con dependencias simuladas. No prueba SQL ni navegador E2E."
tests/unitarias/planeacion-capacidad.test.ts;cuellos de botella y holgura de fecha compromiso detecta y ordena cuellos por criticidad de modo determinista;passed;1.4383000000000266;"Local; función/componente/acción con dependencias simuladas. No prueba SQL ni navegador E2E."
tests/unitarias/planeacion-capacidad.test.ts;cuellos de botella y holgura de fecha compromiso acepta umbral y límite sin resultados no deterministas;passed;2.804300000000012;"Local; función/componente/acción con dependencias simuladas. No prueba SQL ni navegador E2E."
tests/unitarias/planeacion-capacidad.test.ts;cuellos de botella y holgura de fecha compromiso suma la holgura solo hasta la fecha de compromiso inclusiva;passed;0.481899999999996;"Local; función/componente/acción con dependencias simuladas. No prueba SQL ni navegador E2E."
tests/unitarias/planeacion-capacidad.test.ts;cuellos de botella y holgura de fecha compromiso marca sobrecarga acumulada antes del compromiso;passed;0.41679999999996653;"Local; función/componente/acción con dependencias simuladas. No prueba SQL ni navegador E2E."
tests/unitarias/planeacion-componentes.test.ts;operación de Planeación en cliente rechaza prioridad cero antes de invocar la acción de reprogramación;passed;765.9087;"Local; función/componente/acción con dependencias simuladas. No prueba SQL ni navegador E2E."
tests/unitarias/planeacion-componentes.test.ts;operación de Planeación en cliente reprograma con la marca Postgres de compare-and-set e invalida la caché;passed;188.42290000000503;"Local; función/componente/acción con dependencias simuladas. No prueba SQL ni navegador E2E."
tests/unitarias/planeacion-componentes.test.ts;operación de Planeación en cliente activa preparación solo desde una programación seleccionada;passed;154.03169999999955;"Local; función/componente/acción con dependencias simuladas. No prueba SQL ni navegador E2E."
tests/unitarias/planeacion-esquemas.test.ts;esquemaProgramarOrden acepta una programación válida y aplica prioridad 1 por defecto;passed;7.854800000000068;"Local; función/componente/acción con dependencias simuladas. No prueba SQL ni navegador E2E."
tests/unitarias/planeacion-esquemas.test.ts;esquemaProgramarOrden acepta prioridad explícita y el límite superior de horas;passed;1.2742999999999256;"Local; función/componente/acción con dependencias simuladas. No prueba SQL ni navegador E2E."
tests/unitarias/planeacion-esquemas.test.ts;esquemaProgramarOrden rechaza ordenId con UUID inválido;passed;2.6650999999999385;"Local; función/componente/acción con dependencias simuladas. No prueba SQL ni navegador E2E."
tests/unitarias/planeacion-esquemas.test.ts;esquemaProgramarOrden rechaza partidaId con UUID inválido;passed;0.8202999999999747;"Local; función/componente/acción con dependencias simuladas. No prueba SQL ni navegador E2E."
tests/unitarias/planeacion-esquemas.test.ts;esquemaProgramarOrden rechaza recursoId con UUID inválido;passed;0.6861999999999853;"Local; función/componente/acción con dependencias simuladas. No prueba SQL ni navegador E2E."
tests/unitarias/planeacion-esquemas.test.ts;esquemaProgramarOrden rechaza fechaProgramada inválida: 15-09-2026;passed;0.6983999999999924;"Local; función/componente/acción con dependencias simuladas. No prueba SQL ni navegador E2E."
tests/unitarias/planeacion-esquemas.test.ts;esquemaProgramarOrden rechaza fechaProgramada inválida: 2026-09-15T10:00:00.000Z;passed;0.46289999999999054;"Local; función/componente/acción con dependencias simuladas. No prueba SQL ni navegador E2E."
tests/unitarias/planeacion-esquemas.test.ts;esquemaProgramarOrden rechaza fechaProgramada inválida: 2026-13-01;passed;0.45680000000004384;"Local; función/componente/acción con dependencias simuladas. No prueba SQL ni navegador E2E."
tests/unitarias/planeacion-esquemas.test.ts;esquemaProgramarOrden rechaza fechaProgramada inválida: mañana;passed;0.4741999999999962;"Local; función/componente/acción con dependencias simuladas. No prueba SQL ni navegador E2E."
tests/unitarias/planeacion-esquemas.test.ts;esquemaProgramarOrden rechaza turno fuera del contrato: nocturno_extra;passed;1.2556000000000722;"Local; función/componente/acción con dependencias simuladas. No prueba SQL ni navegador E2E."
tests/unitarias/planeacion-esquemas.test.ts;esquemaProgramarOrden rechaza turno fuera del contrato: MATUTINO;passed;0.4461000000000013;"Local; función/componente/acción con dependencias simuladas. No prueba SQL ni navegador E2E."
tests/unitarias/planeacion-esquemas.test.ts;esquemaProgramarOrden rechaza turno fuera del contrato: tercero;passed;0.3287000000000262;"Local; función/componente/acción con dependencias simuladas. No prueba SQL ni navegador E2E."
tests/unitarias/planeacion-esquemas.test.ts;esquemaProgramarOrden rechaza turno fuera del contrato: ;passed;0.2780999999999949;"Local; función/componente/acción con dependencias simuladas. No prueba SQL ni navegador E2E."
tests/unitarias/planeacion-esquemas.test.ts;esquemaProgramarOrden rechaza secuencia no entera positiva: 0;passed;0.593900000000076;"Local; función/componente/acción con dependencias simuladas. No prueba SQL ni navegador E2E."
tests/unitarias/planeacion-esquemas.test.ts;esquemaProgramarOrden rechaza secuencia no entera positiva: -1;passed;0.3188999999999851;"Local; función/componente/acción con dependencias simuladas. No prueba SQL ni navegador E2E."
tests/unitarias/planeacion-esquemas.test.ts;esquemaProgramarOrden rechaza secuencia no entera positiva: 1.5;passed;0.3573000000000093;"Local; función/componente/acción con dependencias simuladas. No prueba SQL ni navegador E2E."
tests/unitarias/planeacion-esquemas.test.ts;esquemaProgramarOrden rechaza horasEstimadas fuera de rango: 0;passed;0.46889999999996235;"Local; función/componente/acción con dependencias simuladas. No prueba SQL ni navegador E2E."
tests/unitarias/planeacion-esquemas.test.ts;esquemaProgramarOrden rechaza horasEstimadas fuera de rango: -3;passed;0.24349999999992633;"Local; función/componente/acción con dependencias simuladas. No prueba SQL ni navegador E2E."
tests/unitarias/planeacion-esquemas.test.ts;esquemaProgramarOrden rechaza horasEstimadas fuera de rango: 24.5;passed;0.28940000000000055;"Local; función/componente/acción con dependencias simuladas. No prueba SQL ni navegador E2E."
tests/unitarias/planeacion-esquemas.test.ts;esquemaProgramarOrden rechaza horasEstimadas fuera de rango: 48;passed;0.24460000000010496;"Local; función/componente/acción con dependencias simuladas. No prueba SQL ni navegador E2E."
tests/unitarias/planeacion-esquemas.test.ts;esquemaProgramarOrden rechaza ordenPrioridad no entera positiva: 0;passed;0.44499999999993634;"Local; función/componente/acción con dependencias simuladas. No prueba SQL ni navegador E2E."
tests/unitarias/planeacion-esquemas.test.ts;esquemaProgramarOrden rechaza ordenPrioridad no entera positiva: -2;passed;0.24680000000000746;"Local; función/componente/acción con dependencias simuladas. No prueba SQL ni navegador E2E."
tests/unitarias/planeacion-esquemas.test.ts;esquemaProgramarOrden rechaza ordenPrioridad no entera positiva: 2.7;passed;0.29280000000005657;"Local; función/componente/acción con dependencias simuladas. No prueba SQL ni navegador E2E."
tests/unitarias/planeacion-esquemas.test.ts;esquemaProgramarOrden rechaza claves extra no declaradas en el contrato;passed;0.4415000000000191;"Local; función/componente/acción con dependencias simuladas. No prueba SQL ni navegador E2E."
tests/unitarias/planeacion-esquemas.test.ts;esquemaProgramarOrden rechaza una programación sin recurso explícito;passed;0.574799999999982;"Local; función/componente/acción con dependencias simuladas. No prueba SQL ni navegador E2E."
tests/unitarias/planeacion-esquemas.test.ts;esquemaCambiarModoPreparacion acepta un cambio con compare-and-set válido;passed;2.27170000000001;"Local; función/componente/acción con dependencias simuladas. No prueba SQL ni navegador E2E."
tests/unitarias/planeacion-esquemas.test.ts;esquemaCambiarModoPreparacion acepta la desactivación del modo preparación;passed;0.8464999999999918;"Local; función/componente/acción con dependencias simuladas. No prueba SQL ni navegador E2E."
tests/unitarias/planeacion-esquemas.test.ts;esquemaCambiarModoPreparacion rechaza programacionId con UUID inválido;passed;0.5462999999999738;"Local; función/componente/acción con dependencias simuladas. No prueba SQL ni navegador E2E."
tests/unitarias/planeacion-esquemas.test.ts;esquemaCambiarModoPreparacion rechaza actualizadoEnEsperado no ISO datetime: 2026-08-13;passed;0.45060000000000855;"Local; función/componente/acción con dependencias simuladas. No prueba SQL ni navegador E2E."
tests/unitarias/planeacion-esquemas.test.ts;esquemaCambiarModoPreparacion rechaza actualizadoEnEsperado no ISO datetime: ayer;passed;0.25510000000008404;"Local; función/componente/acción con dependencias simuladas. No prueba SQL ni navegador E2E."
tests/unitarias/planeacion-esquemas.test.ts;esquemaCambiarModoPreparacion rechaza actualizadoEnEsperado no ISO datetime: 13/08/2026 18:30;passed;0.241800000000012;"Local; función/componente/acción con dependencias simuladas. No prueba SQL ni navegador E2E."
tests/unitarias/planeacion-esquemas.test.ts;esquemaCambiarModoPreparacion rechaza activar no booleano;passed;0.46519999999998163;"Local; función/componente/acción con dependencias simuladas. No prueba SQL ni navegador E2E."
tests/unitarias/planeacion-esquemas.test.ts;esquemaCambiarModoPreparacion rechaza un cambio sin compare-and-set;passed;0.2966999999999871;"Local; función/componente/acción con dependencias simuladas. No prueba SQL ni navegador E2E."
tests/unitarias/planeacion-esquemas.test.ts;esquemaCambiarModoPreparacion rechaza claves extra no declaradas en el contrato;passed;0.3082999999999174;"Local; función/componente/acción con dependencias simuladas. No prueba SQL ni navegador E2E."
tests/unitarias/planeacion-esquemas.test.ts;mappers de Planeación mapea un recurso a camelCase conservando área y estado activo;passed;0.46850000000006276;"Local; función/componente/acción con dependencias simuladas. No prueba SQL ni navegador E2E."
tests/unitarias/planeacion-esquemas.test.ts;mappers de Planeación mapea capacidad por turno con horas numéricas;passed;0.40360000000009677;"Local; función/componente/acción con dependencias simuladas. No prueba SQL ni navegador E2E."
tests/unitarias/planeacion-esquemas.test.ts;mappers de Planeación mapea una programación completa a camelCase;passed;0.5135000000000218;"Local; función/componente/acción con dependencias simuladas. No prueba SQL ni navegador E2E."
tests/unitarias/planeacion-esquemas.test.ts;mappers de Planeación mapea todas las áreas del contrato;passed;0.3768000000000029;"Local; función/componente/acción con dependencias simuladas. No prueba SQL ni navegador E2E."
tests/unitarias/planeacion-esquemas.test.ts;mappers de Planeación mapea todos los estados del contrato;passed;0.4675999999999476;"Local; función/componente/acción con dependencias simuladas. No prueba SQL ni navegador E2E."
tests/unitarias/planeacion-esquemas.test.ts;mappers de Planeación rechaza un área corrupta en el recurso;passed;1.7274000000001024;"Local; función/componente/acción con dependencias simuladas. No prueba SQL ni navegador E2E."
tests/unitarias/planeacion-esquemas.test.ts;mappers de Planeación rechaza un turno corrupto en la capacidad;passed;0.43020000000001346;"Local; función/componente/acción con dependencias simuladas. No prueba SQL ni navegador E2E."
tests/unitarias/planeacion-esquemas.test.ts;mappers de Planeación rechaza un turno corrupto en la programación;passed;0.3993000000000393;"Local; función/componente/acción con dependencias simuladas. No prueba SQL ni navegador E2E."
tests/unitarias/planeacion-esquemas.test.ts;mappers de Planeación rechaza un estado de planeación corrupto;passed;0.38199999999994816;"Local; función/componente/acción con dependencias simuladas. No prueba SQL ni navegador E2E."
tests/unitarias/planeacion-realtime.test.ts;SincronizadorPlaneacionRealtime sincroniza calendario, opciones RSC e invalida por ráfaga agrupada;passed;140.36939999999595;"Local; función/componente/acción con dependencias simuladas. No prueba SQL ni navegador E2E."
tests/unitarias/planeacion-realtime.test.ts;SincronizadorPlaneacionRealtime libera el canal y la suscripción de Auth al desmontarse;passed;82.92759999999544;"Local; función/componente/acción con dependencias simuladas. No prueba SQL ni navegador E2E."
tests/unitarias/planeacion-servicio.test.ts;servicios transaccionales de Planeación delega la programación a la RPC atómica y mapea la respuesta;passed;7.84559999999999;"Local; función/componente/acción con dependencias simuladas. No prueba SQL ni navegador E2E."
tests/unitarias/planeacion-servicio.test.ts;servicios transaccionales de Planeación incluye la marca compare-and-set al reprogramar;passed;1.0781000000000631;"Local; función/componente/acción con dependencias simuladas. No prueba SQL ni navegador E2E."
tests/unitarias/planeacion-servicio.test.ts;servicios transaccionales de Planeación activa preparación solo con la marca concurrente esperada;passed;1.7770999999999049;"Local; función/componente/acción con dependencias simuladas. No prueba SQL ni navegador E2E."
tests/unitarias/planeacion-servicio.test.ts;servicios transaccionales de Planeación convierte un conflicto de base en un error de dominio sin filtrar detalles;passed;3.3443999999999505;"Local; función/componente/acción con dependencias simuladas. No prueba SQL ni navegador E2E."
tests/unitarias/planeacion-servicio.test.ts;servicios transaccionales de Planeación expone mensajes genéricos estables para Server Actions;passed;0.5357000000000198;"Local; función/componente/acción con dependencias simuladas. No prueba SQL ni navegador E2E."
tests/unitarias/planeacion-tienda.test.ts;usarTiendaPlaneacion arranca sin filtros ni selección;passed;5.534400000000005;"Local; función/componente/acción con dependencias simuladas. No prueba SQL ni navegador E2E."
tests/unitarias/planeacion-tienda.test.ts;usarTiendaPlaneacion acepta un rango válido y descarta uno invertido;passed;1.266999999999939;"Local; función/componente/acción con dependencias simuladas. No prueba SQL ni navegador E2E."
tests/unitarias/planeacion-tienda.test.ts;usarTiendaPlaneacion acepta un rango de un solo día y permite limpiarlo;passed;0.6580999999999904;"Local; función/componente/acción con dependencias simuladas. No prueba SQL ni navegador E2E."
tests/unitarias/planeacion-tienda.test.ts;usarTiendaPlaneacion limpia el recurso al cambiar de área;passed;0.6040000000000418;"Local; función/componente/acción con dependencias simuladas. No prueba SQL ni navegador E2E."
tests/unitarias/planeacion-tienda.test.ts;usarTiendaPlaneacion alterna turnos y estados sin duplicar;passed;0.8745000000000118;"Local; función/componente/acción con dependencias simuladas. No prueba SQL ni navegador E2E."
tests/unitarias/planeacion-tienda.test.ts;usarTiendaPlaneacion copia los arreglos recibidos;passed;0.41590000000007876;"Local; función/componente/acción con dependencias simuladas. No prueba SQL ni navegador E2E."
tests/unitarias/planeacion-tienda.test.ts;usarTiendaPlaneacion conserva la selección al limpiar filtros;passed;0.6377999999999702;"Local; función/componente/acción con dependencias simuladas. No prueba SQL ni navegador E2E."
tests/unitarias/planeacion-tienda.test.ts;usarTiendaPlaneacion no expone ninguna copia de programaciones;passed;2.369199999999978;"Local; función/componente/acción con dependencias simuladas. No prueba SQL ni navegador E2E."
tests/unitarias/produccion-comida.test.ts;cálculo de comida de Producción descuenta exactamente una hora en una sesión 08:00–16:00 de Tijuana;passed;5.2228999999999814;"Local; función/componente/acción con dependencias simuladas. No prueba SQL ni navegador E2E."
tests/unitarias/produccion-comida.test.ts;cálculo de comida de Producción descuenta solo el solapamiento real de una sesión parcial;passed;0.6964999999999009;"Local; función/componente/acción con dependencias simuladas. No prueba SQL ni navegador E2E."
tests/unitarias/produccion-comida.test.ts;cálculo de comida de Producción no descuenta comida fuera del intervalo local;passed;0.5994000000000597;"Local; función/componente/acción con dependencias simuladas. No prueba SQL ni navegador E2E."
tests/unitarias/produccion-comida.test.ts;cálculo de comida de Producción acumula correctamente la comida de sesiones que cruzan medianoche;passed;0.752800000000093;"Local; función/componente/acción con dependencias simuladas. No prueba SQL ni navegador E2E."
tests/unitarias/produccion-comida.test.ts;cálculo de comida de Producción rechaza un intervalo temporal invertido;passed;1.8396000000000186;"Local; función/componente/acción con dependencias simuladas. No prueba SQL ni navegador E2E."
tests/unitarias/produccion-esquemas.test.ts;esquemas de Producción acepta el inicio vinculado a una programación concreta;passed;10.957699999999932;"Local; función/componente/acción con dependencias simuladas. No prueba SQL ni navegador E2E."
tests/unitarias/produccion-esquemas.test.ts;esquemas de Producción rechaza un inicio con UUID inválido o datos no declarados;passed;1.9121000000000095;"Local; función/componente/acción con dependencias simuladas. No prueba SQL ni navegador E2E."
tests/unitarias/produccion-esquemas.test.ts;esquemas de Producción acepta un cierre final con PIN de confirmación válido;passed;2.015199999999936;"Local; función/componente/acción con dependencias simuladas. No prueba SQL ni navegador E2E."
tests/unitarias/produccion-esquemas.test.ts;esquemas de Producción rechaza PIN de confirmación inválido: 482;passed;0.7919000000000551;"Local; función/componente/acción con dependencias simuladas. No prueba SQL ni navegador E2E."
tests/unitarias/produccion-esquemas.test.ts;esquemas de Producción rechaza PIN de confirmación inválido: 4826789;passed;0.4536000000000513;"Local; función/componente/acción con dependencias simuladas. No prueba SQL ni navegador E2E."
tests/unitarias/produccion-esquemas.test.ts;esquemas de Producción rechaza PIN de confirmación inválido: 48a6;passed;0.3705999999999676;"Local; función/componente/acción con dependencias simuladas. No prueba SQL ni navegador E2E."
tests/unitarias/produccion-esquemas.test.ts;esquemas de Producción requiere motivo al pausar y rechaza piezas negativas;passed;1.0112000000000307;"Local; función/componente/acción con dependencias simuladas. No prueba SQL ni navegador E2E."
tests/unitarias/produccion-esquemas.test.ts;esquemas de Producción acepta una nota parcial sin campos controlados por el servidor;passed;2.121399999999994;"Local; función/componente/acción con dependencias simuladas. No prueba SQL ni navegador E2E."
tests/unitarias/produccion-esquemas.test.ts;esquemas de Producción rechaza notas sin partidas, cantidades inválidas o campos de servidor;passed;1.4698999999999387;"Local; función/componente/acción con dependencias simuladas. No prueba SQL ni navegador E2E."
tests/unitarias/produccion-esquemas.test.ts;mappers de Producción mapea sesiones y cantidades numéricas a camelCase;passed;3.7484000000000606;"Local; función/componente/acción con dependencias simuladas. No prueba SQL ni navegador E2E."
tests/unitarias/produccion-esquemas.test.ts;mappers de Producción mapea una nota y sus renglones sin campos económicos;passed;0.6821999999999662;"Local; función/componente/acción con dependencias simuladas. No prueba SQL ni navegador E2E."
tests/unitarias/produccion-esquemas.test.ts;mappers de Producción rechaza enumeraciones corruptas en la base;passed;1.8541999999999916;"Local; función/componente/acción con dependencias simuladas. No prueba SQL ni navegador E2E."
tests/unitarias/produccion-tablero.test.ts;proyección Kanban de Producción prioriza entrega total y lista sin persistir estados de interfaz;passed;3.5557999999999765;"Local; función/componente/acción con dependencias simuladas. No prueba SQL ni navegador E2E."
tests/unitarias/produccion-tablero.test.ts;proyección Kanban de Producción deriva sesión activa y pausa de los registros auditables;passed;0.6413000000000011;"Local; función/componente/acción con dependencias simuladas. No prueba SQL ni navegador E2E."
tests/unitarias/produccion-tienda.test.ts;usarTiendaProduccion guarda solo la sesión activa y filtros de interfaz;passed;6.983200000000011;"Local; función/componente/acción con dependencias simuladas. No prueba SQL ni navegador E2E."
tests/unitarias/produccion-tienda.test.ts;usarTiendaProduccion alterna estados sin duplicarlos y copia arreglos externos;passed;2.0090999999999894;"Local; función/componente/acción con dependencias simuladas. No prueba SQL ni navegador E2E."
tests/unitarias/produccion-tienda.test.ts;usarTiendaProduccion limpia filtros sin cerrar por accidente la sesión activa;passed;0.88900000000001;"Local; función/componente/acción con dependencias simuladas. No prueba SQL ni navegador E2E."
tests/unitarias/sesion-operador.test.ts;serializarSesionOperador / deserializarSesionOperador roundtrip: serializar y deserializar devuelve la misma sesión;passed;24.547699999999963;"Local; función/componente/acción con dependencias simuladas. No prueba SQL ni navegador E2E."
tests/unitarias/sesion-operador.test.ts;serializarSesionOperador / deserializarSesionOperador el valor serializado tiene formato payload.firma;passed;4.5434999999999945;"Local; función/componente/acción con dependencias simuladas. No prueba SQL ni navegador E2E."
tests/unitarias/sesion-operador.test.ts;serializarSesionOperador / deserializarSesionOperador firma alterada → null;passed;1.4905999999999722;"Local; función/componente/acción con dependencias simuladas. No prueba SQL ni navegador E2E."
tests/unitarias/sesion-operador.test.ts;serializarSesionOperador / deserializarSesionOperador payload alterado (firma ya no corresponde) → null;passed;1.3195000000000618;"Local; función/componente/acción con dependencias simuladas. No prueba SQL ni navegador E2E."
tests/unitarias/sesion-operador.test.ts;serializarSesionOperador / deserializarSesionOperador basura sin formato → null;passed;0.88900000000001;"Local; función/componente/acción con dependencias simuladas. No prueba SQL ni navegador E2E."
tests/unitarias/sesion-operador.test.ts;sesionOperadorExpirada sesión dentro del timeout de 15 minutos NO está expirada;passed;1.649499999999989;"Local; función/componente/acción con dependencias simuladas. No prueba SQL ni navegador E2E."
tests/unitarias/sesion-operador.test.ts;sesionOperadorExpirada sesión pasado el timeout de 15 minutos SÍ está expirada;passed;0.48850000000004457;"Local; función/componente/acción con dependencias simuladas. No prueba SQL ni navegador E2E."
tests/unitarias/sesion-operador.test.ts;sesionOperadorExpirada la expiración se calcula desde ultimaActividadEn, no desde iniciadaEn;passed;0.38430000000005293;"Local; función/componente/acción con dependencias simuladas. No prueba SQL ni navegador E2E."
tests/unitarias/uso-tienda-ordenes.test.ts;usarTiendaOrdenes arranca sin orden activa y sin filtros;passed;5.035499999999956;"Local; función/componente/acción con dependencias simuladas. No prueba SQL ni navegador E2E."
tests/unitarias/uso-tienda-ordenes.test.ts;usarTiendaOrdenes seleccionarOrden fija la orden activa;passed;0.7050000000000409;"Local; función/componente/acción con dependencias simuladas. No prueba SQL ni navegador E2E."
tests/unitarias/uso-tienda-ordenes.test.ts;usarTiendaOrdenes seleccionarOrden reemplaza la orden activa previa;passed;0.39869999999996253;"Local; función/componente/acción con dependencias simuladas. No prueba SQL ni navegador E2E."
tests/unitarias/uso-tienda-ordenes.test.ts;usarTiendaOrdenes seleccionarOrden deselecciona con null;passed;0.4595000000000482;"Local; función/componente/acción con dependencias simuladas. No prueba SQL ni navegador E2E."
tests/unitarias/uso-tienda-ordenes.test.ts;usarTiendaOrdenes establecerFiltroMaquina fija y limpia el filtro de máquina;passed;0.7567000000000235;"Local; función/componente/acción con dependencias simuladas. No prueba SQL ni navegador E2E."
tests/unitarias/uso-tienda-ordenes.test.ts;usarTiendaOrdenes establecerFiltroMaquina no toca la orden activa ni los filtros de estado;passed;1.0108000000000175;"Local; función/componente/acción con dependencias simuladas. No prueba SQL ni navegador E2E."
tests/unitarias/uso-tienda-ordenes.test.ts;usarTiendaOrdenes alternarFiltroEstado agrega un estado ausente y lo quita al repetir;passed;0.6154999999999973;"Local; función/componente/acción con dependencias simuladas. No prueba SQL ni navegador E2E."
tests/unitarias/uso-tienda-ordenes.test.ts;usarTiendaOrdenes alternarFiltroEstado acumula varios estados conservando el orden de selección;passed;0.6039999999999281;"Local; función/componente/acción con dependencias simuladas. No prueba SQL ni navegador E2E."
tests/unitarias/uso-tienda-ordenes.test.ts;usarTiendaOrdenes alternarFiltroEstado quita solo el estado alternado;passed;0.6815000000000282;"Local; función/componente/acción con dependencias simuladas. No prueba SQL ni navegador E2E."
tests/unitarias/uso-tienda-ordenes.test.ts;usarTiendaOrdenes alternarFiltroEstado produce un arreglo nuevo (no muta el anterior);passed;0.9939000000000533;"Local; función/componente/acción con dependencias simuladas. No prueba SQL ni navegador E2E."
tests/unitarias/uso-tienda-ordenes.test.ts;usarTiendaOrdenes establecerFiltrosEstado reemplaza la lista completa;passed;0.4215999999998985;"Local; función/componente/acción con dependencias simuladas. No prueba SQL ni navegador E2E."
tests/unitarias/uso-tienda-ordenes.test.ts;usarTiendaOrdenes establecerFiltrosEstado copia el arreglo recibido: mutarlo fuera no afecta la tienda;passed;0.2676000000000158;"Local; función/componente/acción con dependencias simuladas. No prueba SQL ni navegador E2E."
tests/unitarias/uso-tienda-ordenes.test.ts;usarTiendaOrdenes limpiarFiltros limpia máquina y estados sin perder la orden activa;passed;0.3854000000000042;"Local; función/componente/acción con dependencias simuladas. No prueba SQL ni navegador E2E."
tests/unitarias/utilidades.test.ts;formatearMoneda incluye el símbolo de pesos;passed;235.48439999999994;"Local; función/componente/acción con dependencias simuladas. No prueba SQL ni navegador E2E."
tests/unitarias/utilidades.test.ts;formatearMoneda incluye separador de miles y dos decimales (es-MX);passed;0.6843000000000075;"Local; función/componente/acción con dependencias simuladas. No prueba SQL ni navegador E2E."
tests/unitarias/utilidades.test.ts;formatearMoneda formatea cantidades sin decimales con .00;passed;0.560100000000034;"Local; función/componente/acción con dependencias simuladas. No prueba SQL ni navegador E2E."
tests/unitarias/utilidades.test.ts;parsearJSON parsea JSON válido y conserva la estructura;passed;1.5954999999999018;"Local; función/componente/acción con dependencias simuladas. No prueba SQL ni navegador E2E."
tests/unitarias/utilidades.test.ts;parsearJSON JSON inválido sin defecto → null;passed;0.5662999999999556;"Local; función/componente/acción con dependencias simuladas. No prueba SQL ni navegador E2E."
tests/unitarias/utilidades.test.ts;parsearJSON JSON inválido con defecto → retorna el defecto;passed;0.6292999999999438;"Local; función/componente/acción con dependencias simuladas. No prueba SQL ni navegador E2E."
tests/unitarias/utilidades.test.ts;obtenerAnidado obtiene valor en ruta profunda;passed;0.6185999999999012;"Local; función/componente/acción con dependencias simuladas. No prueba SQL ni navegador E2E."
tests/unitarias/utilidades.test.ts;obtenerAnidado ruta inexistente → undefined;passed;0.40430000000003474;"Local; función/componente/acción con dependencias simuladas. No prueba SQL ni navegador E2E."
tests/unitarias/utilidades.test.ts;obtenerAnidado objeto null o intermedio no-objeto → undefined;passed;0.37999999999999545;"Local; función/componente/acción con dependencias simuladas. No prueba SQL ni navegador E2E."
