ID;Prioridad_proceso;Tipo_trabajo;Capacidad_y_brecha;Actores;Relacion_otros_modulos;Criterio_aceptacion;Prueba;Dependencia
ACC-01;Media;Obtener evidencia funcional;"Acceso por identidad. Identificación administrativa por correo/contraseña y piso por PIN; equivalencia candidata. Falta login real de cada actor y verificar destino tras recarga.";"Admin / operador; demás roles con sesión administrativa";"usuarios; sesión administrativa; identidad PIN; permisos";"Se identifica al usuario por nombre y rol; el administrador entra al panel administrativo y el operador a Producción. Conservar la función de identificación, sin trasladar valores de PIN del código antiguo.";"E2E-01: Se identifica al usuario por nombre y rol; el administrador entra al panel administrativo y el operador a Producción. Conservar la función de identificación, sin trasladar valores de PIN del código antiguo.";Entorno de prueba aislado, usuarios ficticios por rol, datos preparados y servicio correspondiente.
ACC-02;Media;Obtener evidencia funcional;"Captura y rechazo de PIN. Teclado y esquema de PIN disponibles; rechazo validado solo con dependencias simuladas, sin sesión de navegador ni servicio real.";"Admin / operador; demás roles con sesión administrativa";"usuarios; sesión administrativa; identidad PIN; permisos";"La entrada puede corregirse; un PIN no reconocido no abre una sesión y permite reintentar. La interfaz declara PIN de 4 a 6 dígitos; validar ese rango en la versión objetivo.";"E2E-01: La entrada puede corregirse; un PIN no reconocido no abre una sesión y permite reintentar. La interfaz declara PIN de 4 a 6 dígitos; validar ese rango en la versión objetivo.";Entorno de prueba aislado, usuarios ficticios por rol, datos preparados y servicio correspondiente.
ACC-03;Media;Obtener evidencia funcional;Navegación administrativa. Menú conecta los módulos administrativos y marca ruta activa. Falta recorrer cada destino con una identidad de prueba.;"Admin / operador; demás roles con sesión administrativa";"usuarios; sesión administrativa; identidad PIN; permisos";Puede abrir Dashboard, RFQ/Pipeline, Órdenes, CxC, Gastos/CxP, Clientes y Configuración, con indicador de vista activa.;E2E-01: Puede abrir Dashboard, RFQ/Pipeline, Órdenes, CxC, Gastos/CxP, Clientes y Configuración, con indicador de vista activa.;Entorno de prueba aislado, usuarios ficticios por rol, datos preparados y servicio correspondiente.
ACC-04;Media;Obtener evidencia funcional;"Cambio de vista y cierre de sesión. Chasis conserva navegación y existe acción de cierre; no se ha ejecutado cambio panel/piso/cierre y vuelta atrás con sesión real.";"Admin / operador; demás roles con sesión administrativa";"usuarios; sesión administrativa; identidad PIN; permisos";"Se conserva la identidad durante el cambio de vista; la vuelta administrativa corresponde al rol admin; cerrar sesión devuelve al acceso.";"E2E-01: Se conserva la identidad durante el cambio de vista; la vuelta administrativa corresponde al rol admin; cerrar sesión devuelve al acceso.";Entorno de prueba aislado, usuarios ficticios por rol, datos preparados y servicio correspondiente.
ACC-05;Media;Completar cobertura funcional;"Identidad en taller y confirmación de cierre. Cierre reconfirma PIN del mismo operador HMAC y audita ID; no equivale automáticamente a permitir que otro confirmante cierre el trabajo ni muestra toda la identidad histórica.";"Admin / operador; demás roles con sesión administrativa";"usuarios; sesión administrativa; identidad PIN; permisos";El sistema pide confirmar identidad por PIN y registra identificador y nombre de quien confirma el trabajo. No confundir esta confirmación con una asignación individual de tareas.;E2E-18: El sistema pide confirmar identidad por PIN y registra identificador y nombre de quien confirma el trabajo. No confundir esta confirmación con una asignación individual de tareas.;Entorno de prueba aislado, usuarios ficticios por rol, datos preparados y servicio correspondiente. Resolver la brecha documentada antes de aceptar el resultado integral.
ACC-06;Media;Completar cobertura funcional;"Actualización diaria del tipo de cambio. Tarifas muestra TC y alerta por más de 24 h usando actualizadoEn general; no solicita TC al ingreso por cambio de fecha diaria.";"Admin / operador; demás roles con sesión administrativa";"usuarios; sesión administrativa; identidad PIN; permisos";"Se solicita el TC MXN por USD, permite capturarlo y confirmar la fecha de actualización; muestra TC en el panel.";"E2E-02: Se solicita el TC MXN por USD, permite capturarlo y confirmar la fecha de actualización; muestra TC en el panel.";Entorno de prueba aislado, usuarios ficticios por rol, datos preparados y servicio correspondiente. Resolver la brecha documentada antes de aceptar el resultado integral.
ACC-07;Media;Completar cobertura funcional;"Carga y reintento. Hay skeletons y errores en listados; la ficha del cliente no distingue error de ausencia y la recuperación no está conectada uniformemente en todos los módulos.";"Admin / operador; demás roles con sesión administrativa";"usuarios; sesión administrativa; identidad PIN; permisos";"Se distingue carga de datos, acceso y pantalla de reintento; no se presenta un conjunto vacío como si fuera información cargada correctamente.";"E2E-01: Se distingue carga de datos, acceso y pantalla de reintento; no se presenta un conjunto vacío como si fuera información cargada correctamente.";Entorno de prueba aislado, usuarios ficticios por rol, datos preparados y servicio correspondiente. Resolver la brecha documentada antes de aceptar el resultado integral.
ACC-08;Media;Obtener evidencia funcional;"Disponibilidad compartida de registros. Persistencia y suscripciones están representadas; las pruebas locales simulan dependencias. No se ejecutó guardar/reabrir ni propagación a otra sesión real.";"Admin / operador; demás roles con sesión administrativa";"usuarios; sesión administrativa; identidad PIN; permisos";"Los registros se guardan y se recuperan en una nueva carga; otra sesión recibe las actualizaciones de las entidades suscritas. La prueba de persistencia y de segunda sesión es obligatoria para aceptar la equivalencia.";"E2E-33: Los registros se guardan y se recuperan en una nueva carga; otra sesión recibe las actualizaciones de las entidades suscritas. La prueba de persistencia y de segunda sesión es obligatoria para aceptar la equivalencia.";Entorno de prueba aislado, usuarios ficticios por rol, datos preparados y servicio correspondiente.
DAS-01;Media;Completar cobertura funcional;"Resumen comercial mensual. Ventas ejecutivas basadas en CxC y pipeline, no en el mismo universo de aprobadas/manuales del mes; no existe marca de trabajo interno para excluirlo.";Admin / gerente / vendedor / contador según proyección;"pipeline; ordenes_produccion; cuentas_por_cobrar; gastos; consumos; sesiones";"Se muestran ventas del mes en MXN y pipeline activo; las órdenes internas se identifican por separado y no se tratan como ventas a clientes.";"E2E-32: Se muestran ventas del mes en MXN y pipeline activo; las órdenes internas se identifican por separado y no se tratan como ventas a clientes.";Entorno de prueba aislado, usuarios ficticios por rol, datos preparados y servicio correspondiente. Resolver la brecha documentada antes de aceptar el resultado integral.
DAS-02;Media;Completar cobertura funcional;"Gastos y margen global. Margen usa ingresos y costos atribuibles además de gastos; requiere reconciliar el universo y tratamiento mensual, sin confundirlo con margen global de la base.";Admin / gerente / vendedor / contador según proyección;"pipeline; ordenes_produccion; cuentas_por_cobrar; gastos; consumos; sesiones";"Se muestran gastos del mes y margen porcentual derivado de ventas y gastos; este indicador global no sustituye rentabilidad individual por orden.";"E2E-32: Se muestran gastos del mes y margen porcentual derivado de ventas y gastos; este indicador global no sustituye rentabilidad individual por orden.";"Entorno de prueba aislado, usuarios ficticios por rol, datos preparados y servicio correspondiente. Resolver D-11 para la variante indicada; no bloquea otras comprobaciones. Resolver la brecha documentada antes de aceptar el resultado integral."
DAS-03;Media;Completar cobertura funcional;"Situación de las órdenes. Activas/atrasadas se restringen a órdenes creadas dentro del período y atraso se mide contra ahora. No equivale al universo de todas las órdenes vigentes; falta conciliación funcional entre períodos.";Admin / gerente / vendedor / contador según proyección;"pipeline; ordenes_produccion; cuentas_por_cobrar; gastos; consumos; sesiones";Se muestran conteos de órdenes activas y atrasadas, destacando atraso según fecha y estado operativo.;E2E-32: Se muestran conteos de órdenes activas y atrasadas, destacando atraso según fecha y estado operativo.;Entorno de prueba aislado, usuarios ficticios por rol, datos preparados y servicio correspondiente. Resolver la brecha documentada antes de aceptar el resultado integral.
DAS-04;Media;Completar cobertura funcional;"Situación de cartera. CxC pendiente/vencida usa saldos como la base; el ejecutivo compara dos consultas de cartera actual sin reconstruir el corte anterior. Falta conciliar universo y tendencia temporal; cálculo local no verifica KPI completo.";Admin / gerente / vendedor / contador según proyección;"pipeline; ordenes_produccion; cuentas_por_cobrar; gastos; consumos; sesiones";Se muestran CxC pendiente y CxC vencida en MXN a partir de saldos, no del valor original de documentos ya pagados.;E2E-32: Se muestran CxC pendiente y CxC vencida en MXN a partir de saldos, no del valor original de documentos ya pagados.;Entorno de prueba aislado, usuarios ficticios por rol, datos preparados y servicio correspondiente. Resolver la brecha documentada antes de aceptar el resultado integral.
DAS-05;Media;Completar cobertura funcional;"Rendimiento del pipeline. Hay conversión comercial y métricas de vendedor; no se demuestran tiempo medio de respuesta, proporción menor a 24 h y meta 80 % del catálogo.";Admin / gerente / vendedor / contador según proyección;"pipeline; ordenes_produccion; cuentas_por_cobrar; gastos; consumos; sesiones";Se muestran conversión aprobadas/total, tiempo medio de respuesta, proporción respondida dentro de 24 h y referencia de meta de 80%.;E2E-32: Se muestran conversión aprobadas/total, tiempo medio de respuesta, proporción respondida dentro de 24 h y referencia de meta de 80%.;Entorno de prueba aislado, usuarios ficticios por rol, datos preparados y servicio correspondiente. Resolver la brecha documentada antes de aceptar el resultado integral.
DAS-06;Media;Completar cobertura funcional;"Seguimientos y distribución del gasto. Distribución categorizada aparece en Gastos y alertas de estancamiento en Pipeline; no se cubre la agenda de seguimientos con vencimiento hoy del requisito.";Admin / gerente / vendedor / contador según proyección;"pipeline; ordenes_produccion; cuentas_por_cobrar; gastos; consumos; sesiones";Se muestra el aviso de seguimientos pendientes y la distribución mensual por categoría con importes y proporciones.;E2E-32: Se muestra el aviso de seguimientos pendientes y la distribución mensual por categoría con importes y proporciones.;Entorno de prueba aislado, usuarios ficticios por rol, datos preparados y servicio correspondiente. Resolver la brecha documentada antes de aceptar el resultado integral.
CLI-01;Media;Completar cobertura funcional;"Alta y edición del cliente. Alta/edición conserva datos comerciales y condiciones; tier manual se asigna aparte y no hay captura de fecha de inicio histórica equivalente. Falta persistencia ejecutada.";Admin / vendedor con permiso ver_clientes;"clientes; documentos_cliente; CxC para consumo y crédito";"Se conserva nombre comercial, razón social, RFC, contacto, email, teléfono, condiciones de pago, estado, límite de crédito y tier manual con fecha; el nombre comercial es requerido.";"E2E-03: Se conserva nombre comercial, razón social, RFC, contacto, email, teléfono, condiciones de pago, estado, límite de crédito y tier manual con fecha; el nombre comercial es requerido.";Entorno de prueba aislado, usuarios ficticios por rol, datos preparados y servicio correspondiente. Resolver la brecha documentada antes de aceptar el resultado integral.
CLI-02;Media;Completar cobertura funcional;"Búsqueda y filtros. Búsqueda, tier, estado, conteo y paginación disponibles; falta filtro por condición de pago y limpieza conjunta visible.";Admin / vendedor con permiso ver_clientes;"clientes; documentos_cliente; CxC para consumo y crédito";"Se puede consultar por tier, estado y condición de pago, ver cantidad de resultados y limpiar filtros. El filtro presenta activo/inactivo/prospecto; el formulario de este ZIP solo expone activo/inactivo.";"E2E-03: Se puede consultar por tier, estado y condición de pago, ver cantidad de resultados y limpiar filtros. El filtro presenta activo/inactivo/prospecto; el formulario de este ZIP solo expone activo/inactivo.";Entorno de prueba aislado, usuarios ficticios por rol, datos preparados y servicio correspondiente. Resolver la brecha documentada antes de aceptar el resultado integral.
CLI-03;Media;Completar cobertura funcional;"Listado y acceso a historial. Nombre abre ficha con datos y crédito; historial de oportunidades/órdenes es un texto pendiente y listado no muestra consumo ni conteo de órdenes.";Admin / vendedor con permiso ver_clientes;"clientes; documentos_cliente; CxC para consumo y crédito";Se muestran datos principales, cantidad de órdenes, tier, consumo, crédito y un historial vinculado al cliente seleccionado.;E2E-03: Se muestran datos principales, cantidad de órdenes, tier, consumo, crédito y un historial vinculado al cliente seleccionado.;Entorno de prueba aislado, usuarios ficticios por rol, datos preparados y servicio correspondiente. Resolver la brecha documentada antes de aceptar el resultado integral.
CLI-04;Media;Completar cobertura funcional;"Disponibilidad de crédito. Crédito disponible incorpora saldo a favor; nivel de advertencia usa >80 y no >=80. La ausencia de límite no tiene el resultado de la base. Mantener separados ambos conceptos.";Admin / vendedor con permiso ver_clientes;"clientes; documentos_cliente; CxC para consumo y crédito";"Se informa crédito utilizado, disponible y porcentaje; se distinguen niveles menores de 80%, desde 80% y desde 100%. Sin límite definido se muestra ausencia de límite calculado.";"E2E-03: Se informa crédito utilizado, disponible y porcentaje; se distinguen niveles menores de 80%, desde 80% y desde 100%. Sin límite definido se muestra ausencia de límite calculado.";"Entorno de prueba aislado, usuarios ficticios por rol, datos preparados y servicio correspondiente. Resolver D-09 para la variante indicada; no bloquea otras comprobaciones. Resolver la brecha documentada antes de aceptar el resultado integral."
CLI-05;Media;Completar cobertura funcional;"Tier automático por consumo. Tier se calcula sobre CxC no canceladas por fecha de creación, no órdenes entregadas; falta progreso al siguiente tier y descuento visible completo.";Admin / vendedor con permiso ver_clientes;"clientes; documentos_cliente; CxC para consumo y crédito";Se obtiene el tier por consumo elegible y se muestran descuento, consumo acumulado, siguiente tier, importe faltante y progreso hacia él.;E2E-04: Se obtiene el tier por consumo elegible y se muestran descuento, consumo acumulado, siguiente tier, importe faltante y progreso hacia él.;Entorno de prueba aislado, usuarios ficticios por rol, datos preparados y servicio correspondiente. Resolver la brecha documentada antes de aceptar el resultado integral.
CLI-06;Media;Completar cobertura funcional;"Tier inicial temporal. Tier manual vigente prevalece aunque sea menos beneficioso que automático; prueba local confirma esta regla distinta. Caducidad existe, falta máximo beneficio e inicio elegido.";Admin / vendedor con permiso ver_clientes;"clientes; documentos_cliente; CxC para consumo y crédito";"Se informa vigencia de 90 días; mientras está vigente se toma el descuento más beneficioso entre manual y automático; vencida la vigencia se evalúa el consumo real.";"E2E-04: Se informa vigencia de 90 días; mientras está vigente se toma el descuento más beneficioso entre manual y automático; vencida la vigencia se evalúa el consumo real.";Entorno de prueba aislado, usuarios ficticios por rol, datos preparados y servicio correspondiente. Resolver la brecha documentada antes de aceptar el resultado integral.
CLI-07;Alta;Completar cobertura funcional;"Historial de órdenes. La pestaña Oportunidades muestra que el historial se conecta en Fase 5; no ofrece órdenes navegables del cliente.";Admin / vendedor con permiso ver_clientes;"clientes; documentos_cliente; CxC para consumo y crédito";"Se listan órdenes del cliente con área, fecha y estado, ordenadas por aprobación; no se atribuye al ZIP un historial navegable completo de cotizaciones ni un portal externo de clientes.";"E2E-14: Se listan órdenes del cliente con área, fecha y estado, ordenadas por aprobación; no se atribuye al ZIP un historial navegable completo de cotizaciones ni un portal externo de clientes.";Entorno de prueba aislado, usuarios ficticios por rol, datos preparados y servicio correspondiente. Resolver la brecha documentada antes de aceptar el resultado integral.
CLI-08;Alta;Completar cobertura funcional;"Repetición de un trabajo. No se encontró acción de repetir desde historial ni reinicio de ejecución para un nuevo pedido; el historial tampoco está conectado.";Admin / vendedor con permiso ver_clientes;"clientes; documentos_cliente; CxC para consumo y crédito";"Se puede reutilizar información comercial/técnica para un nuevo trabajo y reconocer su nuevo identificador. En el objetivo, reiniciar avances, sesiones, pagos y documentos propios de la ejecución anterior; el canal de creación se ajusta a OBS-15.";"E2E-14: Se puede reutilizar información comercial/técnica para un nuevo trabajo y reconocer su nuevo identificador. En el objetivo, reiniciar avances, sesiones, pagos y documentos propios de la ejecución anterior; el canal de creación se ajusta a OBS-15.";"Entorno de prueba aislado, usuarios ficticios por rol, datos preparados y servicio correspondiente. Resolver D-01 para la variante indicada; no bloquea otras comprobaciones. Resolver la brecha documentada antes de aceptar el resultado integral."
RFQ-01;Alta;Completar cobertura funcional;Cotización multilínea. Prospecto captura contacto, empresa y condiciones. Formulario multilínea aislado contiene descripción/material/cantidad/precio/procesos, pero no está montado en rutas ni contiene todos los campos pedidos.;Admin / vendedor / gerente según permiso;"pipeline; cotizacion_lineas; clientes; ordenes_produccion";"Se capturan cliente, contacto, PO, prioridad, moneda, condiciones, fecha requerida, horas estimadas, responsable, seguimiento, estado, notas, archivos y varias líneas; una línea contiene descripción, material, espesor, cantidad, precio unitario, área y procesos.";"E2E-05: Se capturan cliente, contacto, PO, prioridad, moneda, condiciones, fecha requerida, horas estimadas, responsable, seguimiento, estado, notas, archivos y varias líneas; una línea contiene descripción, material, espesor, cantidad, precio unitario, área y procesos.";Entorno de prueba aislado, usuarios ficticios por rol, datos preparados y servicio correspondiente. Resolver la brecha documentada antes de aceptar el resultado integral.
RFQ-02;Media;Completar cobertura funcional;"Alta rápida de cliente. Promoción a cliente ocurre al ganar la oportunidad; no hay alta contextual desde cotización con selección inmediata ni preservación del borrador.";Admin / vendedor / gerente según permiso;"pipeline; cotizacion_lineas; clientes; ordenes_produccion";"Desde el modal comercial se abre Nuevo cliente, se captura nombre comercial, razón social, RFC, contacto, teléfono y condición de pago; al guardar queda en Clientes y seleccionado en la cotización sin perderla.";"E2E-05: Desde el modal comercial se abre Nuevo cliente, se captura nombre comercial, razón social, RFC, contacto, teléfono y condición de pago; al guardar queda en Clientes y seleccionado en la cotización sin perderla.";Entorno de prueba aislado, usuarios ficticios por rol, datos preparados y servicio correspondiente. Resolver la brecha documentada antes de aceptar el resultado integral.
RFQ-03;Media;Completar cobertura funcional;"Condiciones y descuento del cliente. No se encontró herencia del cliente seleccionado ni línea de descuento por tier; el formulario aislado solo calcula cantidades y precios positivos.";Admin / vendedor / gerente según permiso;"pipeline; cotizacion_lineas; clientes; ordenes_produccion";"Se heredan las condiciones de pago y se muestra su tier; el descuento se representa como una línea identificable, se puede quitar y afecta los totales. Recalcularlo al cambiar la base comercial.";"E2E-05: Se heredan las condiciones de pago y se muestra su tier; el descuento se representa como una línea identificable, se puede quitar y afecta los totales. Recalcularlo al cambiar la base comercial.";Entorno de prueba aislado, usuarios ficticios por rol, datos preparados y servicio correspondiente. Resolver la brecha documentada antes de aceptar el resultado integral.
RFQ-04;Alta;Completar cobertura funcional;"Gestión de líneas. Formulario aislado agrega/quita líneas y conserva una; acciones guardan líneas. No existe punto de entrada operativo a ese formulario en la UI actual.";Admin / vendedor / gerente según permiso;"pipeline; cotizacion_lineas; clientes; ordenes_produccion";"Se actualizan cantidad, precio y subtotal; se permite más de una solicitud en la misma cotización y se conserva al menos una línea comercial editable.";"E2E-05: Se actualizan cantidad, precio y subtotal; se permite más de una solicitud en la misma cotización y se conserva al menos una línea comercial editable.";Entorno de prueba aislado, usuarios ficticios por rol, datos preparados y servicio correspondiente. Resolver la brecha documentada antes de aceptar el resultado integral.
RFQ-05;Alta;Completar cobertura funcional;Áreas y procesos por línea. Contratos y partidas admiten área/procesos, pero formulario no captura área ni secuencia técnica por catálogo y no se acredita distribución multicentro al aprobar.;Admin / vendedor / gerente según permiso;"pipeline; cotizacion_lineas; clientes; ordenes_produccion";"Cada línea puede tener área y varios procesos; una misma orden resultante puede involucrar varias áreas; se distingue la secuencia seleccionada y se excluyen líneas de descuento de las partidas fabricables.";"E2E-07: Cada línea puede tener área y varios procesos; una misma orden resultante puede involucrar varias áreas; se distingue la secuencia seleccionada y se excluyen líneas de descuento de las partidas fabricables.";"Entorno de prueba aislado, usuarios ficticios por rol, datos preparados y servicio correspondiente. Resolver D-13 para la variante indicada; no bloquea otras comprobaciones. Resolver la brecha documentada antes de aceptar el resultado integral."
RFQ-06;Media;Completar cobertura funcional;"Trabajo externo. No se encontró captura de proveedor externo por línea ni traspaso de ese dato a la partida; catálogo de proveedores de Inventario no demuestra esta relación.";Admin / vendedor / gerente según permiso;"pipeline; cotizacion_lineas; clientes; ordenes_produccion";"La línea identifica su condición externa, procesos y proveedor externo de texto; esos datos acompañan la partida generada. No equivale a un módulo completo de proveedores/compras.";"E2E-07: La línea identifica su condición externa, procesos y proveedor externo de texto; esos datos acompañan la partida generada. No equivale a un módulo completo de proveedores/compras.";"Entorno de prueba aislado, usuarios ficticios por rol, datos preparados y servicio correspondiente. Resolver D-13 para la variante indicada; no bloquea otras comprobaciones. Resolver la brecha documentada antes de aceptar el resultado integral."
RFQ-07;Media;Obtener evidencia funcional;"Estados comerciales. Etapas prospecto/contactado/cotizado/negociación/ganada/perdida y prioridades ofrecen equivalencia comercial candidata; falta recorrer transiciones y rechazo en UI.";Admin / vendedor / gerente según permiso;"pipeline; cotizacion_lineas; clientes; ordenes_produccion";"Se reconocen pendiente, enviada, aprobada y rechazada; prioridad normal/media/alta y etiquetas son dimensiones separadas del estado de producción.";"E2E-06: Se reconocen pendiente, enviada, aprobada y rechazada; prioridad normal/media/alta y etiquetas son dimensiones separadas del estado de producción.";Entorno de prueba aislado, usuarios ficticios por rol, datos preparados y servicio correspondiente.
RFQ-08;Media;Completar cobertura funcional;"Fechas de envío y seguimiento. Hay marcas de etapa y alertas por antigüedad; no calendario editable de envío, seguimiento a tres días hábiles y vencimiento a diez.";Admin / vendedor / gerente según permiso;"pipeline; cotizacion_lineas; clientes; ordenes_produccion";"Se propone envío de hoy, seguimiento a tres días hábiles y vencimiento a diez días hábiles; las fechas pueden consultarse y editarse.";"E2E-06: Se propone envío de hoy, seguimiento a tres días hábiles y vencimiento a diez días hábiles; las fechas pueden consultarse y editarse.";Entorno de prueba aislado, usuarios ficticios por rol, datos preparados y servicio correspondiente. Resolver la brecha documentada antes de aceptar el resultado integral.
RFQ-09;Alta;Completar cobertura funcional;Identificación de trabajos internos. No se encontró indicador TI ni ruta comercial sin venta/CxC. Los tipos de pipeline/orden y su aprobación no distinguen orden interna.;Admin / vendedor / gerente según permiso;"pipeline; cotizacion_lineas; clientes; ordenes_produccion";"Se diferencia el trabajo interno TI, se genera folio con prefijo TI y se preserva esa condición al crear la orden; no se genera AR comercial por esa aprobación.";"E2E-09: Se diferencia el trabajo interno TI, se genera folio con prefijo TI y se preserva esa condición al crear la orden; no se genera AR comercial por esa aprobación.";Entorno de prueba aislado, usuarios ficticios por rol, datos preparados y servicio correspondiente. Resolver la brecha documentada antes de aceptar el resultado integral.
RFQ-10;Media;Completar cobertura funcional;"Folio comercial mensual. Generación de folios OP/CNC y vínculo a orden disponibles; falta demostrar formato mensual y continuidad de una cadena con datos persistidos, incluyendo colisiones.";Admin / vendedor / gerente según permiso;"pipeline; cotizacion_lineas; clientes; ordenes_produccion";"Se genera identificador CNCMMYY-NNN a partir de mes/año y secuencia, considerando folios existentes y contador; el folio se comparte como referencia entre cotización y orden.";"E2E-07: Se genera identificador CNCMMYY-NNN a partir de mes/año y secuencia, considerando folios existentes y contador; el folio se comparte como referencia entre cotización y orden.";Entorno de prueba aislado, usuarios ficticios por rol, datos preparados y servicio correspondiente. Resolver la brecha documentada antes de aceptar el resultado integral.
RFQ-11;Media;Completar cobertura funcional;"Moneda e impuesto de cotización. Motor de subtotal/IVA por moneda pasa pruebas; formulario aislado no ofrece selector de IVA ni equivalente MXN y no está conectado al usuario.";Admin / vendedor / gerente según permiso;"pipeline; cotizacion_lineas; clientes; ordenes_produccion";"Se muestran subtotal, IVA opcional, total en moneda y equivalente MXN para USD. El ZIP contiene IVA 16% en estas operaciones; cualquier tasa objetivo distinta debe registrarse como regla de negocio explícita.";"E2E-05: Se muestran subtotal, IVA opcional, total en moneda y equivalente MXN para USD. El ZIP contiene IVA 16% en estas operaciones; cualquier tasa objetivo distinta debe registrarse como regla de negocio explícita.";"Entorno de prueba aislado, usuarios ficticios por rol, datos preparados y servicio correspondiente. Resolver D-16 para la variante indicada; no bloquea otras comprobaciones. Resolver la brecha documentada antes de aceptar el resultado integral."
RFQ-12;Media;Completar cobertura funcional;Etiquetas múltiples. Tipo de oportunidad conserva etiquetas, pero no se encontró editor múltiple ni filtro/representación de etiquetas en tabla y tarjeta.;Admin / vendedor / gerente según permiso;"pipeline; cotizacion_lineas; clientes; ordenes_produccion";"Se añaden o quitan varias etiquetas de configuración sin sustituir el estado; se ven en el listado y sirven para filtrar.";"E2E-06: Se añaden o quitan varias etiquetas de configuración sin sustituir el estado; se ven en el listado y sirven para filtrar.";Entorno de prueba aislado, usuarios ficticios por rol, datos preparados y servicio correspondiente. Resolver la brecha documentada antes de aceptar el resultado integral.
RFQ-13;Media;Completar cobertura funcional;"Búsqueda y combinación de filtros. Servicio admite etapa/vendedor/texto por empresa/contacto; tablero no ofrece la batería combinada de folio, cliente, área, prioridad, etiqueta y período.";Admin / vendedor / gerente según permiso;"pipeline; cotizacion_lineas; clientes; ordenes_produccion";"Se busca por folio o cliente y se filtra por estado, cliente, área, prioridad, etiqueta y período; se muestra número de resultados y acción de limpiar.";"E2E-06: Se busca por folio o cliente y se filtra por estado, cliente, área, prioridad, etiqueta y período; se muestra número de resultados y acción de limpiar.";Entorno de prueba aislado, usuarios ficticios por rol, datos preparados y servicio correspondiente. Resolver la brecha documentada antes de aceptar el resultado integral.
RFQ-14;Media;Completar cobertura funcional;"Resumen de pipeline. Kanban cuenta oportunidades por etapa y Dashboard aporta indicadores; falta resumen monetario pendiente/enviado y estado de OP vinculada en cada fila.";Admin / vendedor / gerente según permiso;"pipeline; cotizacion_lineas; clientes; ordenes_produccion";"Se muestran total, aprobadas, conversión, importe pendiente/enviado y conteo/importe por estado; cada fila muestra seguimiento y estado de la orden vinculada.";"E2E-06: Se muestran total, aprobadas, conversión, importe pendiente/enviado y conteo/importe por estado; cada fila muestra seguimiento y estado de la orden vinculada.";Entorno de prueba aislado, usuarios ficticios por rol, datos preparados y servicio correspondiente. Resolver la brecha documentada antes de aceptar el resultado integral.
RFQ-15;Alta;Completar cobertura funcional;"Aprobación comercial integrada. Ganar crea una OP y partidas mediante RPC y devuelve cadena idempotente; no crea CxC borrador y faltan campos comerciales/técnicos completos y entrada a cotización.";Admin / vendedor / gerente según permiso;"pipeline; cotizacion_lineas; clientes; ordenes_produccion";"Se marca aprobada, se genera orden en Aprobado con cliente, líneas, áreas, procesos, metas, horas, PO, notas y adjuntos; se crea AR en borrador con saldo y condiciones. Una repetición de la aprobación debe conservar una sola cadena de documentos.";"E2E-07: Se marca aprobada, se genera orden en Aprobado con cliente, líneas, áreas, procesos, metas, horas, PO, notas y adjuntos; se crea AR en borrador con saldo y condiciones. Una repetición de la aprobación debe conservar una sola cadena de documentos.";"Entorno de prueba aislado, usuarios ficticios por rol, datos preparados y servicio correspondiente. Resolver D-04 para la variante indicada; no bloquea otras comprobaciones. Resolver la brecha documentada antes de aceptar el resultado integral."
RFQ-16;Alta;Completar cobertura funcional;Autorización por límite de crédito. Existe cálculo informativo de crédito, pero ganar no llama verificación de límite ni ofrece autorización/cancelación por exceso.;Admin / vendedor / gerente según permiso;"pipeline; cotizacion_lineas; clientes; ordenes_produccion";"Se solicita autorización administrativa antes de continuar; confirmar permite la aprobación, cancelar mantiene la cotización sin aprobar. No inventar en la base un control de crédito proyectado si no está evidenciado.";"E2E-08: Se solicita autorización administrativa antes de continuar; confirmar permite la aprobación, cancelar mantiene la cotización sin aprobar. No inventar en la base un control de crédito proyectado si no está evidenciado.";Entorno de prueba aislado, usuarios ficticios por rol, datos preparados y servicio correspondiente. Resolver la brecha documentada antes de aceptar el resultado integral.
RFQ-17;Media;Completar cobertura funcional;Edición posterior y aviso a taller. Hay acción de reemplazo de líneas, sin interfaz conectada ni aviso y sincronización posterior a taller que preserve avance.;Admin / vendedor / gerente según permiso;"pipeline; cotizacion_lineas; clientes; ordenes_produccion";"Se conserva folio, se marca cambio comercial y la orden puede aparecer como pendiente de sincronizar; se permite trasladar el cambio mediante la acción de sincronización de Órdenes.";"E2E-13: Se conserva folio, se marca cambio comercial y la orden puede aparecer como pendiente de sincronizar; se permite trasladar el cambio mediante la acción de sincronización de Órdenes.";Entorno de prueba aislado, usuarios ficticios por rol, datos preparados y servicio correspondiente. Resolver la brecha documentada antes de aceptar el resultado integral.
RFQ-18;Media;Completar cobertura funcional;"Retiro de cotización sin orden. La UI permite pérdida comercial con motivo; no equivale al retiro de una cotización sin orden y no hay acción de baja conectada.";Admin / vendedor / gerente según permiso;"pipeline; cotizacion_lineas; clientes; ordenes_produccion";"Se pide confirmación y se retira esa cotización; no se usa el retiro como sustituto de cancelar una orden en curso.";"E2E-16: Se pide confirmación y se retira esa cotización; no se usa el retiro como sustituto de cancelar una orden en curso.";Entorno de prueba aislado, usuarios ficticios por rol, datos preparados y servicio correspondiente. Resolver la brecha documentada antes de aceptar el resultado integral.
RFQ-19;Media;Completar cobertura funcional;Archivos de solicitud. Acción de adjunto existe, pero no está consumida por interfaz de Pipeline ni demuestra propagación y lectura en taller.;Admin / vendedor / gerente según permiso;"pipeline; cotizacion_lineas; clientes; ordenes_produccion";"Se ven los nombres, se pueden abrir y quitar del formulario; los archivos acompañan a la orden y pueden ser consultados en Producción.";"E2E-12: Se ven los nombres, se pueden abrir y quitar del formulario; los archivos acompañan a la orden y pueden ser consultados en Producción.";"Entorno de prueba aislado, usuarios ficticios por rol, datos preparados y servicio correspondiente. Resolver D-14 para la variante indicada; no bloquea otras comprobaciones. Resolver la brecha documentada antes de aceptar el resultado integral."
COT-01;Alta;Completar cobertura funcional;"Cálculo dentro de la cotización. No se encontró calculadora técnica contextual que aplique precio/material/espesor a la línea; el formulario comercial aislado hace sumas de precios capturados.";Responsable comercial / cotizador;"cotizacion_lineas; configuracion_sistema.tarifas_json; geometría no localizada";"Se abre un modal sin abandonar la RFQ; al confirmar traslada precio unitario, material, espesor y datos de cálculo a esa línea.";"E2E-10: Se abre un modal sin abandonar la RFQ; al confirmar traslada precio unitario, material, espesor y datos de cálculo a esa línea.";"Entorno de prueba aislado, usuarios ficticios por rol, datos preparados y servicio correspondiente. Resolver D-12 para la variante indicada; no bloquea otras comprobaciones. Resolver la brecha documentada antes de aceptar el resultado integral."
COT-02;Alta;Completar cobertura funcional;"Procesos acumulables. No se encontró motor de costos acumulados para láser/router/doblado/fabricación/flete; procesos de texto no ejecutan cálculos por estación.";Responsable comercial / cotizador;"cotizacion_lineas; configuracion_sistema.tarifas_json; geometría no localizada";Se combinan Corte Láser, Router CNC, Dobladora, Fabricación y Otros/Flete, y el costo total suma las estaciones activas.;E2E-10: Se combinan Corte Láser, Router CNC, Dobladora, Fabricación y Otros/Flete, y el costo total suma las estaciones activas.;"Entorno de prueba aislado, usuarios ficticios por rol, datos preparados y servicio correspondiente. Resolver D-12 para la variante indicada; no bloquea otras comprobaciones. Resolver la brecha documentada antes de aceptar el resultado integral."
COT-03;Alta;Completar cobertura funcional;"Material y cantidad. Se admiten material textual y cantidad en el formulario aislado; faltan selección de material técnico, espesor y costo unitario derivado del motor.";Responsable comercial / cotizador;"cotizacion_lineas; configuracion_sistema.tarifas_json; geometría no localizada";"Se selecciona acero al carbono, acero inoxidable, aluminio u otro; se indica espesor en mm y cantidad; el costo unitario se obtiene del costo total y la cantidad.";"E2E-10: Se selecciona acero al carbono, acero inoxidable, aluminio u otro; se indica espesor en mm y cantidad; el costo unitario se obtiene del costo total y la cantidad.";"Entorno de prueba aislado, usuarios ficticios por rol, datos preparados y servicio correspondiente. Resolver D-12 para la variante indicada; no bloquea otras comprobaciones. Resolver la brecha documentada antes de aceptar el resultado integral."
COT-04;Alta;Completar cobertura funcional;Lectura geométrica DXF. No se encontró lector DXF ni extracción/conversión de unidades, perímetro, perforaciones o envolvente.;Responsable comercial / cotizador;"cotizacion_lineas; configuracion_sistema.tarifas_json; geometría no localizada";"Se detectan unidades y se convierten a mm; se presentan dimensiones, perímetro en metros, perforaciones y área rectangular envolvente estimada; perímetro y perforaciones precargan láser y siguen siendo editables.";"E2E-10: Se detectan unidades y se convierten a mm; se presentan dimensiones, perímetro en metros, perforaciones y área rectangular envolvente estimada; perímetro y perforaciones precargan láser y siguen siendo editables.";"Entorno de prueba aislado, usuarios ficticios por rol, datos preparados y servicio correspondiente. Resolver D-12 para la variante indicada; no bloquea otras comprobaciones. Resolver la brecha documentada antes de aceptar el resultado integral."
COT-05;Alta;Completar cobertura funcional;"Compatibilidad de geometrías DXF. No se encontró parser de entidades DXF ni pruebas de geometrías y unidades; tampoco una dependencia geométrica declarada.";Responsable comercial / cotizador;"cotizacion_lineas; configuracion_sistema.tarifas_json; geometría no localizada";"Se reconocen LINE, CIRCLE, ARC, ELLIPSE, LWPOLYLINE, POLYLINE y SPLINE según el lector del adjunto; se diferencian estimaciones de geometría de un cálculo industrial certificado. Unidades previstas: mm, pulgadas, cm, m y pies.";"E2E-10: Se reconocen LINE, CIRCLE, ARC, ELLIPSE, LWPOLYLINE, POLYLINE y SPLINE según el lector del adjunto; se diferencian estimaciones de geometría de un cálculo industrial certificado. Unidades previstas: mm, pulgadas, cm, m y pies.";"Entorno de prueba aislado, usuarios ficticios por rol, datos preparados y servicio correspondiente. Resolver D-12 para la variante indicada; no bloquea otras comprobaciones. Resolver la brecha documentada antes de aceptar el resultado integral."
COT-06;Alta;Completar cobertura funcional;EPS y AI con captura manual. No se encontró lectura BoundingBox EPS ni captura técnica manual de AI/EPS conectada a cotización.;Responsable comercial / cotizador;"cotizacion_lineas; configuracion_sistema.tarifas_json; geometría no localizada";"EPS con BoundingBox propone dimensiones; el resto se captura manualmente. AI se trata como diseño adjuntable con parámetros manuales; no se exige lectura automática que el adjunto no ofrece.";"E2E-10: EPS con BoundingBox propone dimensiones; el resto se captura manualmente. AI se trata como diseño adjuntable con parámetros manuales; no se exige lectura automática que el adjunto no ofrece.";"Entorno de prueba aislado, usuarios ficticios por rol, datos preparados y servicio correspondiente. Resolver D-12 para la variante indicada; no bloquea otras comprobaciones. Resolver la brecha documentada antes de aceptar el resultado integral."
COT-07;Alta;Completar cobertura funcional;"Costo de corte láser. Parámetros generales de láser no constituyen cálculo de corte/perforación/gas/setup/material; falta el motor y la pantalla del resultado.";Responsable comercial / cotizador;"cotizacion_lineas; configuracion_sistema.tarifas_json; geometría no localizada";"Se consideran horas de corte, tiempo de perforación por material/espesor, tarifa de máquina, consumo y costo del gas, setup y costo de material; se admiten O2, N2 y aire.";"E2E-11: Se consideran horas de corte, tiempo de perforación por material/espesor, tarifa de máquina, consumo y costo del gas, setup y costo de material; se admiten O2, N2 y aire.";"Entorno de prueba aislado, usuarios ficticios por rol, datos preparados y servicio correspondiente. Resolver D-12 para la variante indicada; no bloquea otras comprobaciones. Resolver la brecha documentada antes de aceptar el resultado integral."
COT-08;Alta;Completar cobertura funcional;"Costo de router. No se encontró cálculo router por fresa, horas, setup y material; tarifas generales no cubren ese resultado.";Responsable comercial / cotizador;"cotizacion_lineas; configuracion_sistema.tarifas_json; geometría no localizada";Se capturan End-mill/Ball-nose, número de fresas, horas de maquinado, setup y costo de material, usando las tarifas configuradas.;E2E-11: Se capturan End-mill/Ball-nose, número de fresas, horas de maquinado, setup y costo de material, usando las tarifas configuradas.;"Entorno de prueba aislado, usuarios ficticios por rol, datos preparados y servicio correspondiente. Resolver D-12 para la variante indicada; no bloquea otras comprobaciones. Resolver la brecha documentada antes de aceptar el resultado integral."
COT-09;Alta;Completar cobertura funcional;Costo de doblado. No se encontró cálculo doblado por complejidad/longitud/productividad y segundo operario.;Responsable comercial / cotizador;"cotizacion_lineas; configuracion_sistema.tarifas_json; geometría no localizada";"Se capturan complejidad simple/media/compleja, longitud, setup, material y segundo operario; se calcula productividad afectada por longitud y costo adicional del segundo operario.";"E2E-11: Se capturan complejidad simple/media/compleja, longitud, setup, material y segundo operario; se calcula productividad afectada por longitud y costo adicional del segundo operario.";"Entorno de prueba aislado, usuarios ficticios por rol, datos preparados y servicio correspondiente. Resolver D-12 para la variante indicada; no bloquea otras comprobaciones. Resolver la brecha documentada antes de aceptar el resultado integral."
COT-10;Alta;Completar cobertura funcional;"Fabricación y otros costos. No se encontró cálculo acumulado de fabricación/soldadura/acabados/consumibles/flete en cotización; Gastos registra costo real posterior.";Responsable comercial / cotizador;"cotizacion_lineas; configuracion_sistema.tarifas_json; geometría no localizada";"Se capturan horas de mano de obra, soldadura, acabados, materiales, otros/subcontrato, flete y otros costos; soldadura incluye sus consumibles.";"E2E-11: Se capturan horas de mano de obra, soldadura, acabados, materiales, otros/subcontrato, flete y otros costos; soldadura incluye sus consumibles.";"Entorno de prueba aislado, usuarios ficticios por rol, datos preparados y servicio correspondiente. Resolver D-12 para la variante indicada; no bloquea otras comprobaciones. Resolver la brecha documentada antes de aceptar el resultado integral."
COT-11;Alta;Completar cobertura funcional;"Precio y recargo. Se configura margen predeterminado pero no se encontró consumidor que calcule precio desde costo con recargo; total comercial no demuestra este cálculo.";Responsable comercial / cotizador;"cotizacion_lineas; configuracion_sistema.tarifas_json; geometría no localizada";"Se muestran costo total, costo unitario y precio unitario; el cálculo base es costo unitario por (1 + porcentaje/100), es decir recargo sobre costo. No sustituirlo silenciosamente por margen sobre venta.";"E2E-11: Se muestran costo total, costo unitario y precio unitario; el cálculo base es costo unitario por (1 + porcentaje/100), es decir recargo sobre costo. No sustituirlo silenciosamente por margen sobre venta.";"Entorno de prueba aislado, usuarios ficticios por rol, datos preparados y servicio correspondiente. Resolver D-11 para la variante indicada; no bloquea otras comprobaciones. Resolver la brecha documentada antes de aceptar el resultado integral."
ORD-01;Media;Completar cobertura funcional;"Listado y filtros. Tabla filtra máquina y estado con folio/avance/compromiso; proyección omite cliente, origen y TI y no implementa todos los filtros requeridos.";Admin / responsable de producción;"ordenes_produccion; partidas_orden_produccion; pipeline; programacion_areas";"Se ve folio, origen RFQ/manual, cliente, área, horas, fecha y estado; se combina búsqueda por ID/cliente/notas con estado, área, cliente, tipo TI/comercial y período; se pueden limpiar filtros.";"E2E-15: Se ve folio, origen RFQ/manual, cliente, área, horas, fecha y estado; se combina búsqueda por ID/cliente/notas con estado, área, cliente, tipo TI/comercial y período; se pueden limpiar filtros.";Entorno de prueba aislado, usuarios ficticios por rol, datos preparados y servicio correspondiente. Resolver la brecha documentada antes de aceptar el resultado integral.
ORD-02;Media;Completar cobertura funcional;"Resumen operativo e interno. Avance y estados visibles; faltan resumen mensual TI, horas dedicadas y conteos completos del universo base.";Admin / responsable de producción;"ordenes_produccion; partidas_orden_produccion; pipeline; programacion_areas";"Se muestran totales, en proceso, atrasadas y entregadas; las TI incluyen conteo mensual, horas dedicadas y trabajos en progreso.";"E2E-09: Se muestran totales, en proceso, atrasadas y entregadas; las TI incluyen conteo mensual, horas dedicadas y trabajos en progreso.";Entorno de prueba aislado, usuarios ficticios por rol, datos preparados y servicio correspondiente. Resolver la brecha documentada antes de aceptar el resultado integral.
ORD-03;Media;Completar cobertura funcional;"Detalle integral. Selección abre partidas y comentarios; no detalle integral con cliente, importes, eficiencia, sesiones y adjuntos de todas las fuentes.";Admin / responsable de producción;"ordenes_produccion; partidas_orden_produccion; pipeline; programacion_areas";Se abre un modal con cliente, fechas, horas estimadas/reales, eficiencia, sesiones, líneas con importes y adjuntos de entrada, salida y sesiones.;E2E-15: Se abre un modal con cliente, fechas, horas estimadas/reales, eficiencia, sesiones, líneas con importes y adjuntos de entrada, salida y sesiones.;"Entorno de prueba aislado, usuarios ficticios por rol, datos preparados y servicio correspondiente. Resolver D-14 para la variante indicada; no bloquea otras comprobaciones. Resolver la brecha documentada antes de aceptar el resultado integral."
ORD-05;Media;Completar cobertura funcional;"Edición de orden. Hay cambios de estado/asignación; no editor conectado de cabecera, procesos, partidas y adjuntos ni política de edición según ejecución.";Admin / responsable de producción;"ordenes_produccion; partidas_orden_produccion; pipeline; programacion_areas";Se pueden cambiar RFQ vinculada, cliente, área, procesos, horas estimadas, fecha requerida, estado, notas, partidas y archivos. La versión objetivo debe definir qué campos siguen editables después de iniciar y preservar la ejecución ya registrada.;E2E-15: Se pueden cambiar RFQ vinculada, cliente, área, procesos, horas estimadas, fecha requerida, estado, notas, partidas y archivos. La versión objetivo debe definir qué campos siguen editables después de iniciar y preservar la ejecución ya registrada.;Entorno de prueba aislado, usuarios ficticios por rol, datos preparados y servicio correspondiente. Resolver la brecha documentada antes de aceptar el resultado integral.
ORD-06;Media;Resolver decisión de negocio;"Captura de trabajo heredado. Excepción de ingreso histórico pendiente de negocio. El alta manual actual no captura el paquete de referencia ni genera AR borrador; no eliminar la capacidad histórica del inventario.";Admin / responsable de producción;"ordenes_produccion; partidas_orden_produccion; pipeline; programacion_areas";"Se captura ID previo único, cliente, monto sin IVA, IVA, condición de pago, referencia externa, área, procesos, fecha, horas, notas, archivos y partes; crea orden en Bandeja y AR borrador sin consumir folio RFQ. Reconciliar esta excepción con OBS-15.";"E2E-14: Se captura ID previo único, cliente, monto sin IVA, IVA, condición de pago, referencia externa, área, procesos, fecha, horas, notas, archivos y partes; crea orden en Bandeja y AR borrador sin consumir folio RFQ. Reconciliar esta excepción con OBS-15.";"Entorno de prueba aislado, usuarios ficticios por rol, datos preparados y servicio correspondiente. Resolver D-01 para la variante indicada; no bloquea otras comprobaciones."
ORD-07;Media;Completar cobertura funcional;"Partes y metas. Alta captura partidas, material, cantidades/unidad; no ofrece metas por cada proceso y su edición ordenada después del alta.";Admin / responsable de producción;"ordenes_produccion; partidas_orden_produccion; pipeline; programacion_areas";Se agregan/retiran partes, se define número o nombre de parte, descripción, material y cantidad, se seleccionan procesos ordenados y se indica meta de piezas por proceso.;E2E-15: Se agregan/retiran partes, se define número o nombre de parte, descripción, material y cantidad, se seleccionan procesos ordenados y se indica meta de piezas por proceso.;Entorno de prueba aislado, usuarios ficticios por rol, datos preparados y servicio correspondiente. Resolver la brecha documentada antes de aceptar el resultado integral.
ORD-08;Alta;Completar cobertura funcional;Sincronización comercial. No se encontró sincronización de cambios comerciales pendientes hacia una OP existente preservando IDs/avance.;Admin / responsable de producción;"ordenes_produccion; partidas_orden_produccion; pipeline; programacion_areas";"Se actualizan líneas, áreas, procesos, proveedores y archivos de la orden; se preservan identificadores compatibles y avances existentes; se marca sincronizada y deja de mostrar aviso de cambio pendiente.";"E2E-13: Se actualizan líneas, áreas, procesos, proveedores y archivos de la orden; se preservan identificadores compatibles y avances existentes; se marca sincronizada y deja de mostrar aviso de cambio pendiente.";Entorno de prueba aislado, usuarios ficticios por rol, datos preparados y servicio correspondiente. Resolver la brecha documentada antes de aceptar el resultado integral.
ORD-09;Media;Completar cobertura funcional;Nuevos archivos durante ejecución. No se encontró aviso de nuevos archivos ni acuse visto desde orden/piso.;Admin / responsable de producción;"ordenes_produccion; partidas_orden_produccion; pipeline; programacion_areas";"El operador ve aviso de nuevos archivos y puede marcarlo visto; puede consultar los documentos comerciales y de la orden desde el detalle.";"E2E-12: El operador ve aviso de nuevos archivos y puede marcarlo visto; puede consultar los documentos comerciales y de la orden desde el detalle.";"Entorno de prueba aislado, usuarios ficticios por rol, datos preparados y servicio correspondiente. Resolver D-14 para la variante indicada; no bloquea otras comprobaciones. Resolver la brecha documentada antes de aceptar el resultado integral."
ORD-10;Media;Completar cobertura funcional;"Eliminación administrativa. Cancelación lógica con motivo preserva la orden; no se acredita reconciliación de su CxC/programación ni equivalencia de retiro con AR pendiente.";Admin / responsable de producción;"ordenes_produccion; partidas_orden_produccion; pipeline; programacion_areas";"Se confirma el retiro y se comprueba si existe AR activo pendiente/borrador; con ese vínculo no procede la eliminación. La versión mejorada puede usar baja lógica equivalente y debe preservar trazabilidad histórica.";"E2E-16: Se confirma el retiro y se comprueba si existe AR activo pendiente/borrador; con ese vínculo no procede la eliminación. La versión mejorada puede usar baja lógica equivalente y debe preservar trazabilidad histórica.";"Entorno de prueba aislado, usuarios ficticios por rol, datos preparados y servicio correspondiente. Resolver D-06 para la variante indicada; no bloquea otras comprobaciones. Resolver la brecha documentada antes de aceptar el resultado integral."
ORD-11;Media;Completar cobertura funcional;Comparativa de desempeño. Se registran tiempos y costos, pero no existe comparativa conectada de eficiencia/puntualidad/incidencias/venta por orden y agregados.;Admin / responsable de producción;"ordenes_produccion; partidas_orden_produccion; pipeline; programacion_areas";"Se comparan por orden comercial horas estimadas/reales, eficiencia, puntualidad, sesiones, incidencias contadas como pausas y venta MXN; se muestran totales y promedio.";"E2E-32: Se comparan por orden comercial horas estimadas/reales, eficiencia, puntualidad, sesiones, incidencias contadas como pausas y venta MXN; se muestran totales y promedio.";"Entorno de prueba aislado, usuarios ficticios por rol, datos preparados y servicio correspondiente. Resolver D-11 para la variante indicada; no bloquea otras comprobaciones. Resolver la brecha documentada antes de aceptar el resultado integral."
ORD-12;Media;Completar cobertura funcional;"Estados y fechas operativas. Estados productivos, programación y entrega derivada son distintos; Programar en Órdenes cambia estado sin agenda, y fabricación completada es terminal. Falta reconciliar resultado entre vistas.";Admin / responsable de producción;"ordenes_produccion; partidas_orden_produccion; pipeline; programacion_areas";"Se distinguen aprobado, bandeja, en_proceso, pausada, lista, entregada y cancelada. Fecha requerida y fecha planeada son datos distintos; existen semánticas de fecha fija/flexible en los datos, sin asumir un selector visible que no se muestra.";"E2E-15: Se distinguen aprobado, bandeja, en_proceso, pausada, lista, entregada y cancelada. Fecha requerida y fecha planeada son datos distintos; existen semánticas de fecha fija/flexible en los datos, sin asumir un selector visible que no se muestra.";"Entorno de prueba aislado, usuarios ficticios por rol, datos preparados y servicio correspondiente. Resolver D-03 para la variante indicada; no bloquea otras comprobaciones. Resolver la brecha documentada antes de aceptar el resultado integral."
PRD-01;Media;Completar cobertura funcional;"Tableros de trabajo. Existe Kanban administrativo y piso PIN separado; faltan vistas calendario/por área y contadores base en la experiencia del operador.";Operador PIN / gerente o admin con sesión administrativa;"partidas; programacion_areas; sesiones_trabajo; registros_avance_partida; notas_entrega";"Se presenta saludo/nombre, fecha, contadores de bandeja y urgentes, vistas Kanban, Calendario y Por área; Kanban separa Aprobado, Bandeja, En proceso, Pausada y Lista.";"E2E-17: Se presenta saludo/nombre, fecha, contadores de bandeja y urgentes, vistas Kanban, Calendario y Por área; Kanban separa Aprobado, Bandeja, En proceso, Pausada y Lista.";Entorno de prueba aislado, usuarios ficticios por rol, datos preparados y servicio correspondiente. Resolver la brecha documentada antes de aceptar el resultado integral.
PRD-02;Media;Completar cobertura funcional;"Filtrar y agrupar por área. Servicio admite recurso, pero UI de Kanban no presenta filtro por área ni agrupación de actividades multicentro; no se debe inferirlo por tener programaciones.";Operador PIN / gerente o admin con sesión administrativa;"partidas; programacion_areas; sesiones_trabajo; registros_avance_partida; notas_entrega";"Kanban y calendario consideran las áreas de líneas/partidas; la vista Por área muestra agrupación por procesos y trabajos sin proceso. En la versión objetivo validar visibilidad de todas las partes de órdenes multiárea.";"E2E-17: Kanban y calendario consideran las áreas de líneas/partidas; la vista Por área muestra agrupación por procesos y trabajos sin proceso. En la versión objetivo validar visibilidad de todas las partes de órdenes multiárea.";"Entorno de prueba aislado, usuarios ficticios por rol, datos preparados y servicio correspondiente. Resolver D-13 para la variante indicada; no bloquea otras comprobaciones. Resolver la brecha documentada antes de aceptar el resultado integral."
PRD-03;Media;Completar cobertura funcional;"Tarjeta de trabajo. Tarjeta muestra folio, avance, compromiso y estado; faltan cliente, TI, procesos, adjuntos, pausa e historial completo al seleccionarla.";Operador PIN / gerente o admin con sesión administrativa;"partidas; programacion_areas; sesiones_trabajo; registros_avance_partida; notas_entrega";"Se muestran cliente, folio, TI si corresponde, áreas, procesos, fecha, horas, semáforo, cantidad de archivos, motivo de pausa, avance y sesiones; al seleccionar se abre su detalle.";"E2E-17: Se muestran cliente, folio, TI si corresponde, áreas, procesos, fecha, horas, semáforo, cantidad de archivos, motivo de pausa, avance y sesiones; al seleccionar se abre su detalle.";Entorno de prueba aislado, usuarios ficticios por rol, datos preparados y servicio correspondiente. Resolver la brecha documentada antes de aceptar el resultado integral.
PRD-04;Media;Completar cobertura funcional;"Preparación e inicio. Se implementa preparación e inicio por recurso con identidad de operador; falta recorrer el acceso conjunto panel/PIN y comprobar equivalencia de exclusividad para recursos asignados.";Operador PIN / gerente o admin con sesión administrativa;"partidas; programacion_areas; sesiones_trabajo; registros_avance_partida; notas_entrega";"Se actualizan estado y contadores; iniciar comprueba que no exista otra orden en proceso con área compartida. El nivel de exclusividad base es área, no cada máquina individual.";"E2E-17: Se actualizan estado y contadores; iniciar comprueba que no exista otra orden en proceso con área compartida. El nivel de exclusividad base es área, no cada máquina individual.";"Entorno de prueba aislado, usuarios ficticios por rol, datos preparados y servicio correspondiente. Resolver D-02 para la variante indicada; no bloquea otras comprobaciones. Resolver la brecha documentada antes de aceptar el resultado integral."
PRD-05;Media;Completar cobertura funcional;"Pausa motivada. Sesión admite seis motivos y libera recurso dejándolo bloqueado; la pausa rápida de OP es otra acción y no pide motivo ni libera agenda de la misma forma.";Operador PIN / gerente o admin con sesión administrativa;"partidas; programacion_areas; sesiones_trabajo; registros_avance_partida; notas_entrega";"Se elige falta de información, material pendiente, aprobación de cliente, problema técnico, mantenimiento u otro; confirmar deja Pausada con motivo y libera su fecha planeada.";"E2E-18: Se elige falta de información, material pendiente, aprobación de cliente, problema técnico, mantenimiento u otro; confirmar deja Pausada con motivo y libera su fecha planeada.";Entorno de prueba aislado, usuarios ficticios por rol, datos preparados y servicio correspondiente. Resolver la brecha documentada antes de aceptar el resultado integral.
PRD-06;Media;Completar cobertura funcional;"Reanudación con contexto. Reanudación pasa por preparación o transición OP; no muestra resumen de última sesión/operador/notas/motivo antes de confirmar desde todos los puntos de entrada.";Operador PIN / gerente o admin con sesión administrativa;"partidas; programacion_areas; sesiones_trabajo; registros_avance_partida; notas_entrega";"Se muestra última sesión, operador, horario, avances, notas y motivo; Continuar reanuda aplicando el control de área ocupada y Cancelar conserva la pausa.";"E2E-18: Se muestra última sesión, operador, horario, avances, notas y motivo; Continuar reanuda aplicando el control de área ocupada y Cancelar conserva la pausa.";Entorno de prueba aislado, usuarios ficticios por rol, datos preparados y servicio correspondiente. Resolver la brecha documentada antes de aceptar el resultado integral.
PRD-07;Media;Completar cobertura funcional;"Sesión de trabajo. Sesión registra inicio/fin del servidor, notas, piezas y motivo; no captura adjuntos de avance ni todos los datos manuales de incidencia/turno.";Operador PIN / gerente o admin con sesión administrativa;"partidas; programacion_areas; sesiones_trabajo; registros_avance_partida; notas_entrega";"Se capturan hora inicial/final, tipo y detalle de incidente, notas del turno, archivos de avance y piezas; se conservan fecha, operador e identificador de la sesión al guardar.";"E2E-18: Se capturan hora inicial/final, tipo y detalle de incidente, notas del turno, archivos de avance y piezas; se conservan fecha, operador e identificador de la sesión al guardar.";Entorno de prueba aislado, usuarios ficticios por rol, datos preparados y servicio correspondiente. Resolver la brecha documentada antes de aceptar el resultado integral.
PRD-08;Media;Completar cobertura funcional;"Horas netas. Cálculo 12:00–13:00 de Tijuana pasa cinco casos locales, incluyendo solapamiento parcial; falta visualización acumulada contra cotizado/restante/exceso e integración SQL ejecutada.";Operador PIN / gerente o admin con sesión administrativa;"partidas; programacion_areas; sesiones_trabajo; registros_avance_partida; notas_entrega";"Las horas netas descuentan solo el solapamiento con esa franja; se acumulan entre sesiones y se muestran contra horas cotizadas, restantes y exceso. Registrar cualquier jornada diferente como regla objetivo.";"E2E-19: Las horas netas descuentan solo el solapamiento con esa franja; se acumulan entre sesiones y se muestran contra horas cotizadas, restantes y exceso. Registrar cualquier jornada diferente como regla objetivo.";Entorno de prueba aislado, usuarios ficticios por rol, datos preparados y servicio correspondiente. Resolver la brecha documentada antes de aceptar el resultado integral.
PRD-09;Alta;Completar cobertura funcional;"Avances parciales por parte y proceso. Cantidad se acumula por partida y solo en última secuencia; no representa metas y parciales por cada pareja parte/proceso como la referencia.";Operador PIN / gerente o admin con sesión administrativa;"partidas; programacion_areas; sesiones_trabajo; registros_avance_partida; notas_entrega";"Se acumulan las piezas por pareja parte/proceso, se ve hecho/meta/pendiente/porcentaje y se determina cuándo todos los procesos llegaron a su meta; contar operaciones no equivale a piezas físicas únicas.";"E2E-19: Se acumulan las piezas por pareja parte/proceso, se ve hecho/meta/pendiente/porcentaje y se determina cuándo todos los procesos llegaron a su meta; contar operaciones no equivale a piezas físicas únicas.";Entorno de prueba aislado, usuarios ficticios por rol, datos preparados y servicio correspondiente. Resolver la brecha documentada antes de aceptar el resultado integral.
PRD-10;Media;Resolver decisión de negocio;"Orden heredada sin partes. No existe modo global para orden sin partidas; depende de decidir soporte histórico y conversión a estructura objetivo sin perder avance.";Operador PIN / gerente o admin con sesión administrativa;"partidas; programacion_areas; sesiones_trabajo; registros_avance_partida; notas_entrega";"Se ofrece avance global por piezas del día y acumulado; se puede guardar sesión o marcar completa. Cuando las líneas tienen área y procesos, se dispone de generación de partidas para continuar con detalle.";"E2E-19: Se ofrece avance global por piezas del día y acumulado; se puede guardar sesión o marcar completa. Cuando las líneas tienen área y procesos, se dispone de generación de partidas para continuar con detalle.";"Entorno de prueba aislado, usuarios ficticios por rol, datos preparados y servicio correspondiente. Resolver D-01 para la variante indicada; no bloquea otras comprobaciones."
PRD-11;Media;Completar cobertura funcional;"Procesos según área del operador. Asignación individual por partida y filtro de piso existen; no se encontró asignación separada de operador por cada proceso ni pendientes de otros operadores visibles.";Operador PIN / gerente o admin con sesión administrativa;"partidas; programacion_areas; sesiones_trabajo; registros_avance_partida; notas_entrega";El cierre presenta procesos de esa área e informa los pendientes de otros operadores. Es una capacidad condicionada por datos: el formulario de alta de usuarios del ZIP no incorpora la asignación de área.;E2E-20: El cierre presenta procesos de esa área e informa los pendientes de otros operadores. Es una capacidad condicionada por datos: el formulario de alta de usuarios del ZIP no incorpora la asignación de área.;"Entorno de prueba aislado, usuarios ficticios por rol, datos preparados y servicio correspondiente. Resolver D-13 para la variante indicada; no bloquea otras comprobaciones. Resolver la brecha documentada antes de aceptar el resultado integral."
PRD-12;Media;Completar cobertura funcional;"Confirmación documental e identidad. PIN coincide con identidad y valida antes de guardar; horas vienen del servidor. Falta confirmación de devolución de archivos y cancelación documental integrada.";Operador PIN / gerente o admin con sesión administrativa;"partidas; programacion_areas; sesiones_trabajo; registros_avance_partida; notas_entrega";"Se requieren hora de inicio/fin, confirmación de devolución de archivos y PIN; cancelar la confirmación no registra la sesión. Las notas aparecen como campo de turno; no inventar validación obligatoria del ZIP donde solo existe una etiqueta.";"E2E-18: Se requieren hora de inicio/fin, confirmación de devolución de archivos y PIN; cancelar la confirmación no registra la sesión. Las notas aparecen como campo de turno; no inventar validación obligatoria del ZIP donde solo existe una etiqueta.";"Entorno de prueba aislado, usuarios ficticios por rol, datos preparados y servicio correspondiente. Resolver D-14 para la variante indicada; no bloquea otras comprobaciones. Resolver la brecha documentada antes de aceptar el resultado integral."
PRD-13;Media;Completar cobertura funcional;"Cierre parcial y final. Lista/entregada se derivan de cantidades, entrega parcial tiene entidad propia; falta comprobar flujo real y retiro automático de entregadas de los tableros activos.";Operador PIN / gerente o admin con sesión administrativa;"partidas; programacion_areas; sesiones_trabajo; registros_avance_partida; notas_entrega";"El parcial conserva el trabajo abierto y su historial; completar todas las metas mueve a Lista; Lista permite Entregar. Una orden entregada sale de los tableros activos y conserva documentos e historial.";"E2E-19: El parcial conserva el trabajo abierto y su historial; completar todas las metas mueve a Lista; Lista permite Entregar. Una orden entregada sale de los tableros activos y conserva documentos e historial.";"Entorno de prueba aislado, usuarios ficticios por rol, datos preparados y servicio correspondiente. Resolver D-05,D-06 para la variante indicada; no bloquea otras comprobaciones. Resolver la brecha documentada antes de aceptar el resultado integral."
PRD-14;Media;Completar cobertura funcional;"Activación de cobranza por fin de trabajo. CxC se abre manualmente desde OP completada; no activa un borrador previo ni conserva anticipo anterior porque ese flujo no está representado.";Operador PIN / gerente o admin con sesión administrativa;"partidas; programacion_areas; sesiones_trabajo; registros_avance_partida; notas_entrega";"Su AR borrador pasa a pendiente y recibe vencimiento según contado/15/30/crédito; anticipos registrados se conservan. Separar existencia del AR desde aprobación de exigibilidad al terminar.";"E2E-23: Su AR borrador pasa a pendiente y recibe vencimiento según contado/15/30/crédito; anticipos registrados se conservan. Separar existencia del AR desde aprobación de exigibilidad al terminar.";"Entorno de prueba aislado, usuarios ficticios por rol, datos preparados y servicio correspondiente. Resolver D-04 para la variante indicada; no bloquea otras comprobaciones. Resolver la brecha documentada antes de aceptar el resultado integral."
PRD-15;Media;Completar cobertura funcional;Reactivación administrativa. Completada es estado terminal sin reactivación administrativa conectada. Requiere preservar historial y resolver efecto financiero antes de ampliar.;Operador PIN / gerente o admin con sesión administrativa;"partidas; programacion_areas; sesiones_trabajo; registros_avance_partida; notas_entrega";"Se permite volver al trabajo operativo preservando sesiones previas; es una acción diferenciada del cierre o entrega y debe reconciliarse con la política financiera objetivo.";"E2E-21: Se permite volver al trabajo operativo preservando sesiones previas; es una acción diferenciada del cierre o entrega y debe reconciliarse con la política financiera objetivo.";"Entorno de prueba aislado, usuarios ficticios por rol, datos preparados y servicio correspondiente. Resolver D-04 para la variante indicada; no bloquea otras comprobaciones. Resolver la brecha documentada antes de aceptar el resultado integral."
PRD-16;Alta;Completar cobertura funcional;"Detalle técnico para fabricar. Piso muestra partidas/material asignado y captura de avance/consumo; Kanban carece de detalle técnico completo de pedido, espesor, procesos y planos.";Operador PIN / gerente o admin con sesión administrativa;"partidas; programacion_areas; sesiones_trabajo; registros_avance_partida; notas_entrega";"Se consulta qué fabricar, descripción, material, espesor, cantidades, áreas, procesos, notas, progreso por parte, fecha requerida y planeada, sesiones y horas; no se exige al operador reconstruir el pedido por el folio.";"E2E-21: Se consulta qué fabricar, descripción, material, espesor, cantidades, áreas, procesos, notas, progreso por parte, fecha requerida y planeada, sesiones y horas; no se exige al operador reconstruir el pedido por el folio.";"Entorno de prueba aislado, usuarios ficticios por rol, datos preparados y servicio correspondiente. Resolver D-14 para la variante indicada; no bloquea otras comprobaciones. Resolver la brecha documentada antes de aceptar el resultado integral."
PRD-17;Media;Completar cobertura funcional;Historial de sesiones y archivos. Servicio recupera sesiones y notas de entrega, pero no se renderiza su historial técnico con archivos de entrada/sesión/salida.;Operador PIN / gerente o admin con sesión administrativa;"partidas; programacion_areas; sesiones_trabajo; registros_avance_partida; notas_entrega";"Se ven sesiones con fecha, operador, horario neto, incidentes, avances, notas y adjuntos; se distinguen planos del cliente, archivos de sesión y salida final, con apertura en modo lectura.";"E2E-21: Se ven sesiones con fecha, operador, horario neto, incidentes, avances, notas y adjuntos; se distinguen planos del cliente, archivos de sesión y salida final, con apertura en modo lectura.";"Entorno de prueba aislado, usuarios ficticios por rol, datos preparados y servicio correspondiente. Resolver D-14 para la variante indicada; no bloquea otras comprobaciones. Resolver la brecha documentada antes de aceptar el resultado integral."
PRD-18;Media;Completar cobertura funcional;"Bitácora de operaciones. Acciones registran auditoría durable; TablaLogs no tiene consumidor en rutas ni Configuración y no se demuestra consulta funcional de la bitácora.";Operador PIN / gerente o admin con sesión administrativa;"partidas; programacion_areas; sesiones_trabajo; registros_avance_partida; notas_entrega";"Se registra acción, orden, usuario y momento; Configuración expone un historial reciente. El ZIP lo mantiene en datos de sesión; no atribuir persistencia remota de logs como ya demostrada.";"E2E-21: Se registra acción, orden, usuario y momento; Configuración expone un historial reciente. El ZIP lo mantiene en datos de sesión; no atribuir persistencia remota de logs como ya demostrada.";Entorno de prueba aislado, usuarios ficticios por rol, datos preparados y servicio correspondiente. Resolver la brecha documentada antes de aceptar el resultado integral.
PLA-01;Media;Completar cobertura funcional;"Calendario semanal y mensual. Calendario es tabla por rango/turno/recurso; permite consultar intervalos pero no semana/mes navegables, hoy y detalle de pedido equivalentes completos.";Admin / gerente con permiso de planeación;"recursos_planeacion; capacidad; excepciones; programacion_areas; partidas";"Se puede alternar semana/mes, navegar anterior/siguiente, regresar a hoy y filtrar área; las órdenes muestran su fecha planeada y acceso a detalle.";"E2E-22: Se puede alternar semana/mes, navegar anterior/siguiente, regresar a hoy y filtrar área; las órdenes muestran su fecha planeada y acceso a detalle.";"Entorno de prueba aislado, usuarios ficticios por rol, datos preparados y servicio correspondiente. Resolver D-15 para la variante indicada; no bloquea otras comprobaciones. Resolver la brecha documentada antes de aceptar el resultado integral."
PLA-02;Media;Obtener evidencia funcional;"Asignar fecha por arrastre. Reprogramación por formulario puede conservar el resultado de asignar fecha sin exigir arrastre; SQL impide mover ejecución activa. Falta persistir y recargar en entorno aislado.";Admin / gerente con permiso de planeación;"recursos_planeacion; capacidad; excepciones; programacion_areas; partidas";"Se guarda fechaPlaneada y se muestra en el día; una orden en proceso activo no puede moverse; se conserva la fecha requerida comercial.";"E2E-22: Se guarda fechaPlaneada y se muestra en el día; una orden en proceso activo no puede moverse; se conserva la fecha requerida comercial.";Entorno de prueba aislado, usuarios ficticios por rol, datos preparados y servicio correspondiente.
PLA-05;Media;Completar cobertura funcional;"Liberación y trabajos disponibles. Programación y pausa conservan estados propios; no se encontró propuesta de trabajos que caben ni reubicación automática hoy/sin planear al pausar.";Admin / gerente con permiso de planeación;"recursos_planeacion; capacidad; excepciones; programacion_areas; partidas";"Las pausadas aparecen sin planear, el trabajo en proceso sin fecha aparece hoy y se sugieren órdenes que caben en el tiempo libre; se pueden asignar desde la sugerencia.";"E2E-22: Las pausadas aparecen sin planear, el trabajo en proceso sin fecha aparece hoy y se sugieren órdenes que caben en el tiempo libre; se pueden asignar desde la sugerencia.";Entorno de prueba aislado, usuarios ficticios por rol, datos preparados y servicio correspondiente. Resolver la brecha documentada antes de aceptar el resultado integral.
PLA-06;Media;Completar cobertura funcional;"Acciones desde calendario. Seleccionar una programación permite reprogramar o preparar; iniciar/sesión/entregar están en otros módulos y no hay enlaces contextuales al detalle ni impresión.";Admin / gerente con permiso de planeación;"recursos_planeacion; capacidad; excepciones; programacion_areas; partidas";"Se puede consultar detalle y ejecutar Bandeja, Iniciar, Sesión, Pausar, Reanudar, Entregar e imprimir según estado; Reactivar se reserva a administrador.";"E2E-22: Se puede consultar detalle y ejecutar Bandeja, Iniciar, Sesión, Pausar, Reanudar, Entregar e imprimir según estado; Reactivar se reserva a administrador.";Entorno de prueba aislado, usuarios ficticios por rol, datos preparados y servicio correspondiente. Resolver la brecha documentada antes de aceptar el resultado integral.
PLA-07;Media;Completar cobertura funcional;Semáforo y vista mensual. Se muestran estado y horas/capacidad, pero no calendario mensual con semáforo de compromiso fijo/próximo/urgente y detalle por día.;Admin / gerente con permiso de planeación;"recursos_planeacion; capacidad; excepciones; programacion_areas; partidas";"Se diferencian fechas fijas, en tiempo, próximas y urgentes; el mes presenta resumen por día y acceso al detalle. La vista mensual del ZIP muestra hasta tres folios y un contador adicional, no un planificador horario completo.";"E2E-22: Se diferencian fechas fijas, en tiempo, próximas y urgentes; el mes presenta resumen por día y acceso al detalle. La vista mensual del ZIP muestra hasta tres folios y un contador adicional, no un planificador horario completo.";Entorno de prueba aislado, usuarios ficticios por rol, datos preparados y servicio correspondiente. Resolver la brecha documentada antes de aceptar el resultado integral.
DOC-01;Alta;Completar cobertura funcional;Orden de servicio. No se encontró documento de orden de servicio conectado con empresa/cliente/PO/líneas/precios y totales. Plantillas configuradas no son un documento emitible.;"Administración / producción; cliente destinatario sin portal";"notas_entrega; partidas_nota_entrega; archivos; configuración de empresa/plantillas";Se genera documento con empresa, fecha, folio, cliente, razón social/RFC, PO, área/procesos, líneas, material, espesor, cantidad, precios y totales comerciales cuando corresponden.;E2E-23: Se genera documento con empresa, fecha, folio, cliente, razón social/RFC, PO, área/procesos, líneas, material, espesor, cantidad, precios y totales comerciales cuando corresponden.;"Entorno de prueba aislado, usuarios ficticios por rol, datos preparados y servicio correspondiente. Resolver D-14 para la variante indicada; no bloquea otras comprobaciones. Resolver la brecha documentada antes de aceptar el resultado integral."
DOC-02;Alta;Completar cobertura funcional;"Nota de entrega. Registro de nota de entrega con renglones/cantidades y receptor disponible; falta documento imprimible/guardable con empresa, materiales y leyenda configurada.";"Administración / producción; cliente destinatario sin portal";"notas_entrega; partidas_nota_entrega; archivos; configuración de empresa/plantillas";"Se genera documento con empresa, cliente, orden, conceptos, materiales, cantidades y nota configurada, sin precios en el cuerpo de entrega, con espacios para quien recibe y firma; imprimir/guardar PDF usa el diálogo del navegador.";"E2E-23: Se genera documento con empresa, cliente, orden, conceptos, materiales, cantidades y nota configurada, sin precios en el cuerpo de entrega, con espacios para quien recibe y firma; imprimir/guardar PDF usa el diálogo del navegador.";"Entorno de prueba aislado, usuarios ficticios por rol, datos preparados y servicio correspondiente. Resolver D-14 para la variante indicada; no bloquea otras comprobaciones. Resolver la brecha documentada antes de aceptar el resultado integral."
DOC-03;Media;Completar cobertura funcional;Consulta y reimpresión. Notas de entrega se recuperan como datos, pero no hay visor/reimpresión conectado de orden de servicio o entrega desde Órdenes/historial.;"Administración / producción; cliente destinatario sin portal";"notas_entrega; partidas_nota_entrega; archivos; configuración de empresa/plantillas";"Los documentos pueden volver a generarse desde Órdenes; el código también prevé Reimprimir para tarjetas entregadas. La firma es un espacio impreso, no un módulo evidenciado de firma electrónica.";"E2E-23: Los documentos pueden volver a generarse desde Órdenes; el código también prevé Reimprimir para tarjetas entregadas. La firma es un espacio impreso, no un módulo evidenciado de firma electrónica.";"Entorno de prueba aislado, usuarios ficticios por rol, datos preparados y servicio correspondiente. Resolver D-14 para la variante indicada; no bloquea otras comprobaciones. Resolver la brecha documentada antes de aceptar el resultado integral."
DOC-04;Media;Completar cobertura funcional;"Ciclo de archivos múltiples. Ficha de cliente permite documentos y acción Pipeline admite adjunto; falta ciclo múltiple integrado de RFQ→OP→sesión→salida y retiro de lista según contexto.";"Administración / producción; cliente destinatario sin portal";"notas_entrega; partidas_nota_entrega; archivos; configuración de empresa/plantillas";"Se conservan nombre, enlace, tamaño/tipo y fecha en el registro; hay subida múltiple, apertura y retiro de la lista donde sea editable, con modo lectura en taller. Retirar de lista no se debe describir como borrado físico probado.";"E2E-12: Se conservan nombre, enlace, tamaño/tipo y fecha en el registro; hay subida múltiple, apertura y retiro de la lista donde sea editable, con modo lectura en taller. Retirar de lista no se debe describir como borrado físico probado.";"Entorno de prueba aislado, usuarios ficticios por rol, datos preparados y servicio correspondiente. Resolver D-14 para la variante indicada; no bloquea otras comprobaciones. Resolver la brecha documentada antes de aceptar el resultado integral."
AR-01;Alta;Completar cobertura funcional;"AR vinculado al aprobar. Aprobación crea OP pero no CxC borrador; abrir cuenta es una acción independiente posterior a completar fabricación.";Admin / contador con permisos financieros;"cuentas_por_cobrar; pagos_ar; movimientos_saldo_favor; clientes; OP";"Se genera referencia INVCNC-NNNNNNN con cliente, orden, total, impuesto, condiciones, emisión, pagos y saldo; inicia en borrador y no nace para TI.";"E2E-07: Se genera referencia INVCNC-NNNNNNN con cliente, orden, total, impuesto, condiciones, emisión, pagos y saldo; inicia en borrador y no nace para TI.";"Entorno de prueba aislado, usuarios ficticios por rol, datos preparados y servicio correspondiente. Resolver D-04 para la variante indicada; no bloquea otras comprobaciones. Resolver la brecha documentada antes de aceptar el resultado integral."
AR-02;Alta;Completar cobertura funcional;"Alta de factura/cuenta por cobrar. Acción de alta vinculada a OP completada existe en servidor, pero ningún componente la invoca; no hay alta de CxC disponible desde la UI ni propuesta de datos comerciales.";Admin / contador con permisos financieros;"cuentas_por_cobrar; pagos_ar; movimientos_saldo_favor; clientes; OP";"Se selecciona orden, se propone cliente y valores de RFQ, se capturan vencimiento, abono inicial y número de factura fiscal; el alta guarda la cuenta vinculada. Esta función no evidencia emisión fiscal electrónica.";"E2E-25: Se selecciona orden, se propone cliente y valores de RFQ, se capturan vencimiento, abono inicial y número de factura fiscal; el alta guarda la cuenta vinculada. Esta función no evidencia emisión fiscal electrónica.";"Entorno de prueba aislado, usuarios ficticios por rol, datos preparados y servicio correspondiente. Resolver D-04 para la variante indicada; no bloquea otras comprobaciones. Resolver la brecha documentada antes de aceptar el resultado integral."
AR-03;Media;Completar cobertura funcional;"Estados y activación. Existen pendiente/parcial/pagado/cancelado; falta estado borrador desde aprobación y activación automática al quedar lista/entregada.";Admin / contador con permisos financieros;"cuentas_por_cobrar; pagos_ar; movimientos_saldo_favor; clientes; OP";"Se permite activarlo como pendiente y calcular vencimiento; el pago completo se reconoce como pagado. Se distinguen borrador, pendiente y pagado.";"E2E-24: Se permite activarlo como pendiente y calcular vencimiento; el pago completo se reconoce como pagado. Se distinguen borrador, pendiente y pagado.";"Entorno de prueba aislado, usuarios ficticios por rol, datos preparados y servicio correspondiente. Resolver D-04 para la variante indicada; no bloquea otras comprobaciones. Resolver la brecha documentada antes de aceptar el resultado integral."
AR-04;Media;Completar cobertura funcional;"Reglas de plazo. Vencimiento es entrada obligatoria de una acción sin interfaz; no se deriva de condiciones contado/15/30/crédito ni de activación automática.";Admin / contador con permisos financieros;"cuentas_por_cobrar; pagos_ar; movimientos_saldo_favor; clientes; OP";"Contado vence el mismo día; 15 días, 30 días y crédito usan 15, 30 y 45 días calendario respectivamente en la base; queda visible la fecha de vencimiento.";"E2E-24: Contado vence el mismo día; 15 días, 30 días y crédito usan 15, 30 y 45 días calendario respectivamente en la base; queda visible la fecha de vencimiento.";"Entorno de prueba aislado, usuarios ficticios por rol, datos preparados y servicio correspondiente. Resolver D-04 para la variante indicada; no bloquea otras comprobaciones. Resolver la brecha documentada antes de aceptar el resultado integral."
AR-05;Media;Completar cobertura funcional;"Pagos y anticipos. Pago parcial/total y moneda se representan; falta cuenta bancaria destino seleccionable y anticipo antes del cierre productivo.";Admin / contador con permisos financieros;"cuentas_por_cobrar; pagos_ar; movimientos_saldo_favor; clientes; OP";"Se guardan tipo anticipo/pago, fecha, importe MXN, método y notas; el historial permite registrar cuenta destino, referencia y TC. Se recalculan total cobrado, saldo y estado según la suma aplicable.";"E2E-24: Se guardan tipo anticipo/pago, fecha, importe MXN, método y notas; el historial permite registrar cuenta destino, referencia y TC. Se recalculan total cobrado, saldo y estado según la suma aplicable.";"Entorno de prueba aislado, usuarios ficticios por rol, datos preparados y servicio correspondiente. Resolver D-04,D-08 para la variante indicada; no bloquea otras comprobaciones. Resolver la brecha documentada antes de aceptar el resultado integral."
AR-06;Alta;Completar cobertura funcional;"Anticipo antes de terminación. No se encontró anticipo en CxC borrador antes de terminar; la apertura exige orden completada.";Admin / contador con permisos financieros;"cuentas_por_cobrar; pagos_ar; movimientos_saldo_favor; clientes; OP";"Se puede registrar un anticipo desde el historial; se conserva el pago cuando la orden llega a Lista, con saldo residual disponible para cobrar.";"E2E-24: Se puede registrar un anticipo desde el historial; se conserva el pago cuando la orden llega a Lista, con saldo residual disponible para cobrar.";"Entorno de prueba aislado, usuarios ficticios por rol, datos preparados y servicio correspondiente. Resolver D-04 para la variante indicada; no bloquea otras comprobaciones. Resolver la brecha documentada antes de aceptar el resultado integral."
AR-07;Media;Completar cobertura funcional;"Liquidación y resumen. Motor liquida y genera monedero con excedente, acorde con OBS-25. Falta panel completo de total/cobrado/restante/progreso y movimientos recuperables; no se ejecutó liquidación persistida.";Admin / contador con permisos financieros;"cuentas_por_cobrar; pagos_ar; movimientos_saldo_favor; clientes; OP";"El saldo queda en cero y el documento se reconoce pagado; historial muestra total, cobrado, restante, movimientos y progreso de pago. No se infiere un monedero por excedente en esta base.";"E2E-24: El saldo queda en cero y el documento se reconoce pagado; historial muestra total, cobrado, restante, movimientos y progreso de pago. No se infiere un monedero por excedente en esta base.";Entorno de prueba aislado, usuarios ficticios por rol, datos preparados y servicio correspondiente. Resolver la brecha documentada antes de aceptar el resultado integral.
AR-08;Media;Completar cobertura funcional;Edición de pago. No se encontró edición/reversión funcional de pago con recálculo de deuda y cuenta. Inmutabilidad no demuestra una alternativa de corrección.;Admin / contador con permisos financieros;"cuentas_por_cobrar; pagos_ar; movimientos_saldo_favor; clientes; OP";"Se puede modificar fecha, monto, método, cuenta, referencia, TC y notas; cancelar conserva el movimiento. El objetivo debe reconciliar saldo y agregados con la edición persistida.";"E2E-25: Se puede modificar fecha, monto, método, cuenta, referencia, TC y notas; cancelar conserva el movimiento. El objetivo debe reconciliar saldo y agregados con la edición persistida.";Entorno de prueba aislado, usuarios ficticios por rol, datos preparados y servicio correspondiente. Resolver la brecha documentada antes de aceptar el resultado integral.
AR-09;Media;Resolver decisión de negocio;"Movimientos heredados. No se encontró carga de movimientos heredados dentro de Cobranza; alcance y excepción histórica necesitan decisión explícita.";Admin / contador con permisos financieros;"cuentas_por_cobrar; pagos_ar; movimientos_saldo_favor; clientes; OP";"Se representa ese anticipo en el historial aunque no sea un pago estructurado; debe computarse una sola vez en la equivalencia objetivo y distinguirse de los movimientos editables.";"E2E-24: Se representa ese anticipo en el historial aunque no sea un pago estructurado; debe computarse una sola vez en la equivalencia objetivo y distinguirse de los movimientos editables.";"Entorno de prueba aislado, usuarios ficticios por rol, datos preparados y servicio correspondiente. Resolver D-01 para la variante indicada; no bloquea otras comprobaciones."
AR-10;Media;Completar cobertura funcional;"Listado y métricas filtradas. Listado y resumen de cartera tienen filtros parciales; falta batería completa de folio/cliente/fecha/estado y métricas conciliadas con todo filtro aplicado.";Admin / contador con permisos financieros;"cuentas_por_cobrar; pagos_ar; movimientos_saldo_favor; clientes; OP";Se muestran factura, orden, cliente, emisión, vencimiento, total, cobrado, saldo, estado, totales facturados/cobrados/pendientes/vencidos/borrador y acción de limpiar.;E2E-25: Se muestran factura, orden, cliente, emisión, vencimiento, total, cobrado, saldo, estado, totales facturados/cobrados/pendientes/vencidos/borrador y acción de limpiar.;Entorno de prueba aislado, usuarios ficticios por rol, datos preparados y servicio correspondiente. Resolver la brecha documentada antes de aceptar el resultado integral.
AR-11;Media;Completar cobertura funcional;Navegar a la orden. Folio de OP se presenta como texto plano en Cobranza, sin enlace ni modal. La ruta Órdenes acepta ordenId, pero no hay navegación conectada desde esta tabla.;Admin / contador con permisos financieros;"cuentas_por_cobrar; pagos_ar; movimientos_saldo_favor; clientes; OP";Se abre su detalle con cliente, estado, área, fechas, horas, líneas, notas y última sesión de trabajo.;E2E-25: Se abre su detalle con cliente, estado, área, fechas, horas, líneas, notas y última sesión de trabajo.;Entorno de prueba aislado, usuarios ficticios por rol, datos preparados y servicio correspondiente. Resolver la brecha documentada antes de aceptar el resultado integral.
AR-12;Media;Completar cobertura funcional;"Antigüedad de saldos. Buckets por vencimiento en MXN pasan pruebas puras; tarjeta usa la cartera completa mientras tabla usa cuentasFiltradas. Falta desglose navegable y conciliación al filtrar por cliente/período.";Admin / contador con permisos financieros;"cuentas_por_cobrar; pagos_ar; movimientos_saldo_favor; clientes; OP";"Se agrupan saldos pendientes en al corriente, 1-30, 31-60, 61-90 y más de 90 días; se listan documento, cliente, vencimiento y días restantes/vencidos. Es una pestaña de CxC en el ZIP.";"E2E-26: Se agrupan saldos pendientes en al corriente, 1-30, 31-60, 61-90 y más de 90 días; se listan documento, cliente, vencimiento y días restantes/vencidos. Es una pestaña de CxC en el ZIP.";Entorno de prueba aislado, usuarios ficticios por rol, datos preparados y servicio correspondiente. Resolver la brecha documentada antes de aceptar el resultado integral.
AR-13;Media;Completar cobertura funcional;Alertas de vencimiento. Vencidos se identifican en aging/tabla, pero no se acredita toda la consulta y alerta previa al vencimiento de la referencia.;Admin / contador con permisos financieros;"cuentas_por_cobrar; pagos_ar; movimientos_saldo_favor; clientes; OP";"Se destaca vencimiento pasado y proximidad de tres días; documentos pagados no se tratan como deuda vencida.";"E2E-26: Se destaca vencimiento pasado y proximidad de tres días; documentos pagados no se tratan como deuda vencida.";Entorno de prueba aislado, usuarios ficticios por rol, datos preparados y servicio correspondiente. Resolver la brecha documentada antes de aceptar el resultado integral.
AR-14;Media;Completar cobertura funcional;"Estado de cuenta por cliente. No se encontró estado de cuenta consolidado imprimible por cliente con sus documentos/saldos; listado de cartera no lo sustituye.";Admin / contador con permisos financieros;"cuentas_por_cobrar; pagos_ar; movimientos_saldo_favor; clientes; OP";Se muestran todas sus facturas, órdenes, fechas, valores, pagos, saldos y estados con totales históricos. Esta vista base no prueba exportación ni envío del estado de cuenta.;E2E-27: Se muestran todas sus facturas, órdenes, fechas, valores, pagos, saldos y estados con totales históricos. Esta vista base no prueba exportación ni envío del estado de cuenta.;Entorno de prueba aislado, usuarios ficticios por rol, datos preparados y servicio correspondiente. Resolver la brecha documentada antes de aceptar el resultado integral.
AR-15;Media;Completar cobertura funcional;"Cobros agrupados por cuenta. Pago no selecciona cuenta bancaria y no existe agrupación por cuenta destino para conciliación; catálogo de cuentas está separado.";Admin / contador con permisos financieros;"cuentas_por_cobrar; pagos_ar; movimientos_saldo_favor; clientes; OP";"La pestaña de Antigüedad suma los pagos por cuenta bancaria y muestra nombre/banco e importe; no equivale a saldo bancario disponible ni flujo neto de ingresos y egresos.";"E2E-28: La pestaña de Antigüedad suma los pagos por cuenta bancaria y muestra nombre/banco e importe; no equivale a saldo bancario disponible ni flujo neto de ingresos y egresos.";"Entorno de prueba aislado, usuarios ficticios por rol, datos preparados y servicio correspondiente. Resolver D-08 para la variante indicada; no bloquea otras comprobaciones. Resolver la brecha documentada antes de aceptar el resultado integral."
AR-16;Media;Completar cobertura funcional;"Eliminación de registro de cobro. No se encontró retiro/corrección de registro de cobro con efecto en deuda e historial; la auditoría no debe ejecutar borrados para demostrarlo.";Admin / contador con permisos financieros;"cuentas_por_cobrar; pagos_ar; movimientos_saldo_favor; clientes; OP";"Se pide confirmación y se identifica que afecta al registro financiero y sus pagos, conservando la orden. Registrar como capacidad histórica; la versión mejorada puede ofrecer anulación trazable equivalente.";"E2E-16: Se pide confirmación y se identifica que afecta al registro financiero y sus pagos, conservando la orden. Registrar como capacidad histórica; la versión mejorada puede ofrecer anulación trazable equivalente.";Entorno de prueba aislado, usuarios ficticios por rol, datos preparados y servicio correspondiente. Resolver la brecha documentada antes de aceptar el resultado integral.
GAS-01;Media;Completar cobertura funcional;"Alta manual. Alta manual captura fecha/categoría/descripción/importes/moneda/TC/UUID de OP/método/folio/notas; proveedor solo existe en contrato sin selector. Faltan tipo fijo/variable, cuenta origen y estado inicial elegible.";Admin / contador con permisos financieros;"gastos; proveedores; OP; consumos; sesiones y tarifas históricas";"Se capturan fecha, tipo fijo/variable, concepto, categoría, proveedor, factura/folio, método de pago, moneda, subtotal, IVA, orden opcional, estado y vencimiento; concepto/subtotal son requeridos.";"E2E-29: Se capturan fecha, tipo fijo/variable, concepto, categoría, proveedor, factura/folio, método de pago, moneda, subtotal, IVA, orden opcional, estado y vencimiento; concepto/subtotal son requeridos.";"Entorno de prueba aislado, usuarios ficticios por rol, datos preparados y servicio correspondiente. Resolver D-08 para la variante indicada; no bloquea otras comprobaciones. Resolver la brecha documentada antes de aceptar el resultado integral."
GAS-02;Media;Completar cobertura funcional;Edición de gasto. Listado permite cambios de estado pero no edición de los datos de un gasto guardado con recuperación posterior.;Admin / contador con permisos financieros;"gastos; proveedores; OP; consumos; sesiones y tarifas históricas";"Se recuperan los datos y comprobante existentes, se pueden corregir campos, recalcular importes y guardar; cancelar no confirma cambios.";"E2E-29: Se recuperan los datos y comprobante existentes, se pueden corregir campos, recalcular importes y guardar; cancelar no confirma cambios.";Entorno de prueba aislado, usuarios ficticios por rol, datos preparados y servicio correspondiente. Resolver la brecha documentada antes de aceptar el resultado integral.
GAS-03;Media;Completar cobertura funcional;Impuesto y moneda. Moneda/TC e IVA están en contratos, pero formulario no ofrece selector consistente 8/16/sin IVA y tratamiento neto/total de la referencia.;Admin / contador con permisos financieros;"gastos; proveedores; OP; consumos; sesiones y tarifas históricas";"Se ofrece sin IVA, 8% y 16% por gasto; se muestran IVA, total en moneda y equivalente MXN usando TC cuando es USD.";"E2E-29: Se ofrece sin IVA, 8% y 16% por gasto; se muestran IVA, total en moneda y equivalente MXN usando TC cuando es USD.";"Entorno de prueba aislado, usuarios ficticios por rol, datos preparados y servicio correspondiente. Resolver D-16 para la variante indicada; no bloquea otras comprobaciones. Resolver la brecha documentada antes de aceptar el resultado integral."
GAS-04;Media;Completar cobertura funcional;Vinculación a orden. OrdenId opcional atribuye costo, pero captura exige UUID sin buscador ni herencia contextual de la orden.;Admin / contador con permisos financieros;"gastos; proveedores; OP; consumos; sesiones y tarifas históricas";Se elige la orden en desplegable que incluye folio, cliente y estado, o se deja sin vinculación. El proveedor es un campo del gasto, no un catálogo autónomo evidenciado.;E2E-29: Se elige la orden en desplegable que incluye folio, cliente y estado, o se deja sin vinculación. El proveedor es un campo del gasto, no un catálogo autónomo evidenciado.;Entorno de prueba aislado, usuarios ficticios por rol, datos preparados y servicio correspondiente. Resolver la brecha documentada antes de aceptar el resultado integral.
GAS-05;Media;Completar cobertura funcional;"Pago y vencimiento de CxP. Marcar pagado/cancelar existe; la tabla no presenta vencimiento ni aviso individual de deuda vencida y falta cuenta origen. Métrica global no demuestra consulta de cada CxP.";Admin / contador con permisos financieros;"gastos; proveedores; OP; consumos; sesiones y tarifas históricas";"Se puede marcar Pagado, ver estado y distinguir vencimiento pasado; se mantiene fecha límite de pago y método.";"E2E-29: Se puede marcar Pagado, ver estado y distinguir vencimiento pasado; se mantiene fecha límite de pago y método.";Entorno de prueba aislado, usuarios ficticios por rol, datos preparados y servicio correspondiente. Resolver la brecha documentada antes de aceptar el resultado integral.
GAS-06;Media;Completar cobertura funcional;"Filtros de gastos. Filtros por estado/categoría y rango existen; falta cobertura integral de combinaciones y búsqueda de referencia con limpieza conciliada.";Admin / contador con permisos financieros;"gastos; proveedores; OP; consumos; sesiones y tarifas históricas";"Se busca concepto/proveedor y se filtra categoría, estado, proveedor, con/sin IVA y períodos; la tabla se ordena por fecha y muestra resultados y suma.";"E2E-29: Se busca concepto/proveedor y se filtra categoría, estado, proveedor, con/sin IVA y períodos; la tabla se ordena por fecha y muestra resultados y suma.";Entorno de prueba aislado, usuarios ficticios por rol, datos preparados y servicio correspondiente. Resolver la brecha documentada antes de aceptar el resultado integral.
GAS-07;Media;Completar cobertura funcional;"Métricas y gráfico interactivo. Distribución por categoría usa todos los gastos mientras tabla usa filtrados; faltan KPI fijos/variables/pendientes y acción del gráfico que filtre. El gráfico no mide el mismo subconjunto del listado.";Admin / contador con permisos financieros;"gastos; proveedores; OP; consumos; sesiones y tarifas históricas";"Se muestran gasto total, fijos, variables, pendiente de pago y distribución por categoría; se puede ocultar/mostrar gráfico y pulsar una categoría para filtrar.";"E2E-29: Se muestran gasto total, fijos, variables, pendiente de pago y distribución por categoría; se puede ocultar/mostrar gráfico y pulsar una categoría para filtrar.";Entorno de prueba aislado, usuarios ficticios por rol, datos preparados y servicio correspondiente. Resolver la brecha documentada antes de aceptar el resultado integral.
GAS-08;Media;Obtener evidencia funcional;"Escaneo de comprobante. OCR de imágenes y precarga editable están implementados; cinco casos locales usan proveedor simulado. Servicio real no verificado. Proveedor/método/notas del comprobante no se precargan y PDF no se admite; no se certifica paridad completa.";Admin / contador con permisos financieros;"gastos; proveedores; OP; consumos; sesiones y tarifas históricas";"Se precargan proveedor, fecha, subtotal, IVA, folio, método, concepto y notas; la persona revisa y edita antes de guardar. El ZIP solo contiene el cliente del servicio, no su implementación; disponibilidad real pendiente de prueba.";"E2E-30: Se precargan proveedor, fecha, subtotal, IVA, folio, método, concepto y notas; la persona revisa y edita antes de guardar. El ZIP solo contiene el cliente del servicio, no su implementación; disponibilidad real pendiente de prueba.";Entorno de prueba aislado, usuarios ficticios por rol, datos preparados y servicio correspondiente.
GAS-09;Media;Completar cobertura funcional;"Adjunto y revisión del comprobante. Selección de imagen para OCR no envía comprobanteUrl al guardar el gasto; falta previsualización y recuperación posterior del archivo. Una respuesta OCR no acredita un adjunto persistido.";Admin / contador con permisos financieros;"gastos; proveedores; OP; consumos; sesiones y tarifas históricas";"Se muestra previsualización, opción de volver a escanear y acceso al comprobante guardado; se mantiene captura manual como vía independiente.";"E2E-30: Se muestra previsualización, opción de volver a escanear y acceso al comprobante guardado; se mantiene captura manual como vía independiente.";Entorno de prueba aislado, usuarios ficticios por rol, datos preparados y servicio correspondiente. Resolver la brecha documentada antes de aceptar el resultado integral.
CFG-01;Media;Completar cobertura funcional;"Datos empresariales. Empresa y plantillas se guardan; falta comprobar que alimenten documentos efectivamente emitibles y se reflejen al reimprimir.";Admin o permiso configuracion;"configuracion_sistema; areas_trabajo; cuentas_bancarias; catálogos constantes";"Se conservan nombre, RFC, dirección, teléfono, email y texto de nota de entrega; se reflejan en documentos emitidos después del cambio.";"E2E-31: Se conservan nombre, RFC, dirección, teléfono, email y texto de nota de entrega; se reflejan en documentos emitidos después del cambio.";"Entorno de prueba aislado, usuarios ficticios por rol, datos preparados y servicio correspondiente. Resolver D-14 para la variante indicada; no bloquea otras comprobaciones. Resolver la brecha documentada antes de aceptar el resultado integral."
CFG-02;Media;Completar cobertura funcional;"TC e IVA global. TC editable y configuración contiene IVA default; no hay propagación demostrada a todos los módulos ni controles globales equivalentes 8/16 en UI.";Admin o permiso configuracion;"configuracion_sistema; areas_trabajo; cuentas_bancarias; catálogos constantes";"Se permiten TC MXN/USD y fecha, tasa IVA porcentual y accesos 8%/16%. Verificar alcance efectivo en cada módulo objetivo; la existencia del ajuste no prueba por sí sola aplicación universal en el ZIP.";"E2E-02: Se permiten TC MXN/USD y fecha, tasa IVA porcentual y accesos 8%/16%. Verificar alcance efectivo en cada módulo objetivo; la existencia del ajuste no prueba por sí sola aplicación universal en el ZIP.";"Entorno de prueba aislado, usuarios ficticios por rol, datos preparados y servicio correspondiente. Resolver D-16 para la variante indicada; no bloquea otras comprobaciones. Resolver la brecha documentada antes de aceptar el resultado integral."
CFG-03;Media;Completar cobertura funcional;"Cuentas de cobro. CRUD/activación de cuentas bancarias disponible; no se consume al registrar pagos y no equivale a catálogo de métodos de cobro de referencia.";Admin o permiso configuracion;"configuracion_sistema; areas_trabajo; cuentas_bancarias; catálogos constantes";Se configura nombre, banco y tipo transferencia/efectivo/cheque/tarjeta para seleccionar en pagos. La cuenta es distinta de la referencia del movimiento.;E2E-28: Se configura nombre, banco y tipo transferencia/efectivo/cheque/tarjeta para seleccionar en pagos. La cuenta es distinta de la referencia del movimiento.;"Entorno de prueba aislado, usuarios ficticios por rol, datos preparados y servicio correspondiente. Resolver D-08 para la variante indicada; no bloquea otras comprobaciones. Resolver la brecha documentada antes de aceptar el resultado integral."
CFG-04;Media;Completar cobertura funcional;Continuidad de folios. Hay generadores de folio y secuencias, pero Configuración no permite consultar/ajustar último y siguiente folio mensual para continuidad histórica.;Admin o permiso configuracion;"configuracion_sistema; areas_trabajo; cuentas_bancarias; catálogos constantes";"Se consulta mes, último generado y siguiente ID y se ajusta el último número usado; el siguiente folio conserva continuidad.";"E2E-14: Se consulta mes, último generado y siguiente ID y se ajusta el último número usado; el siguiente folio conserva continuidad.";"Entorno de prueba aislado, usuarios ficticios por rol, datos preparados y servicio correspondiente. Resolver D-01 para la variante indicada; no bloquea otras comprobaciones. Resolver la brecha documentada antes de aceptar el resultado integral."
CFG-05;Media;Completar cobertura funcional;Usuarios de taller. Usuarios/PIN y permisos existen en servidor, pero Configuración no ofrece alta/edición/desactivación operativa de usuarios de taller.;Admin o permiso configuracion;"configuracion_sistema; areas_trabajo; cuentas_bancarias; catálogos constantes";"Se registran nombre, PIN y rol operador, se evita duplicar PIN registrado y se puede eliminar del catálogo; no hay en el ZIP una matriz configurable de vendedor/gerente/contador.";"E2E-31: Se registran nombre, PIN y rol operador, se evita duplicar PIN registrado y se puede eliminar del catálogo; no hay en el ZIP una matriz configurable de vendedor/gerente/contador.";Entorno de prueba aislado, usuarios ficticios por rol, datos preparados y servicio correspondiente. Resolver la brecha documentada antes de aceptar el resultado integral.
CFG-06;Media;Completar cobertura funcional;"Áreas y procesos. Áreas con color, tarifa y condición externa son editables; no hay CRUD de procesos/subáreas enlazado a listas de comercial y planeación, que usa áreas fijas.";Admin o permiso configuracion;"configuracion_sistema; areas_trabajo; cuentas_bancarias; catálogos constantes";"Se agregan, renombran y retiran áreas, colores y procesos; se marca área externa; esos catálogos alimentan cotizaciones y producción.";"E2E-31: Se agregan, renombran y retiran áreas, colores y procesos; se marca área externa; esos catálogos alimentan cotizaciones y producción.";"Entorno de prueba aislado, usuarios ficticios por rol, datos preparados y servicio correspondiente. Resolver D-13 para la variante indicada; no bloquea otras comprobaciones. Resolver la brecha documentada antes de aceptar el resultado integral."
CFG-07;Media;Completar cobertura funcional;"Etiquetas comerciales. No se encontró CRUD de etiquetas de colores ni editor múltiple de asignación; campo etiquetas en contrato no demuestra capacidad.";Admin o permiso configuracion;"configuracion_sistema; areas_trabajo; cuentas_bancarias; catálogos constantes";"Se agregan, renombran y retiran etiquetas con color de texto/fondo y previsualización; se pueden aplicar varias por RFQ.";"E2E-06: Se agregan, renombran y retiran etiquetas con color de texto/fondo y previsualización; se pueden aplicar varias por RFQ.";Entorno de prueba aislado, usuarios ficticios por rol, datos preparados y servicio correspondiente. Resolver la brecha documentada antes de aceptar el resultado integral.
CFG-08;Media;Completar cobertura funcional;"Tiers comerciales. Tiers y umbrales son constantes y asignación manual existe; no se encontró CRUD de umbrales/descuentos/colores configurable.";Admin o permiso configuracion;"configuracion_sistema; areas_trabajo; cuentas_bancarias; catálogos constantes";"Se agregan, editan o retiran tiers con nombre, consumo mínimo de tres meses, descuento y color; se conserva al menos un nivel.";"E2E-04: Se agregan, editan o retiran tiers con nombre, consumo mínimo de tres meses, descuento y color; se conserva al menos un nivel.";Entorno de prueba aislado, usuarios ficticios por rol, datos preparados y servicio correspondiente. Resolver la brecha documentada antes de aceptar el resultado integral.
CFG-09;Media;Completar cobertura funcional;"Categorías de gasto. Gastos usa categorías definidas en código; Configuración no presenta alta/retiro de categorías de negocio.";Admin o permiso configuracion;"configuracion_sistema; areas_trabajo; cuentas_bancarias; catálogos constantes";Se agregan y retiran categorías que luego se ofrecen al capturar o filtrar gastos.;E2E-29: Se agregan y retiran categorías que luego se ofrecen al capturar o filtrar gastos.;Entorno de prueba aislado, usuarios ficticios por rol, datos preparados y servicio correspondiente. Resolver la brecha documentada antes de aceptar el resultado integral.
CFG-10;Media;Completar cobertura funcional;"Tarifas de cotizador. Solo cinco parámetros generales del cotizador disponibles; faltan tarifas específicas y consumidor de fórmulas técnicas. Dependencia de historial de la base no se impone al objetivo.";Admin o permiso configuracion;"configuracion_sistema; areas_trabajo; cuentas_bancarias; catálogos constantes";"Se editan tarifas de máquina/setup, gases/consumo, productividad de doblado, longitud máxima, segundo operario, fresas/vida útil y mano de obra/soldadura/consumibles/acabados. El bloque del ZIP depende de que haya historial; no asumir que todos los parámetros expuestos intervienen en la fórmula.";"E2E-11: Se editan tarifas de máquina/setup, gases/consumo, productividad de doblado, longitud máxima, segundo operario, fresas/vida útil y mano de obra/soldadura/consumibles/acabados. El bloque del ZIP depende de que haya historial; no asumir que todos los parámetros expuestos intervienen en la fórmula.";"Entorno de prueba aislado, usuarios ficticios por rol, datos preparados y servicio correspondiente. Resolver D-12 para la variante indicada; no bloquea otras comprobaciones. Resolver la brecha documentada antes de aceptar el resultado integral."
CFG-11;Media;Completar cobertura funcional;"Catálogos iniciales de referencia. Recursos, áreas y capacidades tienen modelo propio; equivalencia de nombres y equipos de referencia requiere mapa de negocio y datos de prueba, no copiar constantes.";Admin o permiso configuracion;"configuracion_sistema; areas_trabajo; cuentas_bancarias; catálogos constantes";"Se reconocen Láser Fibra, Láser CO2, Dobladora, CNC Router y Fabricación, con capacidad/color en datos; áreas por defecto Sheet Metal, Taller, Acabados y EXT. No se evidencia un formulario completo de CRUD de máquinas.";"E2E-31: Se reconocen Láser Fibra, Láser CO2, Dobladora, CNC Router y Fabricación, con capacidad/color en datos; áreas por defecto Sheet Metal, Taller, Acabados y EXT. No se evidencia un formulario completo de CRUD de máquinas.";"Entorno de prueba aislado, usuarios ficticios por rol, datos preparados y servicio correspondiente. Resolver D-13 para la variante indicada; no bloquea otras comprobaciones. Resolver la brecha documentada antes de aceptar el resultado integral."
CFG-12;Media;Resolver decisión de negocio;"Consolidación de datos heredados. No se encontró consolidación histórica de negocio con previsualización y reconciliación de AR; migraciones SQL de estructura no equivalen a esa capacidad. Decidir soporte histórico.";Admin o permiso configuracion;"configuracion_sistema; areas_trabajo; cuentas_bancarias; catálogos constantes";La interfaz presenta conteos y confirmación, guarda registros actuales/configuración y contempla crear AR borradores faltantes para órdenes comerciales elegibles. La migración es una capacidad de soporte, no un paso diario ni una acción a ejecutar durante esta auditoría.;E2E-14: La interfaz presenta conteos y confirmación, guarda registros actuales/configuración y contempla crear AR borradores faltantes para órdenes comerciales elegibles. La migración es una capacidad de soporte, no un paso diario ni una acción a ejecutar durante esta auditoría.;"Entorno de prueba aislado, usuarios ficticios por rol, datos preparados y servicio correspondiente. Resolver D-01 para la variante indicada; no bloquea otras comprobaciones."
CFG-13;Media;Completar cobertura funcional;"Consulta de acciones recientes. Componente TablaLogs y servicio existen, pero no tienen entrada desde Configuración/rutas; registro durable no prueba consulta funcional reciente.";Admin o permiso configuracion;"configuracion_sistema; areas_trabajo; cuentas_bancarias; catálogos constantes";"Se ven momento, usuario, acción y orden de las últimas 60 entradas presentadas; persistencia histórica durable se valida aparte si la versión objetivo la ofrece.";"E2E-21: Se ven momento, usuario, acción y orden de las últimas 60 entradas presentadas; persistencia histórica durable se valida aparte si la versión objetivo la ofrece.";Entorno de prueba aislado, usuarios ficticios por rol, datos preparados y servicio correspondiente. Resolver la brecha documentada antes de aceptar el resultado integral.
TRA-01;Media;Completar cobertura funcional;"Períodos de consulta. Dashboard tiene períodos, Planeación rangos y otros módulos filtros propios; falta catálogo temporal uniforme en Clientes/RFQ/Órdenes/CxC/Gastos con contexto conservado.";Todos según su permiso y asignación;Cadena comercial/productiva/financiera y catálogos;"Se pueden seleccionar todo, hoy, semana actual/anterior, mes actual/anterior, trimestre actual/anterior y año; se informa el período aplicado y se puede limpiar.";"E2E-06: Se pueden seleccionar todo, hoy, semana actual/anterior, mes actual/anterior, trimestre actual/anterior y año; se informa el período aplicado y se puede limpiar.";Entorno de prueba aislado, usuarios ficticios por rol, datos preparados y servicio correspondiente. Resolver la brecha documentada antes de aceptar el resultado integral.
TRA-02;Media;Completar cobertura funcional;"Relación entre entidades. Hay claves cliente→pipeline→OP→partidas→sesiones→entregas/CxC/gastos; faltan enlaces de historial, adjuntos y CxC temprana. No hay prueba ejecutada de cadena completa.";Todos según su permiso y asignación;Cadena comercial/productiva/financiera y catálogos;"Se conserva relación cliente → RFQ/líneas → orden/partes/procesos → sesiones/archivos → AR/pagos; gastos pueden vincularse a la orden y catálogos alimentan formularios.";"E2E-07: Se conserva relación cliente → RFQ/líneas → orden/partes/procesos → sesiones/archivos → AR/pagos; gastos pueden vincularse a la orden y catálogos alimentan formularios.";"Entorno de prueba aislado, usuarios ficticios por rol, datos preparados y servicio correspondiente. Resolver D-04,D-14 para la variante indicada; no bloquea otras comprobaciones. Resolver la brecha documentada antes de aceptar el resultado integral."
TRA-03;Media;Completar cobertura funcional;"Cancelación de formularios y consulta vacía. Formularios y vacíos ofrecen salidas parciales; no se ha recorrido cada cancelación modal, conservación de contexto y distinción de error/ausencia en todos los accesos.";Todos según su permiso y asignación;Cadena comercial/productiva/financiera y catálogos;"Se vuelve al contexto previo y se muestra una situación sin resultados comprensible; distinguir Cancelar formulario de Cancelar orden, que cambia el negocio.";"E2E-03: Se vuelve al contexto previo y se muestra una situación sin resultados comprensible; distinguir Cancelar formulario de Cancelar orden, que cambia el negocio.";Entorno de prueba aislado, usuarios ficticios por rol, datos preparados y servicio correspondiente. Resolver la brecha documentada antes de aceptar el resultado integral.
OBS-01;Media;Completar cobertura funcional;Navegación desde indicadores. Aging muestra tramos, pero no navega a documentos de 1–30 días conservando contexto. Tramo de antigüedad no se interpreta como mes calendario.;Admin / contador con permisos financieros;"cuentas_por_cobrar; pagos_ar; movimientos_saldo_favor; clientes; OP";"Con dos grupos de cartera, pulsar 1-30 días muestra solo documentos/clientes con deuda vencida entre 1 y 30 días; volver conserva el contexto. Interpretar ese tramo como antigüedad, no como mes calendario.";"E2E-26: Con dos grupos de cartera, pulsar 1-30 días muestra solo documentos/clientes con deuda vencida entre 1 y 30 días; volver conserva el contexto. Interpretar ese tramo como antigüedad, no como mes calendario.";Entorno de prueba aislado, usuarios ficticios por rol, datos preparados y servicio correspondiente. Resolver la brecha documentada antes de aceptar el resultado integral.
OBS-02;Media;Completar cobertura funcional;"Búsqueda de empresa y contacto. Prospecto usa empresa/contacto de texto libre y se promueve al ganar; falta buscar empresa existente, seleccionar contacto y alta contextual sin duplicar.";Admin / vendedor / gerente según permiso;"pipeline; cotizacion_lineas; clientes; ordenes_produccion";"Buscar una empresa existente, elegir su contacto y luego crear otra desde el mismo formulario; la nueva ficha queda disponible en Clientes y seleccionada, sin duplicar la empresa al cambiar contacto.";"E2E-34: Buscar una empresa existente, elegir su contacto y luego crear otra desde el mismo formulario; la nueva ficha queda disponible en Clientes y seleccionada, sin duplicar la empresa al cambiar contacto.";Entorno de prueba aislado, usuarios ficticios por rol, datos preparados y servicio correspondiente. Resolver la brecha documentada antes de aceptar el resultado integral.
OBS-03;Media;Completar cobertura funcional;"Seguimiento del prospecto. Etapas prospecto/contactado y alertas disponibles; faltan próxima acción de llamada/seguimiento editable y su consulta como agenda.";Admin / vendedor / gerente según permiso;"pipeline; cotizacion_lineas; clientes; ordenes_produccion";"Crear prospecto no contactado con acción de llamada; registrar contacto y nueva acción; ambas situaciones quedan claras y el seguimiento pendiente se puede consultar.";"E2E-34: Crear prospecto no contactado con acción de llamada; registrar contacto y nueva acción; ambas situaciones quedan claras y el seguimiento pendiente se puede consultar.";Entorno de prueba aislado, usuarios ficticios por rol, datos preparados y servicio correspondiente. Resolver la brecha documentada antes de aceptar el resultado integral.
OBS-04;Media;Completar cobertura funcional;Necesidad completa y varias solicitudes. Tipos admiten líneas, pero formulario de cotización no tiene entrada desde oportunidad y carece de área/espesor/asignación y descripción general completa.;Admin / vendedor / gerente según permiso;"pipeline; cotizacion_lineas; clientes; ordenes_produccion";"Crear dos solicitudes de distinta área en una oportunidad; conservar descripción y asignación técnica de cada una y los campos generales al guardar/reabrir.";"E2E-34: Crear dos solicitudes de distinta área en una oportunidad; conservar descripción y asignación técnica de cada una y los campos generales al guardar/reabrir.";Entorno de prueba aislado, usuarios ficticios por rol, datos preparados y servicio correspondiente. Resolver la brecha documentada antes de aceptar el resultado integral.
OBS-05;Alta;Completar cobertura funcional;"Distribución por estaciones y procesos. Programación por recurso/secuencia existe; no se distribuyen ni muestran automáticamente actividades por estación al crear el pedido, ni se ve enlace al detalle global desde cada cola.";Operador PIN / gerente o admin con sesión administrativa;"partidas; programacion_areas; sesiones_trabajo; registros_avance_partida; notas_entrega";"Una orden con corte y carpintería aparece en ambas colas con solo las actividades relevantes y permite volver a su detalle general; no duplica la venta ni la orden.";"E2E-35: Una orden con corte y carpintería aparece en ambas colas con solo las actividades relevantes y permite volver a su detalle general; no duplica la venta ni la orden.";"Entorno de prueba aislado, usuarios ficticios por rol, datos preparados y servicio correspondiente. Resolver D-13 para la variante indicada; no bloquea otras comprobaciones. Resolver la brecha documentada antes de aceptar el resultado integral."
OBS-06;Alta;Completar cobertura funcional;"Planos múltiples utilizables en taller. Acción adjuntar existe sin UI de Pipeline; piso no muestra planos múltiples/versiones y descarga contextual de OP.";"Administración / producción; cliente destinatario sin portal";"notas_entrega; partidas_nota_entrega; archivos; configuración de empresa/plantillas";"Adjuntar dos planos, abrir la orden desde taller, consultar ambos y descargar una copia legible; los cambios de archivo se identifican en el contexto de la orden.";"E2E-35: Adjuntar dos planos, abrir la orden desde taller, consultar ambos y descargar una copia legible; los cambios de archivo se identifican en el contexto de la orden.";"Entorno de prueba aislado, usuarios ficticios por rol, datos preparados y servicio correspondiente. Resolver D-14 para la variante indicada; no bloquea otras comprobaciones. Resolver la brecha documentada antes de aceptar el resultado integral."
OBS-07;Alta;Completar cobertura funcional;"Cotizaciones integradas al pipeline. Existe formulario y almacenamiento de líneas; faltan acceso contextual desde oportunidad, calculadora técnica y vista de cotizaciones conectada.";Responsable comercial / cotizador;"cotizacion_lineas; configuracion_sistema.tarifas_json; geometría no localizada";Desde oportunidad crear una cotización, abrir su calculadora, guardar y verla tanto en la oportunidad como en la sección Cotizaciones sin recapturar datos.;E2E-34: Desde oportunidad crear una cotización, abrir su calculadora, guardar y verla tanto en la oportunidad como en la sección Cotizaciones sin recapturar datos.;"Entorno de prueba aislado, usuarios ficticios por rol, datos preparados y servicio correspondiente. Resolver D-12 para la variante indicada; no bloquea otras comprobaciones. Resolver la brecha documentada antes de aceptar el resultado integral."
OBS-08;Media;Completar cobertura funcional;Desglose de lo solicitado. Planeación selecciona partida por etiqueta y recurso, pero tabla no muestra pedido/material/cantidad/proceso/avance/pendientes ni abre desglose completo.;Admin / gerente con permiso de planeación;"recursos_planeacion; capacidad; excepciones; programacion_areas; partidas";"Abrir una partida desde Planeación y reconocer pedido, material, cantidad, proceso actual, avance y pendientes; mostrar explícitamente datos aún por definir.";"E2E-35: Abrir una partida desde Planeación y reconocer pedido, material, cantidad, proceso actual, avance y pendientes; mostrar explícitamente datos aún por definir.";"Entorno de prueba aislado, usuarios ficticios por rol, datos preparados y servicio correspondiente. Resolver D-15 para la variante indicada; no bloquea otras comprobaciones. Resolver la brecha documentada antes de aceptar el resultado integral."
OBS-09;Alta;Completar cobertura funcional;"Asignación inequívoca del trabajo. Piso se limita a partidas asignadas y SQL revalida operador; una sola asignación por partida no expresa cada responsable por proceso ni se ve el reparto completo.";Operador PIN / gerente o admin con sesión administrativa;"partidas; programacion_areas; sesiones_trabajo; registros_avance_partida; notas_entrega";"Un operador de corte puede actuar sobre su actividad; otro sin asignación no puede apropiársela; ambos identifican claramente qué deben hacer y quién atiende los otros procesos.";"E2E-20, E2E-35: Un operador de corte puede actuar sobre su actividad; otro sin asignación no puede apropiársela; ambos identifican claramente qué deben hacer y quién atiende los otros procesos.";"Entorno de prueba aislado, usuarios ficticios por rol, datos preparados y servicio correspondiente. Resolver D-13 para la variante indicada; no bloquea otras comprobaciones. Resolver la brecha documentada antes de aceptar el resultado integral."
OBS-10;Media;Completar cobertura funcional;"Parciales de producción y entrega. Acumulado por partida y entregas independientes existen; no hay avance por proceso previo a la última secuencia ni documento imprimible de entrega parcial. Caso 4+6 pendiente en BD de prueba.";Operador PIN / gerente o admin con sesión administrativa;"partidas; programacion_areas; sesiones_trabajo; registros_avance_partida; notas_entrega";"Para meta 10, registrar 4 y luego 6 conserva el acumulado sin cerrar anticipadamente; si se activa entrega parcial, documentar 4 entregadas/6 pendientes independientemente del avance de fabricación.";"E2E-37: Para meta 10, registrar 4 y luego 6 conserva el acumulado sin cerrar anticipadamente; si se activa entrega parcial, documentar 4 entregadas/6 pendientes independientemente del avance de fabricación.";"Entorno de prueba aislado, usuarios ficticios por rol, datos preparados y servicio correspondiente. Resolver D-05 para la variante indicada; no bloquea otras comprobaciones. Resolver la brecha documentada antes de aceptar el resultado integral."
OBS-11;Media;Completar cobertura funcional;"Historial comercial y operativo navegable. Ficha cliente contiene placeholder de historial; notas de sesión no se agregan a una cadena navegable cliente→cotización→orden.";Admin / vendedor con permiso ver_clientes;"clientes; documentos_cliente; CxC para consumo y crédito";"Abrir cliente, entrar a una cotización histórica y su orden; guardar una nota de sesión y comprobar que se consulta en el historial sin volver a escribirla.";"E2E-36: Abrir cliente, entrar a una cotización histórica y su orden; guardar una nota de sesión y comprobar que se consulta en el historial sin volver a escribirla.";"Entorno de prueba aislado, usuarios ficticios por rol, datos preparados y servicio correspondiente. Resolver D-14 para la variante indicada; no bloquea otras comprobaciones. Resolver la brecha documentada antes de aceptar el resultado integral."
OBS-12;Alta;Completar cobertura funcional;"Descuento automático de existencias. Consumo explícito descuenta existencias mediante acción propia; cierre de sesión no ajusta automáticamente consumo real restante ni registra material/merma al final.";Operador PIN / gerente o admin con sesión administrativa;"partidas; programacion_areas; sesiones_trabajo; registros_avance_partida; notas_entrega";"Con stock 100 y consumo real 12, finalizar deja 88 y un movimiento trazable; repetir confirmación no vuelve a descontar; si ya se consumieron 5, al final se descuentan solo los 7 restantes. Esto es requisito adicional al ZIP.";"E2E-38: Con stock 100 y consumo real 12, finalizar deja 88 y un movimiento trazable; repetir confirmación no vuelve a descontar; si ya se consumieron 5, al final se descuentan solo los 7 restantes. Esto es requisito adicional al ZIP.";"Entorno de prueba aislado, usuarios ficticios por rol, datos preparados y servicio correspondiente. Resolver D-10 para la variante indicada; no bloquea otras comprobaciones. Resolver la brecha documentada antes de aceptar el resultado integral."
OBS-13;Media;Completar cobertura funcional;"Conformidad fiel al pedido. Nota de entrega registra partidas y cantidades; falta conformidad imprimible/recuperable con descripción fiel al pedido y diferencia entregado/pendiente.";"Administración / producción; cliente destinatario sin portal";"notas_entrega; partidas_nota_entrega; archivos; configuración de empresa/plantillas";"Con pedido de dos partidas, la conformidad muestra ambas y sus cantidades; imprimir/guardar permite recuperar el documento; las diferencias y pendientes de una entrega parcial se distinguen.";"E2E-23, E2E-37: Con pedido de dos partidas, la conformidad muestra ambas y sus cantidades; imprimir/guardar permite recuperar el documento; las diferencias y pendientes de una entrega parcial se distinguen.";"Entorno de prueba aislado, usuarios ficticios por rol, datos preparados y servicio correspondiente. Resolver D-05,D-14 para la variante indicada; no bloquea otras comprobaciones. Resolver la brecha documentada antes de aceptar el resultado integral."
OBS-14;Media;Completar cobertura funcional;Áreas, subáreas y procesos configurables. Áreas configurables no incluyen jerarquía/procesos y no alimentan todas las listas objetivo. Registrar propuesta explícita de Metal mecánica/Fabricación digital/Acabados/Externo sin darla por aprobada.;Admin o permiso configuracion;"configuracion_sistema; areas_trabajo; cuentas_bancarias; catálogos constantes";Crear/editar áreas y subáreas y comprobar que se ofrecen en Comercial, Planeación y Producción. La clasificación subárea/proceso/estación debe acordarse sin perder los nombres ni crear duplicados semánticos.;E2E-31: Crear/editar áreas y subáreas y comprobar que se ofrecen en Comercial, Planeación y Producción. La clasificación subárea/proceso/estación debe acordarse sin perder los nombres ni crear duplicados semánticos.;"Entorno de prueba aislado, usuarios ficticios por rol, datos preparados y servicio correspondiente. Resolver D-13 para la variante indicada; no bloquea otras comprobaciones. Resolver la brecha documentada antes de aceptar el resultado integral."
OBS-15;Alta;Completar cobertura funcional;Origen comercial y tablero de órdenes. Aprobar oportunidad genera OP, pero /ordenes mantiene alta manual ordinaria y no existe marca TI sin venta. La excepción histórica queda pendiente y separada.;Admin / responsable de producción;"ordenes_produccion; partidas_orden_produccion; pipeline; programacion_areas";"Aprobar oportunidad produce una OP y la muestra en el tablero; no se ofrece alta productiva ordinaria desconectada de Comercial; una orden interna queda señalizada y sin venta. El ingreso histórico requiere decisión explícita como excepción de migración.";"E2E-36: Aprobar oportunidad produce una OP y la muestra en el tablero; no se ofrece alta productiva ordinaria desconectada de Comercial; una orden interna queda señalizada y sin venta. El ingreso histórico requiere decisión explícita como excepción de migración.";"Entorno de prueba aislado, usuarios ficticios por rol, datos preparados y servicio correspondiente. Resolver D-01 para la variante indicada; no bloquea otras comprobaciones. Resolver la brecha documentada antes de aceptar el resultado integral."
OBS-16;Media;Completar cobertura funcional;"Acciones y estados consistentes. Transiciones con cancelación motivada y condición de completar existen; Programada sin agenda y pausa de OP versus sesión requieren consistencia de filtros/efectos entre entradas.";Admin / responsable de producción;"ordenes_produccion; partidas_orden_produccion; pipeline; programacion_areas";"Programar, iniciar, pausar y reanudar una orden cambia su pertenencia a filtros; cancelar conserva motivo/historial y la retira de activos; completar exige regla de finalización y no equivale a cancelar.";"E2E-36: Programar, iniciar, pausar y reanudar una orden cambia su pertenencia a filtros; cancelar conserva motivo/historial y la retira de activos; completar exige regla de finalización y no equivale a cancelar.";"Entorno de prueba aislado, usuarios ficticios por rol, datos preparados y servicio correspondiente. Resolver D-03,D-06 para la variante indicada; no bloquea otras comprobaciones. Resolver la brecha documentada antes de aceptar el resultado integral."
OBS-17;Media;Completar cobertura funcional;"Comentarios por orden. Comentarios por entidad funcionan como contratos/acciones simuladas; Pipeline usa entidad cotizacion y Órdenes usa orden. Producción no monta hilo de orden ni existe acceso transversal al mismo comentario.";Admin / responsable de producción;"ordenes_produccion; partidas_orden_produccion; pipeline; programacion_areas";"Añadir comentario a una orden y recuperarlo al abrirla desde Comercial, Órdenes y Producción según permisos; otra orden no recibe ese comentario.";"E2E-36: Añadir comentario a una orden y recuperarlo al abrirla desde Comercial, Órdenes y Producción según permisos; otra orden no recibe ese comentario.";"Entorno de prueba aislado, usuarios ficticios por rol, datos preparados y servicio correspondiente. Resolver D-14 para la variante indicada; no bloquea otras comprobaciones. Resolver la brecha documentada antes de aceptar el resultado integral."
OBS-18;Media;Completar cobertura funcional;"Programar partida comprensible. Formulario usa etiquetas de partida y recurso sin exigir UUID; falta resumen comprensible del pedido/resultado y acceso contextual en calendario. Se propone explicarlo, no eliminar capacidad.";Admin / gerente con permiso de planeación;"recursos_planeacion; capacidad; excepciones; programacion_areas; partidas";"Una persona programa sin introducir IDs internos y ve resumen previo y resultado en calendario. Se adopta como propuesta explicar la acción; eliminar definitivamente el formulario es alternativa indicada por el usuario, no una orden simultánea.";"E2E-35: Una persona programa sin introducir IDs internos y ve resumen previo y resultado en calendario. Se adopta como propuesta explicar la acción; eliminar definitivamente el formulario es alternativa indicada por el usuario, no una orden simultánea.";"Entorno de prueba aislado, usuarios ficticios por rol, datos preparados y servicio correspondiente. Resolver D-15 para la variante indicada; no bloquea otras comprobaciones. Resolver la brecha documentada antes de aceptar el resultado integral."
OBS-19;Media;Completar cobertura funcional;"Horario, capacidad y sobrecarga. SQL bloquea sobrecarga por recurso/fecha/turno; falta horario específico por operador, comprobación conjunta y propuesta automática de siguiente día hábil con hueco.";Admin / gerente con permiso de planeación;"recursos_planeacion; capacidad; excepciones; programacion_areas; partidas";"Asignar 5 h y 3 h deja 0 h; intentar otra hora se bloquea sin guardar; proponer siguiente día hábil con hueco y confirmar deja la orden allí. No mantener Asignar de todas formas como vía ordinaria.";"E2E-22: Asignar 5 h y 3 h deja 0 h; intentar otra hora se bloquea sin guardar; proponer siguiente día hábil con hueco y confirmar deja la orden allí. No mantener Asignar de todas formas como vía ordinaria.";"Entorno de prueba aislado, usuarios ficticios por rol, datos preparados y servicio correspondiente. Resolver D-02 para la variante indicada; no bloquea otras comprobaciones. Resolver la brecha documentada antes de aceptar el resultado integral."
OBS-20;Media;Completar cobertura funcional;"Área como filtro principal y flujo completo. Fin de sesión y entrega son hechos separados, pero falta filtro de área visible en Producción y conformidad descargable; actividad multicentro necesita pruebas por cada proceso.";Operador PIN / gerente o admin con sesión administrativa;"partidas; programacion_areas; sesiones_trabajo; registros_avance_partida; notas_entrega";"Una orden multiárea se encuentra por cada área; cerrar una sesión incompleta no la entrega; el cierre completo habilita entrega y descarga de conformidad.";"E2E-35: Una orden multiárea se encuentra por cada área; cerrar una sesión incompleta no la entrega; el cierre completo habilita entrega y descarga de conformidad.";"Entorno de prueba aislado, usuarios ficticios por rol, datos preparados y servicio correspondiente. Resolver D-05,D-13 para la variante indicada; no bloquea otras comprobaciones. Resolver la brecha documentada antes de aceptar el resultado integral."
OBS-21;Media;Completar cobertura funcional;Retirar terminadas del trabajo activo. Entregada se deriva conservando notas, pero el Kanban incluye columna Entregada y no se encontró archivo automático ni historial navegable completo.;Operador PIN / gerente o admin con sesión administrativa;"partidas; programacion_areas; sesiones_trabajo; registros_avance_partida; notas_entrega";Entregar una orden deja el tablero operativo libre y permite recuperar pedido, sesiones, documentos y cuenta por cobrar desde historial. Interpretar quitar como archivar, no destruir evidencia.;E2E-23: Entregar una orden deja el tablero operativo libre y permite recuperar pedido, sesiones, documentos y cuenta por cobrar desde historial. Interpretar quitar como archivar, no destruir evidencia.;"Entorno de prueba aislado, usuarios ficticios por rol, datos preparados y servicio correspondiente. Resolver D-06 para la variante indicada; no bloquea otras comprobaciones. Resolver la brecha documentada antes de aceptar el resultado integral."
OBS-22;Alta;Completar cobertura funcional;Visibilidad financiera desde aprobación. No se genera CxC al aprobar. Cobranza exige OP completada para alta manual, por lo que tampoco hay borrador financiero visible temprano.;Admin / contador con permisos financieros;"cuentas_por_cobrar; pagos_ar; movimientos_saldo_favor; clientes; OP";"Aprobar una cotización muestra un registro en Cobranza con su estado financiero correcto; distinguir borrador visible de saldo ya exigible conforme al momento de activación acordado.";"E2E-39: Aprobar una cotización muestra un registro en Cobranza con su estado financiero correcto; distinguir borrador visible de saldo ya exigible conforme al momento de activación acordado.";"Entorno de prueba aislado, usuarios ficticios por rol, datos preparados y servicio correspondiente. Resolver D-04 para la variante indicada; no bloquea otras comprobaciones. Resolver la brecha documentada antes de aceptar el resultado integral."
OBS-23;Media;Completar cobertura funcional;"Moneda de cobro y tipo de cambio. Conversion de pago/AR usa TC historico y esquema MXN=1; selector de moneda no reajusta automaticamente TC ni muestra equivalente. El caso USD100 x17.50=MXN1750 queda como siguiente prueba integral; las pruebas locales usan otros importes ficticios.";Admin / contador con permisos financieros;"cuentas_por_cobrar; pagos_ar; movimientos_saldo_favor; clientes; OP";"Un pago de USD 100 a TC 17.50 muestra MXN 1750; cambiar a MXN interpreta el monto como pesos y usa TC 1; si se ofrece convertir un monto existente, USD→MXN multiplica y MXN→USD divide, con confirmación del importe resultante.";"E2E-39: Un pago de USD 100 a TC 17.50 muestra MXN 1750; cambiar a MXN interpreta el monto como pesos y usa TC 1; si se ofrece convertir un monto existente, USD→MXN multiplica y MXN→USD divide, con confirmación del importe resultante.";"Entorno de prueba aislado, usuarios ficticios por rol, datos preparados y servicio correspondiente. Resolver D-07 para la variante indicada; no bloquea otras comprobaciones. Resolver la brecha documentada antes de aceptar el resultado integral."
OBS-24;Alta;Completar cobertura funcional;"Cuenta destino/origen y referencias. Catálogo de cuentas existe y pago admite cuentaBancariaId en servidor, sin selector UI; gastos no tiene cuenta origen. Referencia bancaria sigue visible. No hay flujo neto por cuenta que concilie +1000−300 sin afectar B.";Admin / contador con permisos financieros;"cuentas_por_cobrar; pagos_ar; movimientos_saldo_favor; clientes; OP";"Cobrar 1000 en Cuenta A y pagar gasto 300 desde A produce flujo registrado neto +700 en A; Cuenta B no cambia; retirar cuenta del uso futuro conserva la lectura del historial.";"E2E-28: Cobrar 1000 en Cuenta A y pagar gasto 300 desde A produce flujo registrado neto +700 en A; Cuenta B no cambia; retirar cuenta del uso futuro conserva la lectura del historial.";"Entorno de prueba aislado, usuarios ficticios por rol, datos preparados y servicio correspondiente. Resolver D-08 para la variante indicada; no bloquea otras comprobaciones. Resolver la brecha documentada antes de aceptar el resultado integral."
OBS-25;Media;Completar cobertura funcional;"Saldo a favor visible y aplicable. Monedero se ve en ficha de cliente y modal de cobro y puede aplicarse; falta historial accesible de origen/aplicaciones y conciliación persistida del caso 1200/1000/150 sin segundo movimiento bancario.";Admin / contador con permisos financieros;"cuentas_por_cobrar; pagos_ar; movimientos_saldo_favor; clientes; OP";"Cobrar 1200 sobre deuda 1000 deja deuda 0 y crédito 200; aplicar 150 a otra deuda deja crédito 50, disminuye esa deuda 150 y no altera otra vez las cuentas de caja/banco.";"E2E-40: Cobrar 1200 sobre deuda 1000 deja deuda 0 y crédito 200; aplicar 150 a otra deuda deja crédito 50, disminuye esa deuda 150 y no altera otra vez las cuentas de caja/banco.";"Entorno de prueba aislado, usuarios ficticios por rol, datos preparados y servicio correspondiente. Resolver D-09 para la variante indicada; no bloquea otras comprobaciones. Resolver la brecha documentada antes de aceptar el resultado integral."
OBS-26;Media;Completar cobertura funcional;"Proforma o comprobante de cobro. Recibo imprime folio/cliente/método/abono/saldo, pero omite total y acumulado; vive en estado local y no tiene recuperación/reimpresión tras recargar. Falta documento histórico reproducible.";Admin / contador con permisos financieros;"cuentas_por_cobrar; pagos_ar; movimientos_saldo_favor; clientes; OP";"Registrar pago parcial de 400 sobre 1000 y obtener documento con total 1000, abonado 400 y pendiente 600; reabrir el documento conserva esos datos y su vínculo con la operación.";"E2E-40: Registrar pago parcial de 400 sobre 1000 y obtener documento con total 1000, abonado 400 y pendiente 600; reabrir el documento conserva esos datos y su vínculo con la operación.";"Entorno de prueba aislado, usuarios ficticios por rol, datos preparados y servicio correspondiente. Resolver D-14 para la variante indicada; no bloquea otras comprobaciones. Resolver la brecha documentada antes de aceptar el resultado integral."
OBS-27;Media;Completar cobertura funcional;Consolidado imprimible y compartible. No se encontró consolidado imprimible/compartible de cinco órdenes del mismo cliente. No se debe confundir generación documental con envío autorizado.;Admin / contador con permisos financieros;"cuentas_por_cobrar; pagos_ar; movimientos_saldo_favor; clientes; OP";"Un cliente con cinco órdenes recibe en la previsualización exactamente esas cinco, sus saldos individuales y total conciliado; generar el archivo no significa que se haya enviado. Envío real solo tras acción autorizada del usuario.";"E2E-27: Un cliente con cinco órdenes recibe en la previsualización exactamente esas cinco, sus saldos individuales y total conciliado; generar el archivo no significa que se haya enviado. Envío real solo tras acción autorizada del usuario.";"Entorno de prueba aislado, usuarios ficticios por rol, datos preparados y servicio correspondiente. Resolver D-14 para la variante indicada; no bloquea otras comprobaciones. Resolver la brecha documentada antes de aceptar el resultado integral."
OBS-28;Media;Completar cobertura funcional;"Gasto con cuenta y selección de orden. Gasto admite OP opcional, pero exige UUID manual y no cuenta origen; faltan selección comprensible y conciliación del flujo por cuenta.";Admin / contador con permisos financieros;"gastos; proveedores; OP; consumos; sesiones y tarifas históricas";Registrar un gasto ligado a una OP y otro general, elegir cuenta en ambos, y comprobar asociación, saldo/flujo y desglose posterior sin introducir manualmente un ID de orden.;E2E-28: Registrar un gasto ligado a una OP y otro general, elegir cuenta en ambos, y comprobar asociación, saldo/flujo y desglose posterior sin introducir manualmente un ID de orden.;"Entorno de prueba aislado, usuarios ficticios por rol, datos preparados y servicio correspondiente. Resolver D-08 para la variante indicada; no bloquea otras comprobaciones. Resolver la brecha documentada antes de aceptar el resultado integral."
OBS-29;Alta;Completar cobertura funcional;"Rentabilidad por orden y estación. Motor calcula venta neta menos material/tiempo/gastos atribuibles; no hay desglose por estación y falta regla que evite duplicar material/mano de obra capturados además como gasto.";Admin / contador con permisos financieros;"gastos; proveedores; OP; consumos; sesiones y tarifas históricas";Venta neta 10000, material 3000, trabajo 2000 y otros costos 1000 produce costo 6000, utilidad 4000 y margen 40%. No duplicar material o mano de obra si ya están incluidos en un gasto vinculado.;E2E-41: Venta neta 10000, material 3000, trabajo 2000 y otros costos 1000 produce costo 6000, utilidad 4000 y margen 40%. No duplicar material o mano de obra si ya están incluidos en un gasto vinculado.;"Entorno de prueba aislado, usuarios ficticios por rol, datos preparados y servicio correspondiente. Resolver D-11 para la variante indicada; no bloquea otras comprobaciones. Resolver la brecha documentada antes de aceptar el resultado integral."
OBS-30;Media;Completar cobertura funcional;Parámetros completos del cotizador. Configuración solo tiene parámetros generales y no existe motor técnico consumidor que cotice con tarifa vigente y preserve acuerdo histórico por estación.;Responsable comercial / cotizador;"cotizacion_lineas; configuracion_sistema.tarifas_json; geometría no localizada";"Cambiar tarifa de una estación y realizar una nueva cotización muestra el efecto esperado; cotizaciones aceptadas e históricos conservan sus valores pactados. No inventar un anexo de campos que el texto no contiene.";"E2E-41: Cambiar tarifa de una estación y realizar una nueva cotización muestra el efecto esperado; cotizaciones aceptadas e históricos conservan sus valores pactados. No inventar un anexo de campos que el texto no contiene.";"Entorno de prueba aislado, usuarios ficticios por rol, datos preparados y servicio correspondiente. Resolver D-12 para la variante indicada; no bloquea otras comprobaciones. Resolver la brecha documentada antes de aceptar el resultado integral."
