ID;Origen;Modulo_base;Capacidad_base;Fuente_base;Resultado_exigido;Actor_objetivo;Puntos_entrada_revisados;Operacion_disparador;Datos_relacionados;Regla_estado_y_resultado_objetivo;Evidencia_codigo;Evidencia_ejecutada_local;Evidencia_funcional_E2E;Clasificacion;Motivo;Siguiente_prueba_necesaria;Dependencia;Decisiones_relacionadas
ACC-01;B;Acceso y navegación;Acceso por identidad;"src/App.jsx:447-480;4533-4538";"Se identifica al usuario por nombre y rol; el administrador entra al panel administrativo y el operador a Producción. Conservar la función de identificación, sin trasladar valores de PIN del código antiguo.";"Admin / operador; demás roles con sesión administrativa";"/iniciar-sesion; /operador; menú y cierre";se introduce el PIN de un usuario registrado;"usuarios; sesión administrativa; identidad PIN; permisos";"Identificación administrativa por correo/contraseña y piso por PIN; equivalencia candidata. Falta login real de cada actor y verificar destino tras recarga.";"src/modulos/autenticacion/acciones/iniciar-sesion.ts:31; src/modulos/autenticacion/acciones/validar-pin.ts:35; src/app/(piso)/produccion-piso/page.tsx:13";"unitarias/autenticacion (5 casos aprobados); unitarias/sesion-operador (8 casos aprobados). Detalle en evidencias/casos-locales.csv. Solo evidencia parcial local, sin flujo persistido.";"No ejecutada en navegador/BD de prueba; persistencia y segunda sesión pendientes.";no verificable por datos/acceso/servicio;"Identificación administrativa por correo/contraseña y piso por PIN; equivalencia candidata. Falta login real de cada actor y verificar destino tras recarga.";"E2E-01: Se identifica al usuario por nombre y rol; el administrador entra al panel administrativo y el operador a Producción. Conservar la función de identificación, sin trasladar valores de PIN del código antiguo.";Entorno de prueba aislado, usuarios ficticios por rol, datos preparados y servicio correspondiente.;
ACC-02;B;Acceso y navegación;Captura y rechazo de PIN;"src/App.jsx:447-480;3160-3164";"La entrada puede corregirse; un PIN no reconocido no abre una sesión y permite reintentar. La interfaz declara PIN de 4 a 6 dígitos; validar ese rango en la versión objetivo.";"Admin / operador; demás roles con sesión administrativa";"/iniciar-sesion; /operador; menú y cierre";se usa el teclado numérico, borrar o un PIN no reconocido;"usuarios; sesión administrativa; identidad PIN; permisos";"Teclado y esquema de PIN disponibles; rechazo validado solo con dependencias simuladas, sin sesión de navegador ni servicio real.";"src/modulos/autenticacion/componentes/teclado-pin.tsx:21; src/modulos/autenticacion/acciones/validar-pin.ts:35";"unitarias/esquemas (9 casos aprobados); unitarias/limitar-intentos (4 casos aprobados). Detalle en evidencias/casos-locales.csv. Solo evidencia parcial local, sin flujo persistido.";"No ejecutada en navegador/BD de prueba; persistencia y segunda sesión pendientes.";no verificable por datos/acceso/servicio;"Teclado y esquema de PIN disponibles; rechazo validado solo con dependencias simuladas, sin sesión de navegador ni servicio real.";"E2E-01: La entrada puede corregirse; un PIN no reconocido no abre una sesión y permite reintentar. La interfaz declara PIN de 4 a 6 dígitos; validar ese rango en la versión objetivo.";Entorno de prueba aislado, usuarios ficticios por rol, datos preparados y servicio correspondiente.;
ACC-03;B;Acceso y navegación;Navegación administrativa;"src/App.jsx:4358;4582-4596";Puede abrir Dashboard, RFQ/Pipeline, Órdenes, CxC, Gastos/CxP, Clientes y Configuración, con indicador de vista activa.;"Admin / operador; demás roles con sesión administrativa";"/iniciar-sesion; /operador; menú y cierre";el administrador selecciona una opción del menú;"usuarios; sesión administrativa; identidad PIN; permisos";Menú conecta los módulos administrativos y marca ruta activa. Falta recorrer cada destino con una identidad de prueba.;"src/compartido/componentes/navegacion/modulos-navegacion.ts:16; src/compartido/componentes/navegacion/barra-lateral.tsx:25";Sin caso local específico ejecutado para este requisito.;"No ejecutada en navegador/BD de prueba; persistencia y segunda sesión pendientes.";no verificable por datos/acceso/servicio;Menú conecta los módulos administrativos y marca ruta activa. Falta recorrer cada destino con una identidad de prueba.;E2E-01: Puede abrir Dashboard, RFQ/Pipeline, Órdenes, CxC, Gastos/CxP, Clientes y Configuración, con indicador de vista activa.;Entorno de prueba aislado, usuarios ficticios por rol, datos preparados y servicio correspondiente.;
ACC-04;B;Acceso y navegación;Cambio de vista y cierre de sesión;"src/App.jsx:3750-3756;4533-4537;4584-4586";"Se conserva la identidad durante el cambio de vista; la vuelta administrativa corresponde al rol admin; cerrar sesión devuelve al acceso.";"Admin / operador; demás roles con sesión administrativa";"/iniciar-sesion; /operador; menú y cierre";el administrador abre Producción, regresa al panel o cierra sesión desde el panel;"usuarios; sesión administrativa; identidad PIN; permisos";"Chasis conserva navegación y existe acción de cierre; no se ha ejecutado cambio panel/piso/cierre y vuelta atrás con sesión real.";"src/compartido/componentes/navegacion/barra-lateral.tsx:25; src/modulos/autenticacion/acciones/cerrar-sesion.ts:28; src/app/(privado)/produccion/page.tsx:10; src/app/(piso)/produccion-piso/page.tsx:13";Sin caso local específico ejecutado para este requisito.;"No ejecutada en navegador/BD de prueba; persistencia y segunda sesión pendientes.";no verificable por datos/acceso/servicio;"Chasis conserva navegación y existe acción de cierre; no se ha ejecutado cambio panel/piso/cierre y vuelta atrás con sesión real.";"E2E-01: Se conserva la identidad durante el cambio de vista; la vuelta administrativa corresponde al rol admin; cerrar sesión devuelve al acceso.";Entorno de prueba aislado, usuarios ficticios por rol, datos preparados y servicio correspondiente.;
ACC-05;B;Acceso y navegación;Identidad en taller y confirmación de cierre;"src/App.jsx:3399-3419;3432-3440;4133-4155";El sistema pide confirmar identidad por PIN y registra identificador y nombre de quien confirma el trabajo. No confundir esta confirmación con una asignación individual de tareas.;"Admin / operador; demás roles con sesión administrativa";"/iniciar-sesion; /operador; menú y cierre";se guarda una sesión de trabajo;"usuarios; sesión administrativa; identidad PIN; permisos";"Cierre reconfirma PIN del mismo operador HMAC y audita ID; no equivale automáticamente a permitir que otro confirmante cierre el trabajo ni muestra toda la identidad histórica.";"src/modulos/produccion/acciones/cerrar-sesion-operador.ts:31; src/modulos/produccion/componentes/panel-operador-produccion.tsx:39; supabase/migrations/20260911000002_auditoria_ordenes_planeacion_produccion.sql:547";integracion/produccion-sesiones (6 casos aprobados). Detalle en evidencias/casos-locales.csv. Solo evidencia parcial local, sin flujo persistido.;"No ejecutada en navegador/BD de prueba; persistencia y segunda sesión pendientes.";cobertura parcial;"Cierre reconfirma PIN del mismo operador HMAC y audita ID; no equivale automáticamente a permitir que otro confirmante cierre el trabajo ni muestra toda la identidad histórica.";E2E-18: El sistema pide confirmar identidad por PIN y registra identificador y nombre de quien confirma el trabajo. No confundir esta confirmación con una asignación individual de tareas.;Entorno de prueba aislado, usuarios ficticios por rol, datos preparados y servicio correspondiente. Resolver la brecha documentada antes de aceptar el resultado integral.;
ACC-06;B;Acceso y navegación;Actualización diaria del tipo de cambio;"src/App.jsx:4405-4406;4543-4556";"Se solicita el TC MXN por USD, permite capturarlo y confirmar la fecha de actualización; muestra TC en el panel.";"Admin / operador; demás roles con sesión administrativa";"/iniciar-sesion; /operador; menú y cierre";el administrador entra con una fecha de TC distinta al día actual;"usuarios; sesión administrativa; identidad PIN; permisos";"Tarifas muestra TC y alerta por más de 24 h usando actualizadoEn general; no solicita TC al ingreso por cambio de fecha diaria.";"src/modulos/configuracion/componentes/pestana-tarifas.tsx:23; src/modulos/autenticacion/acciones/iniciar-sesion.ts:31";integracion/configuracion-acciones (5 casos aprobados). Detalle en evidencias/casos-locales.csv. Solo evidencia parcial local, sin flujo persistido.;"No ejecutada en navegador/BD de prueba; persistencia y segunda sesión pendientes.";cobertura parcial;"Tarifas muestra TC y alerta por más de 24 h usando actualizadoEn general; no solicita TC al ingreso por cambio de fecha diaria.";"E2E-02: Se solicita el TC MXN por USD, permite capturarlo y confirmar la fecha de actualización; muestra TC en el panel.";Entorno de prueba aislado, usuarios ficticios por rol, datos preparados y servicio correspondiente. Resolver la brecha documentada antes de aceptar el resultado integral.;
ACC-07;B;Acceso y navegación;Carga y reintento;"src/App.jsx:4408-4430;4516-4533";"Se distingue carga de datos, acceso y pantalla de reintento; no se presenta un conjunto vacío como si fuera información cargada correctamente.";"Admin / operador; demás roles con sesión administrativa";"/iniciar-sesion; /operador; menú y cierre";se abre la aplicación o no se logra cargar su información;"usuarios; sesión administrativa; identidad PIN; permisos";"Hay skeletons y errores en listados; la ficha del cliente no distingue error de ausencia y la recuperación no está conectada uniformemente en todos los módulos.";"src/modulos/clientes/componentes/tabla-clientes.tsx:34; src/modulos/clientes/componentes/ficha-cliente.tsx:112; src/modulos/dashboard/componentes/operacion-dashboard.tsx:17";unitarias/planeacion-componentes (3 casos aprobados). Detalle en evidencias/casos-locales.csv. Solo evidencia parcial local, sin flujo persistido.;"No ejecutada en navegador/BD de prueba; persistencia y segunda sesión pendientes.";cobertura parcial;"Hay skeletons y errores en listados; la ficha del cliente no distingue error de ausencia y la recuperación no está conectada uniformemente en todos los módulos.";"E2E-01: Se distingue carga de datos, acceso y pantalla de reintento; no se presenta un conjunto vacío como si fuera información cargada correctamente.";Entorno de prueba aislado, usuarios ficticios por rol, datos preparados y servicio correspondiente. Resolver la brecha documentada antes de aceptar el resultado integral.;
ACC-08;B;Acceso y navegación;Disponibilidad compartida de registros;src/App.jsx:4365-4514;"Los registros se guardan y se recuperan en una nueva carga; otra sesión recibe las actualizaciones de las entidades suscritas. La prueba de persistencia y de segunda sesión es obligatoria para aceptar la equivalencia.";"Admin / operador; demás roles con sesión administrativa";"/iniciar-sesion; /operador; menú y cierre";se crea o edita un cliente, RFQ, orden, AR, gasto o configuración;"usuarios; sesión administrativa; identidad PIN; permisos";"Persistencia y suscripciones están representadas; las pruebas locales simulan dependencias. No se ejecutó guardar/reabrir ni propagación a otra sesión real.";"src/modulos/produccion/servicios/tablero-produccion-servicio.ts:42; src/modulos/planeacion/componentes/operacion-planeacion.tsx:25; src/modulos/pipeline/acciones/crear-cotizacion.ts:18; src/modulos/clientes/acciones/crear-cliente.ts:20";unitarias/planeacion-realtime (2 casos aprobados). Detalle en evidencias/casos-locales.csv. Solo evidencia parcial local, sin flujo persistido.;"No ejecutada en navegador/BD de prueba; persistencia y segunda sesión pendientes.";no verificable por datos/acceso/servicio;"Persistencia y suscripciones están representadas; las pruebas locales simulan dependencias. No se ejecutó guardar/reabrir ni propagación a otra sesión real.";"E2E-33: Los registros se guardan y se recuperan en una nueva carga; otra sesión recibe las actualizaciones de las entidades suscritas. La prueba de persistencia y de segunda sesión es obligatoria para aceptar la equivalencia.";Entorno de prueba aislado, usuarios ficticios por rol, datos preparados y servicio correspondiente.;
DAS-01;B;Dashboard;Resumen comercial mensual;src/App.jsx:562-587;"Se muestran ventas del mes en MXN y pipeline activo; las órdenes internas se identifican por separado y no se tratan como ventas a clientes.";Admin / gerente / vendedor / contador según proyección;/dashboard y filtros de período;se consulta el dashboard con cotizaciones aprobadas y órdenes manuales comerciales;"pipeline; ordenes_produccion; cuentas_por_cobrar; gastos; consumos; sesiones";"Ventas ejecutivas basadas en CxC y pipeline, no en el mismo universo de aprobadas/manuales del mes; no existe marca de trabajo interno para excluirlo.";"supabase/migrations/20260910001120_fase_10_dashboard_base.sql:136; src/modulos/dashboard/servicios/dashboard-servicio.ts:159; src/modulos/dashboard/componentes/seccion-ventas-pipeline.tsx:14";integracion/dashboard-acciones (3 casos aprobados). Detalle en evidencias/casos-locales.csv. Solo evidencia parcial local, sin flujo persistido.;"No ejecutada en navegador/BD de prueba; persistencia y segunda sesión pendientes.";cobertura parcial;"Ventas ejecutivas basadas en CxC y pipeline, no en el mismo universo de aprobadas/manuales del mes; no existe marca de trabajo interno para excluirlo.";"E2E-32: Se muestran ventas del mes en MXN y pipeline activo; las órdenes internas se identifican por separado y no se tratan como ventas a clientes.";Entorno de prueba aislado, usuarios ficticios por rol, datos preparados y servicio correspondiente. Resolver la brecha documentada antes de aceptar el resultado integral.;
DAS-02;B;Dashboard;Gastos y margen global;"src/App.jsx:570-572;597";"Se muestran gastos del mes y margen porcentual derivado de ventas y gastos; este indicador global no sustituye rentabilidad individual por orden.";Admin / gerente / vendedor / contador según proyección;/dashboard y filtros de período;se consulta el resumen ejecutivo;"pipeline; ordenes_produccion; cuentas_por_cobrar; gastos; consumos; sesiones";"Margen usa ingresos y costos atribuibles además de gastos; requiere reconciliar el universo y tratamiento mensual, sin confundirlo con margen global de la base.";"supabase/migrations/20260910001120_fase_10_dashboard_base.sql:136; src/modulos/dashboard/componentes/seccion-financiera.tsx:8; src/modulos/gastos/servicios/rentabilidad-servicio.ts:12";unitarias/dashboard-mappers (3 casos aprobados). Detalle en evidencias/casos-locales.csv. Solo evidencia parcial local, sin flujo persistido.;"No ejecutada en navegador/BD de prueba; persistencia y segunda sesión pendientes.";cobertura parcial;"Margen usa ingresos y costos atribuibles además de gastos; requiere reconciliar el universo y tratamiento mensual, sin confundirlo con margen global de la base.";"E2E-32: Se muestran gastos del mes y margen porcentual derivado de ventas y gastos; este indicador global no sustituye rentabilidad individual por orden.";"Entorno de prueba aislado, usuarios ficticios por rol, datos preparados y servicio correspondiente. Resolver D-11 para la variante indicada; no bloquea otras comprobaciones. Resolver la brecha documentada antes de aceptar el resultado integral.";D-11
DAS-03;B;Dashboard;Situación de las órdenes;"src/App.jsx:573-574;598";Se muestran conteos de órdenes activas y atrasadas, destacando atraso según fecha y estado operativo.;Admin / gerente / vendedor / contador según proyección;/dashboard y filtros de período;existen órdenes en distintos estados y fechas requeridas;"pipeline; ordenes_produccion; cuentas_por_cobrar; gastos; consumos; sesiones";"Activas/atrasadas se restringen a órdenes creadas dentro del período y atraso se mide contra ahora. No equivale al universo de todas las órdenes vigentes; falta conciliación funcional entre períodos.";"supabase/migrations/20260910001120_fase_10_dashboard_base.sql:136; src/modulos/dashboard/componentes/operacion-dashboard.tsx:17; src/modulos/ordenes/componentes/tabla-ordenes.tsx:188";integracion/dashboard-acciones (3 casos aprobados). Detalle en evidencias/casos-locales.csv. Solo evidencia parcial local, sin flujo persistido.;"No ejecutada en navegador/BD de prueba; persistencia y segunda sesión pendientes.";cobertura parcial;"Activas/atrasadas se restringen a órdenes creadas dentro del período y atraso se mide contra ahora. No equivale al universo de todas las órdenes vigentes; falta conciliación funcional entre períodos.";E2E-32: Se muestran conteos de órdenes activas y atrasadas, destacando atraso según fecha y estado operativo.;Entorno de prueba aislado, usuarios ficticios por rol, datos preparados y servicio correspondiente. Resolver la brecha documentada antes de aceptar el resultado integral.;
DAS-04;B;Dashboard;Situación de cartera;"src/App.jsx:575-576;598";Se muestran CxC pendiente y CxC vencida en MXN a partir de saldos, no del valor original de documentos ya pagados.;Admin / gerente / vendedor / contador según proyección;/dashboard y filtros de período;existen AR pendientes con vencimientos diversos;"pipeline; ordenes_produccion; cuentas_por_cobrar; gastos; consumos; sesiones";"CxC pendiente/vencida usa saldos como la base; el ejecutivo compara dos consultas de cartera actual sin reconstruir el corte anterior. Falta conciliar universo y tendencia temporal; cálculo local no verifica KPI completo.";"supabase/migrations/20260910001120_fase_10_dashboard_base.sql:136; src/modulos/dashboard/componentes/seccion-financiera.tsx:8; src/modulos/cobranza/servicios/aging-servicio.ts:23";unitarias/cobranza-aging (13 casos aprobados). Detalle en evidencias/casos-locales.csv. Solo evidencia parcial local, sin flujo persistido.;"No ejecutada en navegador/BD de prueba; persistencia y segunda sesión pendientes.";cobertura parcial;"CxC pendiente/vencida usa saldos como la base; el ejecutivo compara dos consultas de cartera actual sin reconstruir el corte anterior. Falta conciliar universo y tendencia temporal; cálculo local no verifica KPI completo.";E2E-32: Se muestran CxC pendiente y CxC vencida en MXN a partir de saldos, no del valor original de documentos ya pagados.;Entorno de prueba aislado, usuarios ficticios por rol, datos preparados y servicio correspondiente. Resolver la brecha documentada antes de aceptar el resultado integral.;
DAS-05;B;Dashboard;Rendimiento del pipeline;"src/App.jsx:577-581;600-610";Se muestran conversión aprobadas/total, tiempo medio de respuesta, proporción respondida dentro de 24 h y referencia de meta de 80%.;Admin / gerente / vendedor / contador según proyección;/dashboard y filtros de período;hay RFQ con fecha de registro, envío y decisión;"pipeline; ordenes_produccion; cuentas_por_cobrar; gastos; consumos; sesiones";"Hay conversión comercial y métricas de vendedor; no se demuestran tiempo medio de respuesta, proporción menor a 24 h y meta 80 % del catálogo.";"supabase/migrations/20260910001120_fase_10_dashboard_base.sql:136; src/modulos/dashboard/componentes/seccion-ventas-pipeline.tsx:14";unitarias/dashboard-mappers (3 casos aprobados). Detalle en evidencias/casos-locales.csv. Solo evidencia parcial local, sin flujo persistido.;"No ejecutada en navegador/BD de prueba; persistencia y segunda sesión pendientes.";cobertura parcial;"Hay conversión comercial y métricas de vendedor; no se demuestran tiempo medio de respuesta, proporción menor a 24 h y meta 80 % del catálogo.";E2E-32: Se muestran conversión aprobadas/total, tiempo medio de respuesta, proporción respondida dentro de 24 h y referencia de meta de 80%.;Entorno de prueba aislado, usuarios ficticios por rol, datos preparados y servicio correspondiente. Resolver la brecha documentada antes de aceptar el resultado integral.;
DAS-06;B;Dashboard;Seguimientos y distribución del gasto;"src/App.jsx:585-596;612-620";Se muestra el aviso de seguimientos pendientes y la distribución mensual por categoría con importes y proporciones.;Admin / gerente / vendedor / contador según proyección;/dashboard y filtros de período;hay RFQ enviadas cuyo seguimiento vence hoy y gastos categorizados;"pipeline; ordenes_produccion; cuentas_por_cobrar; gastos; consumos; sesiones";"Distribución categorizada aparece en Gastos y alertas de estancamiento en Pipeline; no se cubre la agenda de seguimientos con vencimiento hoy del requisito.";"src/modulos/gastos/componentes/operacion-gastos.tsx:61; src/modulos/pipeline/componentes/tarjeta-oportunidad.tsx:52; src/modulos/dashboard/componentes/operacion-dashboard.tsx:17";unitarias/pipeline-alertas (9 casos aprobados). Detalle en evidencias/casos-locales.csv. Solo evidencia parcial local, sin flujo persistido.;"No ejecutada en navegador/BD de prueba; persistencia y segunda sesión pendientes.";cobertura parcial;"Distribución categorizada aparece en Gastos y alertas de estancamiento en Pipeline; no se cubre la agenda de seguimientos con vencimiento hoy del requisito.";E2E-32: Se muestra el aviso de seguimientos pendientes y la distribución mensual por categoría con importes y proporciones.;Entorno de prueba aislado, usuarios ficticios por rol, datos preparados y servicio correspondiente. Resolver la brecha documentada antes de aceptar el resultado integral.;
CLI-01;B;Clientes;Alta y edición del cliente;"src/App.jsx:625-630;728-753";"Se conserva nombre comercial, razón social, RFC, contacto, email, teléfono, condiciones de pago, estado, límite de crédito y tier manual con fecha; el nombre comercial es requerido.";Admin / vendedor con permiso ver_clientes;/clientes: listado, modal alta/edición, ficha;se crea o modifica una ficha;"clientes; documentos_cliente; CxC para consumo y crédito";"Alta/edición conserva datos comerciales y condiciones; tier manual se asigna aparte y no hay captura de fecha de inicio histórica equivalente. Falta persistencia ejecutada.";"src/modulos/clientes/componentes/formulario-cliente.tsx:87; src/modulos/clientes/acciones/crear-cliente.ts:20; src/modulos/clientes/acciones/actualizar-cliente.ts:21; src/modulos/clientes/acciones/asignar-tier-manual.ts:20";unitarias/clientes-crear-accion (4 casos aprobados). Detalle en evidencias/casos-locales.csv. Solo evidencia parcial local, sin flujo persistido.;"No ejecutada en navegador/BD de prueba; persistencia y segunda sesión pendientes.";cobertura parcial;"Alta/edición conserva datos comerciales y condiciones; tier manual se asigna aparte y no hay captura de fecha de inicio histórica equivalente. Falta persistencia ejecutada.";"E2E-03: Se conserva nombre comercial, razón social, RFC, contacto, email, teléfono, condiciones de pago, estado, límite de crédito y tier manual con fecha; el nombre comercial es requerido.";Entorno de prueba aislado, usuarios ficticios por rol, datos preparados y servicio correspondiente. Resolver la brecha documentada antes de aceptar el resultado integral.;
CLI-02;B;Clientes;Búsqueda y filtros;"src/App.jsx:631-680;732";"Se puede consultar por tier, estado y condición de pago, ver cantidad de resultados y limpiar filtros. El filtro presenta activo/inactivo/prospecto; el formulario de este ZIP solo expone activo/inactivo.";Admin / vendedor con permiso ver_clientes;/clientes: listado, modal alta/edición, ficha;se busca por nombre comercial o razón social y se combinan filtros;"clientes; documentos_cliente; CxC para consumo y crédito";"Búsqueda, tier, estado, conteo y paginación disponibles; falta filtro por condición de pago y limpieza conjunta visible.";src/modulos/clientes/componentes/tabla-clientes.tsx:34;Sin caso local específico ejecutado para este requisito.;"No ejecutada en navegador/BD de prueba; persistencia y segunda sesión pendientes.";cobertura parcial;"Búsqueda, tier, estado, conteo y paginación disponibles; falta filtro por condición de pago y limpieza conjunta visible.";"E2E-03: Se puede consultar por tier, estado y condición de pago, ver cantidad de resultados y limpiar filtros. El filtro presenta activo/inactivo/prospecto; el formulario de este ZIP solo expone activo/inactivo.";Entorno de prueba aislado, usuarios ficticios por rol, datos preparados y servicio correspondiente. Resolver la brecha documentada antes de aceptar el resultado integral.;
CLI-03;B;Clientes;Listado y acceso a historial;src/App.jsx:676-726;Se muestran datos principales, cantidad de órdenes, tier, consumo, crédito y un historial vinculado al cliente seleccionado.;Admin / vendedor con permiso ver_clientes;/clientes: listado, modal alta/edición, ficha;se selecciona un cliente desde nombre o botón Historial;"clientes; documentos_cliente; CxC para consumo y crédito";"Nombre abre ficha con datos y crédito; historial de oportunidades/órdenes es un texto pendiente y listado no muestra consumo ni conteo de órdenes.";"src/modulos/clientes/componentes/tabla-clientes.tsx:34; src/modulos/clientes/componentes/ficha-cliente.tsx:112";Sin caso local específico ejecutado para este requisito.;"No ejecutada en navegador/BD de prueba; persistencia y segunda sesión pendientes.";cobertura parcial;"Nombre abre ficha con datos y crédito; historial de oportunidades/órdenes es un texto pendiente y listado no muestra consumo ni conteo de órdenes.";E2E-03: Se muestran datos principales, cantidad de órdenes, tier, consumo, crédito y un historial vinculado al cliente seleccionado.;Entorno de prueba aislado, usuarios ficticios por rol, datos preparados y servicio correspondiente. Resolver la brecha documentada antes de aceptar el resultado integral.;
CLI-04;B;Clientes;Disponibilidad de crédito;"src/App.jsx:120;683-700;713";"Se informa crédito utilizado, disponible y porcentaje; se distinguen niveles menores de 80%, desde 80% y desde 100%. Sin límite definido se muestra ausencia de límite calculado.";Admin / vendedor con permiso ver_clientes;/clientes: listado, modal alta/edición, ficha;un cliente tiene límite definido y documentos pendientes;"clientes; documentos_cliente; CxC para consumo y crédito";"Crédito disponible incorpora saldo a favor; nivel de advertencia usa >80 y no >=80. La ausencia de límite no tiene el resultado de la base. Mantener separados ambos conceptos.";"src/modulos/clientes/servicios/verificar-credito.ts:24; src/modulos/clientes/componentes/alerta-credito.tsx:14";unitarias/clientes-credito (5 casos aprobados). Detalle en evidencias/casos-locales.csv. Solo evidencia parcial local, sin flujo persistido.;"No ejecutada en navegador/BD de prueba; persistencia y segunda sesión pendientes.";cobertura parcial;"Crédito disponible incorpora saldo a favor; nivel de advertencia usa >80 y no >=80. La ausencia de límite no tiene el resultado de la base. Mantener separados ambos conceptos.";"E2E-03: Se informa crédito utilizado, disponible y porcentaje; se distinguen niveles menores de 80%, desde 80% y desde 100%. Sin límite definido se muestra ausencia de límite calculado.";"Entorno de prueba aislado, usuarios ficticios por rol, datos preparados y servicio correspondiente. Resolver D-09 para la variante indicada; no bloquea otras comprobaciones. Resolver la brecha documentada antes de aceptar el resultado integral.";D-09
CLI-05;B;Clientes;Tier automático por consumo;"src/App.jsx:361-387;683-714";Se obtiene el tier por consumo elegible y se muestran descuento, consumo acumulado, siguiente tier, importe faltante y progreso hacia él.;Admin / vendedor con permiso ver_clientes;/clientes: listado, modal alta/edición, ficha;se consulta un cliente con órdenes entregadas de los últimos tres meses;"clientes; documentos_cliente; CxC para consumo y crédito";"Tier se calcula sobre CxC no canceladas por fecha de creación, no órdenes entregadas; falta progreso al siguiente tier y descuento visible completo.";"src/modulos/clientes/servicios/calcular-tier.ts:53; src/modulos/clientes/servicios/calcular-consumo.ts:24; src/modulos/clientes/componentes/ficha-cliente.tsx:112";unitarias/clientes-tier (7 casos aprobados). Detalle en evidencias/casos-locales.csv. Solo evidencia parcial local, sin flujo persistido.;"No ejecutada en navegador/BD de prueba; persistencia y segunda sesión pendientes.";cobertura parcial;"Tier se calcula sobre CxC no canceladas por fecha de creación, no órdenes entregadas; falta progreso al siguiente tier y descuento visible completo.";E2E-04: Se obtiene el tier por consumo elegible y se muestran descuento, consumo acumulado, siguiente tier, importe faltante y progreso hacia él.;Entorno de prueba aislado, usuarios ficticios por rol, datos preparados y servicio correspondiente. Resolver la brecha documentada antes de aceptar el resultado integral.;
CLI-06;B;Clientes;Tier inicial temporal;"src/App.jsx:371-381;735-751";"Se informa vigencia de 90 días; mientras está vigente se toma el descuento más beneficioso entre manual y automático; vencida la vigencia se evalúa el consumo real.";Admin / vendedor con permiso ver_clientes;/clientes: listado, modal alta/edición, ficha;se asigna un tier manual y su fecha de inicio;"clientes; documentos_cliente; CxC para consumo y crédito";"Tier manual vigente prevalece aunque sea menos beneficioso que automático; prueba local confirma esta regla distinta. Caducidad existe, falta máximo beneficio e inicio elegido.";"src/modulos/clientes/servicios/calcular-tier.ts:53; src/modulos/clientes/acciones/asignar-tier-manual.ts:20";unitarias/clientes-tier (7 casos aprobados). Detalle en evidencias/casos-locales.csv. Solo evidencia parcial local, sin flujo persistido.;"No ejecutada en navegador/BD de prueba; persistencia y segunda sesión pendientes.";cobertura parcial;"Tier manual vigente prevalece aunque sea menos beneficioso que automático; prueba local confirma esta regla distinta. Caducidad existe, falta máximo beneficio e inicio elegido.";"E2E-04: Se informa vigencia de 90 días; mientras está vigente se toma el descuento más beneficioso entre manual y automático; vencida la vigencia se evalúa el consumo real.";Entorno de prueba aislado, usuarios ficticios por rol, datos preparados y servicio correspondiente. Resolver la brecha documentada antes de aceptar el resultado integral.;
CLI-07;B;Clientes;Historial de órdenes;src/App.jsx:715-726;"Se listan órdenes del cliente con área, fecha y estado, ordenadas por aprobación; no se atribuye al ZIP un historial navegable completo de cotizaciones ni un portal externo de clientes.";Admin / vendedor con permiso ver_clientes;/clientes: listado, modal alta/edición, ficha;se abre el historial;"clientes; documentos_cliente; CxC para consumo y crédito";"La pestaña Oportunidades muestra que el historial se conecta en Fase 5; no ofrece órdenes navegables del cliente.";src/modulos/clientes/componentes/ficha-cliente.tsx:112;Sin caso local específico ejecutado para este requisito.;"No ejecutada en navegador/BD de prueba; persistencia y segunda sesión pendientes.";no cubierta en el alcance revisado;"La pestaña Oportunidades muestra que el historial se conecta en Fase 5; no ofrece órdenes navegables del cliente.";"E2E-14: Se listan órdenes del cliente con área, fecha y estado, ordenadas por aprobación; no se atribuye al ZIP un historial navegable completo de cotizaciones ni un portal externo de clientes.";Entorno de prueba aislado, usuarios ficticios por rol, datos preparados y servicio correspondiente. Resolver la brecha documentada antes de aceptar el resultado integral.;
CLI-08;B;Clientes;Repetición de un trabajo;"src/App.jsx:631;717-723";"Se puede reutilizar información comercial/técnica para un nuevo trabajo y reconocer su nuevo identificador. En el objetivo, reiniciar avances, sesiones, pagos y documentos propios de la ejecución anterior; el canal de creación se ajusta a OBS-15.";Admin / vendedor con permiso ver_clientes;/clientes: listado, modal alta/edición, ficha;se selecciona Repetir en una orden histórica;"clientes; documentos_cliente; CxC para consumo y crédito";"No se encontró acción de repetir desde historial ni reinicio de ejecución para un nuevo pedido; el historial tampoco está conectado.";"src/modulos/clientes/componentes/ficha-cliente.tsx:112; src/app/(privado)/ordenes/page.tsx:62";Sin caso local específico ejecutado para este requisito.;"No ejecutada en navegador/BD de prueba; persistencia y segunda sesión pendientes.";no cubierta en el alcance revisado;"No se encontró acción de repetir desde historial ni reinicio de ejecución para un nuevo pedido; el historial tampoco está conectado.";"E2E-14: Se puede reutilizar información comercial/técnica para un nuevo trabajo y reconocer su nuevo identificador. En el objetivo, reiniciar avances, sesiones, pagos y documentos propios de la ejecución anterior; el canal de creación se ajusta a OBS-15.";"Entorno de prueba aislado, usuarios ficticios por rol, datos preparados y servicio correspondiente. Resolver D-01 para la variante indicada; no bloquea otras comprobaciones. Resolver la brecha documentada antes de aceptar el resultado integral.";D-01
RFQ-01;B;Pipeline y cotizaciones;Cotización multilínea;"src/App.jsx:979;1267-1437";"Se capturan cliente, contacto, PO, prioridad, moneda, condiciones, fecha requerida, horas estimadas, responsable, seguimiento, estado, notas, archivos y varias líneas; una línea contiene descripción, material, espesor, cantidad, precio unitario, área y procesos.";Admin / vendedor / gerente según permiso;"/pipeline: Kanban, tarjeta y tabla; formulario de cotización aislado";se registra una solicitud comercial;"pipeline; cotizacion_lineas; clientes; ordenes_produccion";Prospecto captura contacto, empresa y condiciones. Formulario multilínea aislado contiene descripción/material/cantidad/precio/procesos, pero no está montado en rutas ni contiene todos los campos pedidos.;"src/modulos/pipeline/componentes/formulario-prospecto.tsx:22; src/modulos/pipeline/componentes/formulario-cotizacion.tsx:72; src/modulos/pipeline/componentes/tablero-kanban.tsx:34";unitarias/pipeline-totales (6 casos aprobados). Detalle en evidencias/casos-locales.csv. Solo evidencia parcial local, sin flujo persistido.;"No ejecutada en navegador/BD de prueba; persistencia y segunda sesión pendientes.";cobertura parcial;Prospecto captura contacto, empresa y condiciones. Formulario multilínea aislado contiene descripción/material/cantidad/precio/procesos, pero no está montado en rutas ni contiene todos los campos pedidos.;"E2E-05: Se capturan cliente, contacto, PO, prioridad, moneda, condiciones, fecha requerida, horas estimadas, responsable, seguimiento, estado, notas, archivos y varias líneas; una línea contiene descripción, material, espesor, cantidad, precio unitario, área y procesos.";Entorno de prueba aislado, usuarios ficticios por rol, datos preparados y servicio correspondiente. Resolver la brecha documentada antes de aceptar el resultado integral.;
RFQ-02;B;Pipeline y cotizaciones;Alta rápida de cliente;"src/App.jsx:1053;1283-1285;1440-1444";"Desde el modal comercial se abre Nuevo cliente, se captura nombre comercial, razón social, RFC, contacto, teléfono y condición de pago; al guardar queda en Clientes y seleccionado en la cotización sin perderla.";Admin / vendedor / gerente según permiso;"/pipeline: Kanban, tarjeta y tabla; formulario de cotización aislado";el cliente no existe al cotizar;"pipeline; cotizacion_lineas; clientes; ordenes_produccion";"Promoción a cliente ocurre al ganar la oportunidad; no hay alta contextual desde cotización con selección inmediata ni preservación del borrador.";"src/modulos/pipeline/componentes/formulario-prospecto.tsx:22; src/modulos/pipeline/acciones/marcar-ganada.ts:26; src/modulos/clientes/acciones/crear-cliente.ts:20";unitarias/pipeline-marcar-ganada-orden (3 casos aprobados). Detalle en evidencias/casos-locales.csv. Solo evidencia parcial local, sin flujo persistido.;"No ejecutada en navegador/BD de prueba; persistencia y segunda sesión pendientes.";cobertura parcial;"Promoción a cliente ocurre al ganar la oportunidad; no hay alta contextual desde cotización con selección inmediata ni preservación del borrador.";"E2E-05: Desde el modal comercial se abre Nuevo cliente, se captura nombre comercial, razón social, RFC, contacto, teléfono y condición de pago; al guardar queda en Clientes y seleccionado en la cotización sin perderla.";Entorno de prueba aislado, usuarios ficticios por rol, datos preparados y servicio correspondiente. Resolver la brecha documentada antes de aceptar el resultado integral.;
RFQ-03;B;Pipeline y cotizaciones;Condiciones y descuento del cliente;"src/App.jsx:1270-1305;1372-1393";"Se heredan las condiciones de pago y se muestra su tier; el descuento se representa como una línea identificable, se puede quitar y afecta los totales. Recalcularlo al cambiar la base comercial.";Admin / vendedor / gerente según permiso;"/pipeline: Kanban, tarjeta y tabla; formulario de cotización aislado";se selecciona un cliente con condiciones y tier;"pipeline; cotizacion_lineas; clientes; ordenes_produccion";"No se encontró herencia del cliente seleccionado ni línea de descuento por tier; el formulario aislado solo calcula cantidades y precios positivos.";"src/modulos/pipeline/componentes/formulario-cotizacion.tsx:72; src/modulos/pipeline/componentes/formulario-prospecto.tsx:22; src/modulos/pipeline/servicios/calcular-totales-cotizacion.ts:25";unitarias/pipeline-totales (6 casos aprobados). Detalle en evidencias/casos-locales.csv. Solo evidencia parcial local, sin flujo persistido.;"No ejecutada en navegador/BD de prueba; persistencia y segunda sesión pendientes.";no cubierta en el alcance revisado;"No se encontró herencia del cliente seleccionado ni línea de descuento por tier; el formulario aislado solo calcula cantidades y precios positivos.";"E2E-05: Se heredan las condiciones de pago y se muestra su tier; el descuento se representa como una línea identificable, se puede quitar y afecta los totales. Recalcularlo al cambiar la base comercial.";Entorno de prueba aislado, usuarios ficticios por rol, datos preparados y servicio correspondiente. Resolver la brecha documentada antes de aceptar el resultado integral.;
RFQ-04;B;Pipeline y cotizaciones;Gestión de líneas;"src/App.jsx:1011-1016;1357-1426";"Se actualizan cantidad, precio y subtotal; se permite más de una solicitud en la misma cotización y se conserva al menos una línea comercial editable.";Admin / vendedor / gerente según permiso;"/pipeline: Kanban, tarjeta y tabla; formulario de cotización aislado";se agrega, modifica o retira una línea;"pipeline; cotizacion_lineas; clientes; ordenes_produccion";"Formulario aislado agrega/quita líneas y conserva una; acciones guardan líneas. No existe punto de entrada operativo a ese formulario en la UI actual.";"src/modulos/pipeline/componentes/formulario-cotizacion.tsx:72; src/modulos/pipeline/acciones/crear-cotizacion.ts:18; src/modulos/pipeline/componentes/tablero-kanban.tsx:34";unitarias/pipeline-totales (6 casos aprobados). Detalle en evidencias/casos-locales.csv. Solo evidencia parcial local, sin flujo persistido.;"No ejecutada en navegador/BD de prueba; persistencia y segunda sesión pendientes.";cobertura parcial;"Formulario aislado agrega/quita líneas y conserva una; acciones guardan líneas. No existe punto de entrada operativo a ese formulario en la UI actual.";"E2E-05: Se actualizan cantidad, precio y subtotal; se permite más de una solicitud en la misma cotización y se conserva al menos una línea comercial editable.";Entorno de prueba aislado, usuarios ficticios por rol, datos preparados y servicio correspondiente. Resolver la brecha documentada antes de aceptar el resultado integral.;
RFQ-05;B;Pipeline y cotizaciones;Áreas y procesos por línea;"src/App.jsx:1076-1105;1339-1355;1395-1417";"Cada línea puede tener área y varios procesos; una misma orden resultante puede involucrar varias áreas; se distingue la secuencia seleccionada y se excluyen líneas de descuento de las partidas fabricables.";Admin / vendedor / gerente según permiso;"/pipeline: Kanban, tarjeta y tabla; formulario de cotización aislado";se cotizan piezas de distintos departamentos;"pipeline; cotizacion_lineas; clientes; ordenes_produccion";Contratos y partidas admiten área/procesos, pero formulario no captura área ni secuencia técnica por catálogo y no se acredita distribución multicentro al aprobar.;"src/modulos/pipeline/componentes/formulario-cotizacion.tsx:72; src/modulos/pipeline/acciones/crear-cotizacion.ts:18; supabase/migrations/20260911000003_auditoria_cobranza_pipeline.sql:487";unitarias/ordenes-esquemas (20 casos aprobados). Detalle en evidencias/casos-locales.csv. Solo evidencia parcial local, sin flujo persistido.;"No ejecutada en navegador/BD de prueba; persistencia y segunda sesión pendientes.";cobertura parcial;Contratos y partidas admiten área/procesos, pero formulario no captura área ni secuencia técnica por catálogo y no se acredita distribución multicentro al aprobar.;"E2E-07: Cada línea puede tener área y varios procesos; una misma orden resultante puede involucrar varias áreas; se distingue la secuencia seleccionada y se excluyen líneas de descuento de las partidas fabricables.";"Entorno de prueba aislado, usuarios ficticios por rol, datos preparados y servicio correspondiente. Resolver D-13 para la variante indicada; no bloquea otras comprobaciones. Resolver la brecha documentada antes de aceptar el resultado integral.";D-13
RFQ-06;B;Pipeline y cotizaciones;Trabajo externo;"src/App.jsx:1089-1090;1385-1387;1415-1417";"La línea identifica su condición externa, procesos y proveedor externo de texto; esos datos acompañan la partida generada. No equivale a un módulo completo de proveedores/compras.";Admin / vendedor / gerente según permiso;"/pipeline: Kanban, tarjeta y tabla; formulario de cotización aislado";se elige un área marcada EXT;"pipeline; cotizacion_lineas; clientes; ordenes_produccion";"No se encontró captura de proveedor externo por línea ni traspaso de ese dato a la partida; catálogo de proveedores de Inventario no demuestra esta relación.";"src/modulos/pipeline/componentes/formulario-cotizacion.tsx:72; src/modulos/pipeline/tipos/indice.ts:125; supabase/migrations/20260911000003_auditoria_cobranza_pipeline.sql:487";Sin caso local específico ejecutado para este requisito.;"No ejecutada en navegador/BD de prueba; persistencia y segunda sesión pendientes.";no cubierta en el alcance revisado;"No se encontró captura de proveedor externo por línea ni traspaso de ese dato a la partida; catálogo de proveedores de Inventario no demuestra esta relación.";"E2E-07: La línea identifica su condición externa, procesos y proveedor externo de texto; esos datos acompañan la partida generada. No equivale a un módulo completo de proveedores/compras.";"Entorno de prueba aislado, usuarios ficticios por rol, datos preparados y servicio correspondiente. Resolver D-13 para la variante indicada; no bloquea otras comprobaciones. Resolver la brecha documentada antes de aceptar el resultado integral.";D-13
RFQ-07;B;Pipeline y cotizaciones;Estados comerciales;"src/App.jsx:1009;1156-1157;1234-1260;1308";"Se reconocen pendiente, enviada, aprobada y rechazada; prioridad normal/media/alta y etiquetas son dimensiones separadas del estado de producción.";Admin / vendedor / gerente según permiso;"/pipeline: Kanban, tarjeta y tabla; formulario de cotización aislado";se guarda o edita una cotización;"pipeline; cotizacion_lineas; clientes; ordenes_produccion";"Etapas prospecto/contactado/cotizado/negociación/ganada/perdida y prioridades ofrecen equivalencia comercial candidata; falta recorrer transiciones y rechazo en UI.";"src/modulos/pipeline/componentes/selector-etapa.tsx:24; src/modulos/pipeline/acciones/marcar-ganada.ts:26";unitarias/pipeline-transiciones (9 casos aprobados). Detalle en evidencias/casos-locales.csv. Solo evidencia parcial local, sin flujo persistido.;"No ejecutada en navegador/BD de prueba; persistencia y segunda sesión pendientes.";no verificable por datos/acceso/servicio;"Etapas prospecto/contactado/cotizado/negociación/ganada/perdida y prioridades ofrecen equivalencia comercial candidata; falta recorrer transiciones y rechazo en UI.";"E2E-06: Se reconocen pendiente, enviada, aprobada y rechazada; prioridad normal/media/alta y etiquetas son dimensiones separadas del estado de producción.";Entorno de prueba aislado, usuarios ficticios por rol, datos preparados y servicio correspondiente.;
RFQ-08;B;Pipeline y cotizaciones;Fechas de envío y seguimiento;"src/App.jsx:1009;1239-1240;1256;1323;1337";"Se propone envío de hoy, seguimiento a tres días hábiles y vencimiento a diez días hábiles; las fechas pueden consultarse y editarse.";Admin / vendedor / gerente según permiso;"/pipeline: Kanban, tarjeta y tabla; formulario de cotización aislado";una cotización pasa por primera vez a enviada sin fecha de envío;"pipeline; cotizacion_lineas; clientes; ordenes_produccion";"Hay marcas de etapa y alertas por antigüedad; no calendario editable de envío, seguimiento a tres días hábiles y vencimiento a diez.";"src/modulos/pipeline/componentes/selector-etapa.tsx:24; src/modulos/pipeline/componentes/tarjeta-oportunidad.tsx:52; src/modulos/pipeline/tipos/indice.ts:125";unitarias/pipeline-alertas (9 casos aprobados). Detalle en evidencias/casos-locales.csv. Solo evidencia parcial local, sin flujo persistido.;"No ejecutada en navegador/BD de prueba; persistencia y segunda sesión pendientes.";cobertura parcial;"Hay marcas de etapa y alertas por antigüedad; no calendario editable de envío, seguimiento a tres días hábiles y vencimiento a diez.";"E2E-06: Se propone envío de hoy, seguimiento a tres días hábiles y vencimiento a diez días hábiles; las fechas pueden consultarse y editarse.";Entorno de prueba aislado, usuarios ficticios por rol, datos preparados y servicio correspondiente. Resolver la brecha documentada antes de aceptar el resultado integral.;
RFQ-09;B;Pipeline y cotizaciones;Identificación de trabajos internos;"src/App.jsx:1040;1103-1114;1311-1321";"Se diferencia el trabajo interno TI, se genera folio con prefijo TI y se preserva esa condición al crear la orden; no se genera AR comercial por esa aprobación.";Admin / vendedor / gerente según permiso;"/pipeline: Kanban, tarjeta y tabla; formulario de cotización aislado";se activa Orden interna;"pipeline; cotizacion_lineas; clientes; ordenes_produccion";No se encontró indicador TI ni ruta comercial sin venta/CxC. Los tipos de pipeline/orden y su aprobación no distinguen orden interna.;"src/modulos/pipeline/tipos/indice.ts:125; src/modulos/ordenes/tipos/ordenes.ts:5; supabase/migrations/20260911000003_auditoria_cobranza_pipeline.sql:487";Sin caso local específico ejecutado para este requisito.;"No ejecutada en navegador/BD de prueba; persistencia y segunda sesión pendientes.";no cubierta en el alcance revisado;No se encontró indicador TI ni ruta comercial sin venta/CxC. Los tipos de pipeline/orden y su aprobación no distinguen orden interna.;"E2E-09: Se diferencia el trabajo interno TI, se genera folio con prefijo TI y se preserva esa condición al crear la orden; no se genera AR comercial por esa aprobación.";Entorno de prueba aislado, usuarios ficticios por rol, datos preparados y servicio correspondiente. Resolver la brecha documentada antes de aceptar el resultado integral.;
RFQ-10;B;Pipeline y cotizaciones;Folio comercial mensual;"src/App.jsx:101-113;1039-1048;1092-1093";"Se genera identificador CNCMMYY-NNN a partir de mes/año y secuencia, considerando folios existentes y contador; el folio se comparte como referencia entre cotización y orden.";Admin / vendedor / gerente según permiso;"/pipeline: Kanban, tarjeta y tabla; formulario de cotización aislado";se crea una RFQ normal;"pipeline; cotizacion_lineas; clientes; ordenes_produccion";"Generación de folios OP/CNC y vínculo a orden disponibles; falta demostrar formato mensual y continuidad de una cadena con datos persistidos, incluyendo colisiones.";"src/modulos/pipeline/servicios/generar-folio-cnc.ts:16; src/modulos/pipeline/acciones/marcar-ganada.ts:26; supabase/migrations/20260911000003_auditoria_cobranza_pipeline.sql:487";unitarias/pipeline-marcar-ganada-orden (3 casos aprobados). Detalle en evidencias/casos-locales.csv. Solo evidencia parcial local, sin flujo persistido.;"No ejecutada en navegador/BD de prueba; persistencia y segunda sesión pendientes.";cobertura parcial;"Generación de folios OP/CNC y vínculo a orden disponibles; falta demostrar formato mensual y continuidad de una cadena con datos persistidos, incluyendo colisiones.";"E2E-07: Se genera identificador CNCMMYY-NNN a partir de mes/año y secuencia, considerando folios existentes y contador; el folio se comparte como referencia entre cotización y orden.";Entorno de prueba aislado, usuarios ficticios por rol, datos preparados y servicio correspondiente. Resolver la brecha documentada antes de aceptar el resultado integral.;
RFQ-11;B;Pipeline y cotizaciones;Moneda e impuesto de cotización;"src/App.jsx:115-118;991-993;1309;1429-1433";"Se muestran subtotal, IVA opcional, total en moneda y equivalente MXN para USD. El ZIP contiene IVA 16% en estas operaciones; cualquier tasa objetivo distinta debe registrarse como regla de negocio explícita.";Admin / vendedor / gerente según permiso;"/pipeline: Kanban, tarjeta y tabla; formulario de cotización aislado";se cambia entre MXN y USD o se activa IVA;"pipeline; cotizacion_lineas; clientes; ordenes_produccion";"Motor de subtotal/IVA por moneda pasa pruebas; formulario aislado no ofrece selector de IVA ni equivalente MXN y no está conectado al usuario.";"src/modulos/pipeline/servicios/calcular-totales-cotizacion.ts:25; src/modulos/pipeline/componentes/formulario-cotizacion.tsx:72; src/modulos/pipeline/componentes/formulario-prospecto.tsx:22";unitarias/pipeline-totales (6 casos aprobados). Detalle en evidencias/casos-locales.csv. Solo evidencia parcial local, sin flujo persistido.;"No ejecutada en navegador/BD de prueba; persistencia y segunda sesión pendientes.";cobertura parcial;"Motor de subtotal/IVA por moneda pasa pruebas; formulario aislado no ofrece selector de IVA ni equivalente MXN y no está conectado al usuario.";"E2E-05: Se muestran subtotal, IVA opcional, total en moneda y equivalente MXN para USD. El ZIP contiene IVA 16% en estas operaciones; cualquier tasa objetivo distinta debe registrarse como regla de negocio explícita.";"Entorno de prueba aislado, usuarios ficticios por rol, datos preparados y servicio correspondiente. Resolver D-16 para la variante indicada; no bloquea otras comprobaciones. Resolver la brecha documentada antes de aceptar el resultado integral.";D-16
RFQ-12;B;Pipeline y cotizaciones;Etiquetas múltiples;"src/App.jsx:1219-1225;1244-1246;1324-1335";"Se añaden o quitan varias etiquetas de configuración sin sustituir el estado; se ven en el listado y sirven para filtrar.";Admin / vendedor / gerente según permiso;"/pipeline: Kanban, tarjeta y tabla; formulario de cotización aislado";se clasifica una RFQ;"pipeline; cotizacion_lineas; clientes; ordenes_produccion";Tipo de oportunidad conserva etiquetas, pero no se encontró editor múltiple ni filtro/representación de etiquetas en tabla y tarjeta.;"src/modulos/pipeline/tipos/indice.ts:125; src/modulos/pipeline/componentes/tarjeta-oportunidad.tsx:52; src/modulos/pipeline/componentes/tabla-oportunidades.tsx:23";Sin caso local específico ejecutado para este requisito.;"No ejecutada en navegador/BD de prueba; persistencia y segunda sesión pendientes.";cobertura parcial;Tipo de oportunidad conserva etiquetas, pero no se encontró editor múltiple ni filtro/representación de etiquetas en tabla y tarjeta.;"E2E-06: Se añaden o quitan varias etiquetas de configuración sin sustituir el estado; se ven en el listado y sirven para filtrar.";Entorno de prueba aislado, usuarios ficticios por rol, datos preparados y servicio correspondiente. Resolver la brecha documentada antes de aceptar el resultado integral.;
RFQ-13;B;Pipeline y cotizaciones;Búsqueda y combinación de filtros;"src/App.jsx:1159-1171;1196-1230";"Se busca por folio o cliente y se filtra por estado, cliente, área, prioridad, etiqueta y período; se muestra número de resultados y acción de limpiar.";Admin / vendedor / gerente según permiso;"/pipeline: Kanban, tarjeta y tabla; formulario de cotización aislado";se consulta el pipeline;"pipeline; cotizacion_lineas; clientes; ordenes_produccion";"Servicio admite etapa/vendedor/texto por empresa/contacto; tablero no ofrece la batería combinada de folio, cliente, área, prioridad, etiqueta y período.";"src/modulos/pipeline/servicios/obtener-oportunidades.ts:26; src/modulos/pipeline/componentes/tablero-kanban.tsx:34; src/modulos/pipeline/componentes/tabla-oportunidades.tsx:23";Sin caso local específico ejecutado para este requisito.;"No ejecutada en navegador/BD de prueba; persistencia y segunda sesión pendientes.";cobertura parcial;"Servicio admite etapa/vendedor/texto por empresa/contacto; tablero no ofrece la batería combinada de folio, cliente, área, prioridad, etiqueta y período.";"E2E-06: Se busca por folio o cliente y se filtra por estado, cliente, área, prioridad, etiqueta y período; se muestra número de resultados y acción de limpiar.";Entorno de prueba aislado, usuarios ficticios por rol, datos preparados y servicio correspondiente. Resolver la brecha documentada antes de aceptar el resultado integral.;
RFQ-14;B;Pipeline y cotizaciones;Resumen de pipeline;"src/App.jsx:1178-1194;1234-1260";"Se muestran total, aprobadas, conversión, importe pendiente/enviado y conteo/importe por estado; cada fila muestra seguimiento y estado de la orden vinculada.";Admin / vendedor / gerente según permiso;"/pipeline: Kanban, tarjeta y tabla; formulario de cotización aislado";se consulta el módulo;"pipeline; cotizacion_lineas; clientes; ordenes_produccion";"Kanban cuenta oportunidades por etapa y Dashboard aporta indicadores; falta resumen monetario pendiente/enviado y estado de OP vinculada en cada fila.";"src/modulos/pipeline/componentes/tablero-kanban.tsx:34; src/modulos/pipeline/componentes/tabla-oportunidades.tsx:23; src/modulos/dashboard/componentes/seccion-ventas-pipeline.tsx:14";unitarias/dashboard-mappers (3 casos aprobados). Detalle en evidencias/casos-locales.csv. Solo evidencia parcial local, sin flujo persistido.;"No ejecutada en navegador/BD de prueba; persistencia y segunda sesión pendientes.";cobertura parcial;"Kanban cuenta oportunidades por etapa y Dashboard aporta indicadores; falta resumen monetario pendiente/enviado y estado de OP vinculada en cada fila.";"E2E-06: Se muestran total, aprobadas, conversión, importe pendiente/enviado y conteo/importe por estado; cada fila muestra seguimiento y estado de la orden vinculada.";Entorno de prueba aislado, usuarios ficticios por rol, datos preparados y servicio correspondiente. Resolver la brecha documentada antes de aceptar el resultado integral.;
RFQ-15;B;Pipeline y cotizaciones;Aprobación comercial integrada;src/App.jsx:1055-1153;"Se marca aprobada, se genera orden en Aprobado con cliente, líneas, áreas, procesos, metas, horas, PO, notas y adjuntos; se crea AR en borrador con saldo y condiciones. Una repetición de la aprobación debe conservar una sola cadena de documentos.";Admin / vendedor / gerente según permiso;"/pipeline: Kanban, tarjeta y tabla; formulario de cotización aislado";se aprueba una cotización normal;"pipeline; cotizacion_lineas; clientes; ordenes_produccion";"Ganar crea una OP y partidas mediante RPC y devuelve cadena idempotente; no crea CxC borrador y faltan campos comerciales/técnicos completos y entrada a cotización.";"src/modulos/pipeline/acciones/marcar-ganada.ts:26; supabase/migrations/20260911000003_auditoria_cobranza_pipeline.sql:487; src/modulos/pipeline/componentes/formulario-cotizacion.tsx:72";unitarias/pipeline-marcar-ganada-orden (3 casos aprobados). Detalle en evidencias/casos-locales.csv. Solo evidencia parcial local, sin flujo persistido.;"No ejecutada en navegador/BD de prueba; persistencia y segunda sesión pendientes.";cobertura parcial;"Ganar crea una OP y partidas mediante RPC y devuelve cadena idempotente; no crea CxC borrador y faltan campos comerciales/técnicos completos y entrada a cotización.";"E2E-07: Se marca aprobada, se genera orden en Aprobado con cliente, líneas, áreas, procesos, metas, horas, PO, notas y adjuntos; se crea AR en borrador con saldo y condiciones. Una repetición de la aprobación debe conservar una sola cadena de documentos.";"Entorno de prueba aislado, usuarios ficticios por rol, datos preparados y servicio correspondiente. Resolver D-04 para la variante indicada; no bloquea otras comprobaciones. Resolver la brecha documentada antes de aceptar el resultado integral.";D-04
RFQ-16;B;Pipeline y cotizaciones;Autorización por límite de crédito;"src/App.jsx:1144-1153;484-487";"Se solicita autorización administrativa antes de continuar; confirmar permite la aprobación, cancelar mantiene la cotización sin aprobar. No inventar en la base un control de crédito proyectado si no está evidenciado.";Admin / vendedor / gerente según permiso;"/pipeline: Kanban, tarjeta y tabla; formulario de cotización aislado";se aprueba mediante Aprobar un cliente que ya alcanzó su límite;"pipeline; cotizacion_lineas; clientes; ordenes_produccion";Existe cálculo informativo de crédito, pero ganar no llama verificación de límite ni ofrece autorización/cancelación por exceso.;"src/modulos/pipeline/acciones/marcar-ganada.ts:26; src/modulos/clientes/servicios/verificar-credito.ts:24";unitarias/clientes-credito (5 casos aprobados). Detalle en evidencias/casos-locales.csv. Solo evidencia parcial local, sin flujo persistido.;"No ejecutada en navegador/BD de prueba; persistencia y segunda sesión pendientes.";no cubierta en el alcance revisado;Existe cálculo informativo de crédito, pero ganar no llama verificación de límite ni ofrece autorización/cancelación por exceso.;"E2E-08: Se solicita autorización administrativa antes de continuar; confirmar permite la aprobación, cancelar mantiene la cotización sin aprobar. No inventar en la base un control de crédito proyectado si no está evidenciado.";Entorno de prueba aislado, usuarios ficticios por rol, datos preparados y servicio correspondiente. Resolver la brecha documentada antes de aceptar el resultado integral.;
RFQ-17;B;Pipeline y cotizaciones;Edición posterior y aviso a taller;"src/App.jsx:1023-1035;3473-3484;4558-4579";"Se conserva folio, se marca cambio comercial y la orden puede aparecer como pendiente de sincronizar; se permite trasladar el cambio mediante la acción de sincronización de Órdenes.";Admin / vendedor / gerente según permiso;"/pipeline: Kanban, tarjeta y tabla; formulario de cotización aislado";se modifica una RFQ que tiene orden vinculada;"pipeline; cotizacion_lineas; clientes; ordenes_produccion";Hay acción de reemplazo de líneas, sin interfaz conectada ni aviso y sincronización posterior a taller que preserve avance.;"src/modulos/pipeline/acciones/actualizar-cotizacion.ts:18; src/modulos/pipeline/componentes/formulario-cotizacion.tsx:72; src/modulos/ordenes/componentes/tabla-ordenes.tsx:188";Sin caso local específico ejecutado para este requisito.;"No ejecutada en navegador/BD de prueba; persistencia y segunda sesión pendientes.";cobertura parcial;Hay acción de reemplazo de líneas, sin interfaz conectada ni aviso y sincronización posterior a taller que preserve avance.;"E2E-13: Se conserva folio, se marca cambio comercial y la orden puede aparecer como pendiente de sincronizar; se permite trasladar el cambio mediante la acción de sincronización de Órdenes.";Entorno de prueba aislado, usuarios ficticios por rol, datos preparados y servicio correspondiente. Resolver la brecha documentada antes de aceptar el resultado integral.;
RFQ-18;B;Pipeline y cotizaciones;Retiro de cotización sin orden;src/App.jsx:1258-1260;"Se pide confirmación y se retira esa cotización; no se usa el retiro como sustituto de cancelar una orden en curso.";Admin / vendedor / gerente según permiso;"/pipeline: Kanban, tarjeta y tabla; formulario de cotización aislado";se elimina una RFQ pendiente, enviada o rechazada sin orden asociada;"pipeline; cotizacion_lineas; clientes; ordenes_produccion";"La UI permite pérdida comercial con motivo; no equivale al retiro de una cotización sin orden y no hay acción de baja conectada.";"src/modulos/pipeline/componentes/selector-etapa.tsx:24; src/modulos/pipeline/componentes/tarjeta-oportunidad.tsx:52";unitarias/pipeline-transiciones (9 casos aprobados). Detalle en evidencias/casos-locales.csv. Solo evidencia parcial local, sin flujo persistido.;"No ejecutada en navegador/BD de prueba; persistencia y segunda sesión pendientes.";no cubierta en el alcance revisado;"La UI permite pérdida comercial con motivo; no equivale al retiro de una cotización sin orden y no hay acción de baja conectada.";"E2E-16: Se pide confirmación y se retira esa cotización; no se usa el retiro como sustituto de cancelar una orden en curso.";Entorno de prueba aislado, usuarios ficticios por rol, datos preparados y servicio correspondiente. Resolver la brecha documentada antes de aceptar el resultado integral.;
RFQ-19;B;Pipeline y cotizaciones;Archivos de solicitud;"src/App.jsx:416-443;1101;1435";"Se ven los nombres, se pueden abrir y quitar del formulario; los archivos acompañan a la orden y pueden ser consultados en Producción.";Admin / vendedor / gerente según permiso;"/pipeline: Kanban, tarjeta y tabla; formulario de cotización aislado";se adjuntan uno o varios planos o referencias;"pipeline; cotizacion_lineas; clientes; ordenes_produccion";Acción de adjunto existe, pero no está consumida por interfaz de Pipeline ni demuestra propagación y lectura en taller.;"src/modulos/pipeline/acciones/agregar-archivo-adjunto.ts:30; src/modulos/pipeline/componentes/tarjeta-oportunidad.tsx:52; src/modulos/produccion/componentes/panel-operador-produccion.tsx:39";Sin caso local específico ejecutado para este requisito.;"No ejecutada en navegador/BD de prueba; persistencia y segunda sesión pendientes.";cobertura parcial;Acción de adjunto existe, pero no está consumida por interfaz de Pipeline ni demuestra propagación y lectura en taller.;"E2E-12: Se ven los nombres, se pueden abrir y quitar del formulario; los archivos acompañan a la orden y pueden ser consultados en Producción.";"Entorno de prueba aislado, usuarios ficticios por rol, datos preparados y servicio correspondiente. Resolver D-14 para la variante indicada; no bloquea otras comprobaciones. Resolver la brecha documentada antes de aceptar el resultado integral.";D-14
COT-01;B;Cotizador técnico;Cálculo dentro de la cotización;"src/App.jsx:1010-1016;1421;1446;968-970";"Se abre un modal sin abandonar la RFQ; al confirmar traslada precio unitario, material, espesor y datos de cálculo a esa línea.";Responsable comercial / cotizador;"Calculadora técnica no localizada; formulario comercial aislado; /configuracion";se abre la calculadora de una línea;"cotizacion_lineas; configuracion_sistema.tarifas_json; geometría no localizada";"No se encontró calculadora técnica contextual que aplique precio/material/espesor a la línea; el formulario comercial aislado hace sumas de precios capturados.";"src/modulos/pipeline/componentes/formulario-cotizacion.tsx:72; src/modulos/pipeline/servicios/calcular-totales-cotizacion.ts:25; src/modulos/configuracion/componentes/pestana-tarifas.tsx:23";Sin caso local específico ejecutado para este requisito.;"No ejecutada en navegador/BD de prueba; persistencia y segunda sesión pendientes.";no cubierta en el alcance revisado;"No se encontró calculadora técnica contextual que aplique precio/material/espesor a la línea; el formulario comercial aislado hace sumas de precios capturados.";"E2E-10: Se abre un modal sin abandonar la RFQ; al confirmar traslada precio unitario, material, espesor y datos de cálculo a esa línea.";"Entorno de prueba aislado, usuarios ficticios por rol, datos preparados y servicio correspondiente. Resolver D-12 para la variante indicada; no bloquea otras comprobaciones. Resolver la brecha documentada antes de aceptar el resultado integral.";D-12
COT-02;B;Cotizador técnico;Procesos acumulables;"src/App.jsx:320-358;867-877";Se combinan Corte Láser, Router CNC, Dobladora, Fabricación y Otros/Flete, y el costo total suma las estaciones activas.;Responsable comercial / cotizador;"Calculadora técnica no localizada; formulario comercial aislado; /configuracion";se seleccionan las estaciones de cotización;"cotizacion_lineas; configuracion_sistema.tarifas_json; geometría no localizada";"No se encontró motor de costos acumulados para láser/router/doblado/fabricación/flete; procesos de texto no ejecutan cálculos por estación.";"src/modulos/pipeline/componentes/formulario-cotizacion.tsx:72; src/modulos/configuracion/tipos/configuracion.ts:15";Sin caso local específico ejecutado para este requisito.;"No ejecutada en navegador/BD de prueba; persistencia y segunda sesión pendientes.";no cubierta en el alcance revisado;"No se encontró motor de costos acumulados para láser/router/doblado/fabricación/flete; procesos de texto no ejecutan cálculos por estación.";E2E-10: Se combinan Corte Láser, Router CNC, Dobladora, Fabricación y Otros/Flete, y el costo total suma las estaciones activas.;"Entorno de prueba aislado, usuarios ficticios por rol, datos preparados y servicio correspondiente. Resolver D-12 para la variante indicada; no bloquea otras comprobaciones. Resolver la brecha documentada antes de aceptar el resultado integral.";D-12
COT-03;B;Cotizador técnico;Material y cantidad;"src/App.jsx:759-771;801-803;849-865";"Se selecciona acero al carbono, acero inoxidable, aluminio u otro; se indica espesor en mm y cantidad; el costo unitario se obtiene del costo total y la cantidad.";Responsable comercial / cotizador;"Calculadora técnica no localizada; formulario comercial aislado; /configuracion";se configura la pieza;"cotizacion_lineas; configuracion_sistema.tarifas_json; geometría no localizada";"Se admiten material textual y cantidad en el formulario aislado; faltan selección de material técnico, espesor y costo unitario derivado del motor.";"src/modulos/pipeline/componentes/formulario-cotizacion.tsx:72; src/modulos/pipeline/servicios/calcular-totales-cotizacion.ts:25";unitarias/pipeline-totales (6 casos aprobados). Detalle en evidencias/casos-locales.csv. Solo evidencia parcial local, sin flujo persistido.;"No ejecutada en navegador/BD de prueba; persistencia y segunda sesión pendientes.";cobertura parcial;"Se admiten material textual y cantidad en el formulario aislado; faltan selección de material técnico, espesor y costo unitario derivado del motor.";"E2E-10: Se selecciona acero al carbono, acero inoxidable, aluminio u otro; se indica espesor en mm y cantidad; el costo unitario se obtiene del costo total y la cantidad.";"Entorno de prueba aislado, usuarios ficticios por rol, datos preparados y servicio correspondiente. Resolver D-12 para la variante indicada; no bloquea otras comprobaciones. Resolver la brecha documentada antes de aceptar el resultado integral.";D-12
COT-04;B;Cotizador técnico;Lectura geométrica DXF;"src/App.jsx:177-317;774-786;825-846";"Se detectan unidades y se convierten a mm; se presentan dimensiones, perímetro en metros, perforaciones y área rectangular envolvente estimada; perímetro y perforaciones precargan láser y siguen siendo editables.";Responsable comercial / cotizador;"Calculadora técnica no localizada; formulario comercial aislado; /configuracion";se carga o arrastra un DXF interpretable;"cotizacion_lineas; configuracion_sistema.tarifas_json; geometría no localizada";No se encontró lector DXF ni extracción/conversión de unidades, perímetro, perforaciones o envolvente.;"src/modulos/pipeline/componentes/formulario-cotizacion.tsx:72; src/modulos/configuracion/tipos/configuracion.ts:15";Sin caso local específico ejecutado para este requisito.;"No ejecutada en navegador/BD de prueba; persistencia y segunda sesión pendientes.";no cubierta en el alcance revisado;No se encontró lector DXF ni extracción/conversión de unidades, perímetro, perforaciones o envolvente.;"E2E-10: Se detectan unidades y se convierten a mm; se presentan dimensiones, perímetro en metros, perforaciones y área rectangular envolvente estimada; perímetro y perforaciones precargan láser y siguen siendo editables.";"Entorno de prueba aislado, usuarios ficticios por rol, datos preparados y servicio correspondiente. Resolver D-12 para la variante indicada; no bloquea otras comprobaciones. Resolver la brecha documentada antes de aceptar el resultado integral.";D-12
COT-05;B;Cotizador técnico;Compatibilidad de geometrías DXF;src/App.jsx:177-317;"Se reconocen LINE, CIRCLE, ARC, ELLIPSE, LWPOLYLINE, POLYLINE y SPLINE según el lector del adjunto; se diferencian estimaciones de geometría de un cálculo industrial certificado. Unidades previstas: mm, pulgadas, cm, m y pies.";Responsable comercial / cotizador;"Calculadora técnica no localizada; formulario comercial aislado; /configuracion";se analiza un archivo con geometrías compatibles;"cotizacion_lineas; configuracion_sistema.tarifas_json; geometría no localizada";"No se encontró parser de entidades DXF ni pruebas de geometrías y unidades; tampoco una dependencia geométrica declarada.";"src/modulos/pipeline/componentes/formulario-cotizacion.tsx:72; src/modulos/configuracion/tipos/configuracion.ts:15";Sin caso local específico ejecutado para este requisito.;"No ejecutada en navegador/BD de prueba; persistencia y segunda sesión pendientes.";no cubierta en el alcance revisado;"No se encontró parser de entidades DXF ni pruebas de geometrías y unidades; tampoco una dependencia geométrica declarada.";"E2E-10: Se reconocen LINE, CIRCLE, ARC, ELLIPSE, LWPOLYLINE, POLYLINE y SPLINE según el lector del adjunto; se diferencian estimaciones de geometría de un cálculo industrial certificado. Unidades previstas: mm, pulgadas, cm, m y pies.";"Entorno de prueba aislado, usuarios ficticios por rol, datos preparados y servicio correspondiente. Resolver D-12 para la variante indicada; no bloquea otras comprobaciones. Resolver la brecha documentada antes de aceptar el resultado integral.";D-12
COT-06;B;Cotizador técnico;EPS y AI con captura manual;"src/App.jsx:787-799;827-845";"EPS con BoundingBox propone dimensiones; el resto se captura manualmente. AI se trata como diseño adjuntable con parámetros manuales; no se exige lectura automática que el adjunto no ofrece.";Responsable comercial / cotizador;"Calculadora técnica no localizada; formulario comercial aislado; /configuracion";se adjunta EPS o AI en el cotizador;"cotizacion_lineas; configuracion_sistema.tarifas_json; geometría no localizada";No se encontró lectura BoundingBox EPS ni captura técnica manual de AI/EPS conectada a cotización.;"src/modulos/pipeline/acciones/agregar-archivo-adjunto.ts:30; src/modulos/pipeline/componentes/formulario-cotizacion.tsx:72";Sin caso local específico ejecutado para este requisito.;"No ejecutada en navegador/BD de prueba; persistencia y segunda sesión pendientes.";no cubierta en el alcance revisado;No se encontró lectura BoundingBox EPS ni captura técnica manual de AI/EPS conectada a cotización.;"E2E-10: EPS con BoundingBox propone dimensiones; el resto se captura manualmente. AI se trata como diseño adjuntable con parámetros manuales; no se exige lectura automática que el adjunto no ofrece.";"Entorno de prueba aislado, usuarios ficticios por rol, datos preparados y servicio correspondiente. Resolver D-12 para la variante indicada; no bloquea otras comprobaciones. Resolver la brecha documentada antes de aceptar el resultado integral.";D-12
COT-07;B;Cotizador técnico;Costo de corte láser;"src/App.jsx:324-334;880-896";"Se consideran horas de corte, tiempo de perforación por material/espesor, tarifa de máquina, consumo y costo del gas, setup y costo de material; se admiten O2, N2 y aire.";Responsable comercial / cotizador;"Calculadora técnica no localizada; formulario comercial aislado; /configuracion";se elige gas, velocidad, longitud, perforaciones, setup y material;"cotizacion_lineas; configuracion_sistema.tarifas_json; geometría no localizada";"Parámetros generales de láser no constituyen cálculo de corte/perforación/gas/setup/material; falta el motor y la pantalla del resultado.";"src/modulos/configuracion/componentes/pestana-tarifas.tsx:23; src/modulos/configuracion/tipos/configuracion.ts:15; src/modulos/pipeline/servicios/calcular-totales-cotizacion.ts:25";Sin caso local específico ejecutado para este requisito.;"No ejecutada en navegador/BD de prueba; persistencia y segunda sesión pendientes.";no cubierta en el alcance revisado;"Parámetros generales de láser no constituyen cálculo de corte/perforación/gas/setup/material; falta el motor y la pantalla del resultado.";"E2E-11: Se consideran horas de corte, tiempo de perforación por material/espesor, tarifa de máquina, consumo y costo del gas, setup y costo de material; se admiten O2, N2 y aire.";"Entorno de prueba aislado, usuarios ficticios por rol, datos preparados y servicio correspondiente. Resolver D-12 para la variante indicada; no bloquea otras comprobaciones. Resolver la brecha documentada antes de aceptar el resultado integral.";D-12
COT-08;B;Cotizador técnico;Costo de router;"src/App.jsx:336-340;898-910";Se capturan End-mill/Ball-nose, número de fresas, horas de maquinado, setup y costo de material, usando las tarifas configuradas.;Responsable comercial / cotizador;"Calculadora técnica no localizada; formulario comercial aislado; /configuracion";se cotiza Router CNC;"cotizacion_lineas; configuracion_sistema.tarifas_json; geometría no localizada";"No se encontró cálculo router por fresa, horas, setup y material; tarifas generales no cubren ese resultado.";"src/modulos/configuracion/componentes/pestana-tarifas.tsx:23; src/modulos/configuracion/tipos/configuracion.ts:15";Sin caso local específico ejecutado para este requisito.;"No ejecutada en navegador/BD de prueba; persistencia y segunda sesión pendientes.";no cubierta en el alcance revisado;"No se encontró cálculo router por fresa, horas, setup y material; tarifas generales no cubren ese resultado.";E2E-11: Se capturan End-mill/Ball-nose, número de fresas, horas de maquinado, setup y costo de material, usando las tarifas configuradas.;"Entorno de prueba aislado, usuarios ficticios por rol, datos preparados y servicio correspondiente. Resolver D-12 para la variante indicada; no bloquea otras comprobaciones. Resolver la brecha documentada antes de aceptar el resultado integral.";D-12
COT-09;B;Cotizador técnico;Costo de doblado;"src/App.jsx:341-350;912-930";"Se capturan complejidad simple/media/compleja, longitud, setup, material y segundo operario; se calcula productividad afectada por longitud y costo adicional del segundo operario.";Responsable comercial / cotizador;"Calculadora técnica no localizada; formulario comercial aislado; /configuracion";se cotiza Dobladora;"cotizacion_lineas; configuracion_sistema.tarifas_json; geometría no localizada";No se encontró cálculo doblado por complejidad/longitud/productividad y segundo operario.;"src/modulos/configuracion/componentes/pestana-tarifas.tsx:23; src/modulos/configuracion/tipos/configuracion.ts:15";Sin caso local específico ejecutado para este requisito.;"No ejecutada en navegador/BD de prueba; persistencia y segunda sesión pendientes.";no cubierta en el alcance revisado;No se encontró cálculo doblado por complejidad/longitud/productividad y segundo operario.;"E2E-11: Se capturan complejidad simple/media/compleja, longitud, setup, material y segundo operario; se calcula productividad afectada por longitud y costo adicional del segundo operario.";"Entorno de prueba aislado, usuarios ficticios por rol, datos preparados y servicio correspondiente. Resolver D-12 para la variante indicada; no bloquea otras comprobaciones. Resolver la brecha documentada antes de aceptar el resultado integral.";D-12
COT-10;B;Cotizador técnico;Fabricación y otros costos;"src/App.jsx:351-358;932-950";"Se capturan horas de mano de obra, soldadura, acabados, materiales, otros/subcontrato, flete y otros costos; soldadura incluye sus consumibles.";Responsable comercial / cotizador;"Calculadora técnica no localizada; formulario comercial aislado; /configuracion";se cotizan operaciones de fabricación y logística;"cotizacion_lineas; configuracion_sistema.tarifas_json; geometría no localizada";"No se encontró cálculo acumulado de fabricación/soldadura/acabados/consumibles/flete en cotización; Gastos registra costo real posterior.";"src/modulos/configuracion/componentes/pestana-tarifas.tsx:23; src/modulos/pipeline/servicios/calcular-totales-cotizacion.ts:25; src/modulos/gastos/servicios/rentabilidad-servicio.ts:12";Sin caso local específico ejecutado para este requisito.;"No ejecutada en navegador/BD de prueba; persistencia y segunda sesión pendientes.";no cubierta en el alcance revisado;"No se encontró cálculo acumulado de fabricación/soldadura/acabados/consumibles/flete en cotización; Gastos registra costo real posterior.";"E2E-11: Se capturan horas de mano de obra, soldadura, acabados, materiales, otros/subcontrato, flete y otros costos; soldadura incluye sus consumibles.";"Entorno de prueba aislado, usuarios ficticios por rol, datos preparados y servicio correspondiente. Resolver D-12 para la variante indicada; no bloquea otras comprobaciones. Resolver la brecha documentada antes de aceptar el resultado integral.";D-12
COT-11;B;Cotizador técnico;Precio y recargo;"src/App.jsx:801-803;952-970";"Se muestran costo total, costo unitario y precio unitario; el cálculo base es costo unitario por (1 + porcentaje/100), es decir recargo sobre costo. No sustituirlo silenciosamente por margen sobre venta.";Responsable comercial / cotizador;"Calculadora técnica no localizada; formulario comercial aislado; /configuracion";se ajusta el campo llamado Margen %;"cotizacion_lineas; configuracion_sistema.tarifas_json; geometría no localizada";"Se configura margen predeterminado pero no se encontró consumidor que calcule precio desde costo con recargo; total comercial no demuestra este cálculo.";"src/modulos/configuracion/tipos/configuracion.ts:15; src/modulos/pipeline/servicios/calcular-totales-cotizacion.ts:25";Sin caso local específico ejecutado para este requisito.;"No ejecutada en navegador/BD de prueba; persistencia y segunda sesión pendientes.";no cubierta en el alcance revisado;"Se configura margen predeterminado pero no se encontró consumidor que calcule precio desde costo con recargo; total comercial no demuestra este cálculo.";"E2E-11: Se muestran costo total, costo unitario y precio unitario; el cálculo base es costo unitario por (1 + porcentaje/100), es decir recargo sobre costo. No sustituirlo silenciosamente por margen sobre venta.";"Entorno de prueba aislado, usuarios ficticios por rol, datos preparados y servicio correspondiente. Resolver D-11 para la variante indicada; no bloquea otras comprobaciones. Resolver la brecha documentada antes de aceptar el resultado integral.";D-11
ORD-01;B;Órdenes;Listado y filtros;src/App.jsx:1589-1705;"Se ve folio, origen RFQ/manual, cliente, área, horas, fecha y estado; se combina búsqueda por ID/cliente/notas con estado, área, cliente, tipo TI/comercial y período; se pueden limpiar filtros.";Admin / responsable de producción;/ordenes: alta manual, tabla, partidas, cambio de estado, comentarios;se consultan órdenes;"ordenes_produccion; partidas_orden_produccion; pipeline; programacion_areas";"Tabla filtra máquina y estado con folio/avance/compromiso; proyección omite cliente, origen y TI y no implementa todos los filtros requeridos.";"src/modulos/ordenes/componentes/tabla-ordenes.tsx:188; src/app/(privado)/ordenes/page.tsx:62";unitarias/uso-tienda-ordenes (13 casos aprobados). Detalle en evidencias/casos-locales.csv. Solo evidencia parcial local, sin flujo persistido.;"No ejecutada en navegador/BD de prueba; persistencia y segunda sesión pendientes.";cobertura parcial;"Tabla filtra máquina y estado con folio/avance/compromiso; proyección omite cliente, origen y TI y no implementa todos los filtros requeridos.";"E2E-15: Se ve folio, origen RFQ/manual, cliente, área, horas, fecha y estado; se combina búsqueda por ID/cliente/notas con estado, área, cliente, tipo TI/comercial y período; se pueden limpiar filtros.";Entorno de prueba aislado, usuarios ficticios por rol, datos preparados y servicio correspondiente. Resolver la brecha documentada antes de aceptar el resultado integral.;
ORD-02;B;Órdenes;Resumen operativo e interno;"src/App.jsx:1583-1588;1620-1632";"Se muestran totales, en proceso, atrasadas y entregadas; las TI incluyen conteo mensual, horas dedicadas y trabajos en progreso.";Admin / responsable de producción;/ordenes: alta manual, tabla, partidas, cambio de estado, comentarios;hay órdenes comerciales e internas;"ordenes_produccion; partidas_orden_produccion; pipeline; programacion_areas";"Avance y estados visibles; faltan resumen mensual TI, horas dedicadas y conteos completos del universo base.";"src/modulos/ordenes/componentes/tabla-ordenes.tsx:188; src/modulos/dashboard/componentes/operacion-dashboard.tsx:17";Sin caso local específico ejecutado para este requisito.;"No ejecutada en navegador/BD de prueba; persistencia y segunda sesión pendientes.";cobertura parcial;"Avance y estados visibles; faltan resumen mensual TI, horas dedicadas y conteos completos del universo base.";"E2E-09: Se muestran totales, en proceso, atrasadas y entregadas; las TI incluyen conteo mensual, horas dedicadas y trabajos en progreso.";Entorno de prueba aislado, usuarios ficticios por rol, datos preparados y servicio correspondiente. Resolver la brecha documentada antes de aceptar el resultado integral.;
ORD-03;B;Órdenes;Detalle integral;src/App.jsx:1793-1869;Se abre un modal con cliente, fechas, horas estimadas/reales, eficiencia, sesiones, líneas con importes y adjuntos de entrada, salida y sesiones.;Admin / responsable de producción;/ordenes: alta manual, tabla, partidas, cambio de estado, comentarios;se hace clic en la fila de una orden;"ordenes_produccion; partidas_orden_produccion; pipeline; programacion_areas";"Selección abre partidas y comentarios; no detalle integral con cliente, importes, eficiencia, sesiones y adjuntos de todas las fuentes.";"src/modulos/ordenes/componentes/tabla-ordenes.tsx:188; src/modulos/produccion/componentes/operacion-produccion.tsx:27";Sin caso local específico ejecutado para este requisito.;"No ejecutada en navegador/BD de prueba; persistencia y segunda sesión pendientes.";cobertura parcial;"Selección abre partidas y comentarios; no detalle integral con cliente, importes, eficiencia, sesiones y adjuntos de todas las fuentes.";E2E-15: Se abre un modal con cliente, fechas, horas estimadas/reales, eficiencia, sesiones, líneas con importes y adjuntos de entrada, salida y sesiones.;"Entorno de prueba aislado, usuarios ficticios por rol, datos preparados y servicio correspondiente. Resolver D-14 para la variante indicada; no bloquea otras comprobaciones. Resolver la brecha documentada antes de aceptar el resultado integral.";D-14
ORD-04;B;Órdenes;Alta administrativa base;"src/App.jsx:1516;1527-1543;1616-1617;1919-1940";"Se puede vincular RFQ aprobada o capturar cliente, área, fecha, horas, notas y partidas; se identifica como capacidad antigua que OBS-15 reemplaza por creación comercial centralizada.";Admin / responsable de producción;/ordenes: alta manual, tabla, partidas, cambio de estado, comentarios;se registra una orden desde Nueva orden en el ZIP;"ordenes_produccion; partidas_orden_produccion; pipeline; programacion_areas";"La obligación de alta ordinaria administrativa se sustituye por OBS-15. El formulario manual continúa visible en la mejora; se evalúa como diferencia bajo OBS-15, sin exigir dos reglas incompatibles.";"src/app/(privado)/ordenes/page.tsx:62; src/modulos/ordenes/componentes/formulario-orden.tsx:136";Sin caso local específico ejecutado para este requisito.;"No ejecutada en navegador/BD de prueba; persistencia y segunda sesión pendientes.";sustituida por observación;"La obligación de alta ordinaria administrativa se sustituye por OBS-15. El formulario manual continúa visible en la mejora; se evalúa como diferencia bajo OBS-15, sin exigir dos reglas incompatibles.";Evaluar sustituto OBS-15.;"Entorno de prueba aislado, usuarios ficticios por rol, datos preparados y servicio correspondiente. Resolver D-01 para la variante indicada; no bloquea otras comprobaciones.";D-01
ORD-05;B;Órdenes;Edición de orden;"src/App.jsx:1527-1543;1688-1698;1919-1964";Se pueden cambiar RFQ vinculada, cliente, área, procesos, horas estimadas, fecha requerida, estado, notas, partidas y archivos. La versión objetivo debe definir qué campos siguen editables después de iniciar y preservar la ejecución ya registrada.;Admin / responsable de producción;/ordenes: alta manual, tabla, partidas, cambio de estado, comentarios;se abre Editar;"ordenes_produccion; partidas_orden_produccion; pipeline; programacion_areas";"Hay cambios de estado/asignación; no editor conectado de cabecera, procesos, partidas y adjuntos ni política de edición según ejecución.";"src/modulos/ordenes/componentes/tabla-ordenes.tsx:188; src/modulos/ordenes/componentes/formulario-orden.tsx:136; src/modulos/ordenes/servicios/reglas-transicion.ts:12";unitarias/ordenes-transiciones (11 casos aprobados). Detalle en evidencias/casos-locales.csv. Solo evidencia parcial local, sin flujo persistido.;"No ejecutada en navegador/BD de prueba; persistencia y segunda sesión pendientes.";cobertura parcial;"Hay cambios de estado/asignación; no editor conectado de cabecera, procesos, partidas y adjuntos ni política de edición según ejecución.";E2E-15: Se pueden cambiar RFQ vinculada, cliente, área, procesos, horas estimadas, fecha requerida, estado, notas, partidas y archivos. La versión objetivo debe definir qué campos siguen editables después de iniciar y preservar la ejecución ya registrada.;Entorno de prueba aislado, usuarios ficticios por rol, datos preparados y servicio correspondiente. Resolver la brecha documentada antes de aceptar el resultado integral.;
ORD-06;B;Órdenes;Captura de trabajo heredado;"src/App.jsx:1546-1572;1977-2065";"Se captura ID previo único, cliente, monto sin IVA, IVA, condición de pago, referencia externa, área, procesos, fecha, horas, notas, archivos y partes; crea orden en Bandeja y AR borrador sin consumir folio RFQ. Reconciliar esta excepción con OBS-15.";Admin / responsable de producción;/ordenes: alta manual, tabla, partidas, cambio de estado, comentarios;se usa Orden manual (migración);"ordenes_produccion; partidas_orden_produccion; pipeline; programacion_areas";"Excepción de ingreso histórico pendiente de negocio. El alta manual actual no captura el paquete de referencia ni genera AR borrador; no eliminar la capacidad histórica del inventario.";"src/modulos/ordenes/componentes/formulario-orden.tsx:136; src/app/(privado)/ordenes/page.tsx:62; supabase/migrations/20260911000003_auditoria_cobranza_pipeline.sql:487";Sin caso local específico ejecutado para este requisito.;"No ejecutada en navegador/BD de prueba; persistencia y segunda sesión pendientes.";decisión pendiente;"Excepción de ingreso histórico pendiente de negocio. El alta manual actual no captura el paquete de referencia ni genera AR borrador; no eliminar la capacidad histórica del inventario.";"E2E-14: Se captura ID previo único, cliente, monto sin IVA, IVA, condición de pago, referencia externa, área, procesos, fecha, horas, notas, archivos y partes; crea orden en Bandeja y AR borrador sin consumir folio RFQ. Reconciliar esta excepción con OBS-15.";"Entorno de prueba aislado, usuarios ficticios por rol, datos preparados y servicio correspondiente. Resolver D-01 para la variante indicada; no bloquea otras comprobaciones.";D-01
ORD-07;B;Órdenes;Partes y metas;"src/App.jsx:1452-1505;1939-1940;2050";Se agregan/retiran partes, se define número o nombre de parte, descripción, material y cantidad, se seleccionan procesos ordenados y se indica meta de piezas por proceso.;Admin / responsable de producción;/ordenes: alta manual, tabla, partidas, cambio de estado, comentarios;se usa el editor de partes;"ordenes_produccion; partidas_orden_produccion; pipeline; programacion_areas";"Alta captura partidas, material, cantidades/unidad; no ofrece metas por cada proceso y su edición ordenada después del alta.";"src/modulos/ordenes/componentes/formulario-orden.tsx:136; src/modulos/ordenes/tipos/ordenes.ts:5; supabase/migrations/20260911000002_auditoria_ordenes_planeacion_produccion.sql:674";unitarias/ordenes-esquemas (20 casos aprobados). Detalle en evidencias/casos-locales.csv. Solo evidencia parcial local, sin flujo persistido.;"No ejecutada en navegador/BD de prueba; persistencia y segunda sesión pendientes.";cobertura parcial;"Alta captura partidas, material, cantidades/unidad; no ofrece metas por cada proceso y su edición ordenada después del alta.";E2E-15: Se agregan/retiran partes, se define número o nombre de parte, descripción, material y cantidad, se seleccionan procesos ordenados y se indica meta de piezas por proceso.;Entorno de prueba aislado, usuarios ficticios por rol, datos preparados y servicio correspondiente. Resolver la brecha documentada antes de aceptar el resultado integral.;
ORD-08;B;Órdenes;Sincronización comercial;src/App.jsx:1870-1905;"Se actualizan líneas, áreas, procesos, proveedores y archivos de la orden; se preservan identificadores compatibles y avances existentes; se marca sincronizada y deja de mostrar aviso de cambio pendiente.";Admin / responsable de producción;/ordenes: alta manual, tabla, partidas, cambio de estado, comentarios;se elige Sincronizar con RFQ y se confirma;"ordenes_produccion; partidas_orden_produccion; pipeline; programacion_areas";No se encontró sincronización de cambios comerciales pendientes hacia una OP existente preservando IDs/avance.;"src/modulos/pipeline/acciones/actualizar-cotizacion.ts:18; src/modulos/ordenes/componentes/tabla-ordenes.tsx:188; supabase/migrations/20260911000003_auditoria_cobranza_pipeline.sql:487";Sin caso local específico ejecutado para este requisito.;"No ejecutada en navegador/BD de prueba; persistencia y segunda sesión pendientes.";no cubierta en el alcance revisado;No se encontró sincronización de cambios comerciales pendientes hacia una OP existente preservando IDs/avance.;"E2E-13: Se actualizan líneas, áreas, procesos, proveedores y archivos de la orden; se preservan identificadores compatibles y avances existentes; se marca sincronizada y deja de mostrar aviso de cambio pendiente.";Entorno de prueba aislado, usuarios ficticios por rol, datos preparados y servicio correspondiente. Resolver la brecha documentada antes de aceptar el resultado integral.;
ORD-09;B;Órdenes;Nuevos archivos durante ejecución;"src/App.jsx:1532-1538;1942-1962;3482-3485;4042-4060";"El operador ve aviso de nuevos archivos y puede marcarlo visto; puede consultar los documentos comerciales y de la orden desde el detalle.";Admin / responsable de producción;/ordenes: alta manual, tabla, partidas, cambio de estado, comentarios;se agregan adjuntos a una orden en proceso o pausada;"ordenes_produccion; partidas_orden_produccion; pipeline; programacion_areas";No se encontró aviso de nuevos archivos ni acuse visto desde orden/piso.;"src/modulos/pipeline/acciones/agregar-archivo-adjunto.ts:30; src/modulos/ordenes/componentes/tabla-ordenes.tsx:188; src/modulos/produccion/componentes/panel-operador-produccion.tsx:39";Sin caso local específico ejecutado para este requisito.;"No ejecutada en navegador/BD de prueba; persistencia y segunda sesión pendientes.";no cubierta en el alcance revisado;No se encontró aviso de nuevos archivos ni acuse visto desde orden/piso.;"E2E-12: El operador ve aviso de nuevos archivos y puede marcarlo visto; puede consultar los documentos comerciales y de la orden desde el detalle.";"Entorno de prueba aislado, usuarios ficticios por rol, datos preparados y servicio correspondiente. Resolver D-14 para la variante indicada; no bloquea otras comprobaciones. Resolver la brecha documentada antes de aceptar el resultado integral.";D-14
ORD-10;B;Órdenes;Eliminación administrativa;"src/App.jsx:1576-1581;1967-1974";"Se confirma el retiro y se comprueba si existe AR activo pendiente/borrador; con ese vínculo no procede la eliminación. La versión mejorada puede usar baja lógica equivalente y debe preservar trazabilidad histórica.";Admin / responsable de producción;/ordenes: alta manual, tabla, partidas, cambio de estado, comentarios;se solicita retirar una orden;"ordenes_produccion; partidas_orden_produccion; pipeline; programacion_areas";"Cancelación lógica con motivo preserva la orden; no se acredita reconciliación de su CxC/programación ni equivalencia de retiro con AR pendiente.";"src/modulos/ordenes/servicios/reglas-transicion.ts:12; supabase/migrations/20260911000002_auditoria_ordenes_planeacion_produccion.sql:26; src/modulos/ordenes/componentes/tabla-ordenes.tsx:188";"unitarias/ordenes-transiciones (11 casos aprobados); integracion/ordenes-acciones (5 casos aprobados). Detalle en evidencias/casos-locales.csv. Solo evidencia parcial local, sin flujo persistido.";"No ejecutada en navegador/BD de prueba; persistencia y segunda sesión pendientes.";cobertura parcial;"Cancelación lógica con motivo preserva la orden; no se acredita reconciliación de su CxC/programación ni equivalencia de retiro con AR pendiente.";"E2E-16: Se confirma el retiro y se comprueba si existe AR activo pendiente/borrador; con ese vínculo no procede la eliminación. La versión mejorada puede usar baja lógica equivalente y debe preservar trazabilidad histórica.";"Entorno de prueba aislado, usuarios ficticios por rol, datos preparados y servicio correspondiente. Resolver D-06 para la variante indicada; no bloquea otras comprobaciones. Resolver la brecha documentada antes de aceptar el resultado integral.";D-06
ORD-11;B;Órdenes;Comparativa de desempeño;src/App.jsx:1708-1792;"Se comparan por orden comercial horas estimadas/reales, eficiencia, puntualidad, sesiones, incidencias contadas como pausas y venta MXN; se muestran totales y promedio.";Admin / responsable de producción;/ordenes: alta manual, tabla, partidas, cambio de estado, comentarios;se abre Comparativa KPI;"ordenes_produccion; partidas_orden_produccion; pipeline; programacion_areas";Se registran tiempos y costos, pero no existe comparativa conectada de eficiencia/puntualidad/incidencias/venta por orden y agregados.;"src/modulos/ordenes/componentes/tabla-ordenes.tsx:188; src/modulos/produccion/servicios/tablero-produccion-servicio.ts:42; src/modulos/gastos/servicios/rentabilidad-servicio.ts:12";Sin caso local específico ejecutado para este requisito.;"No ejecutada en navegador/BD de prueba; persistencia y segunda sesión pendientes.";cobertura parcial;Se registran tiempos y costos, pero no existe comparativa conectada de eficiencia/puntualidad/incidencias/venta por orden y agregados.;"E2E-32: Se comparan por orden comercial horas estimadas/reales, eficiencia, puntualidad, sesiones, incidencias contadas como pausas y venta MXN; se muestran totales y promedio.";"Entorno de prueba aislado, usuarios ficticios por rol, datos preparados y servicio correspondiente. Resolver D-11 para la variante indicada; no bloquea otras comprobaciones. Resolver la brecha documentada antes de aceptar el resultado integral.";D-11
ORD-12;B;Órdenes;Estados y fechas operativas;"src/App.jsx:91-99;1516-1517;1575;1637-1639;1937;3320-3335";"Se distinguen aprobado, bandeja, en_proceso, pausada, lista, entregada y cancelada. Fecha requerida y fecha planeada son datos distintos; existen semánticas de fecha fija/flexible en los datos, sin asumir un selector visible que no se muestra.";Admin / responsable de producción;/ordenes: alta manual, tabla, partidas, cambio de estado, comentarios;se consulta o edita el estado de una orden;"ordenes_produccion; partidas_orden_produccion; pipeline; programacion_areas";"Estados productivos, programación y entrega derivada son distintos; Programar en Órdenes cambia estado sin agenda, y fabricación completada es terminal. Falta reconciliar resultado entre vistas.";"src/modulos/ordenes/servicios/reglas-transicion.ts:12; src/modulos/ordenes/componentes/tabla-ordenes.tsx:188; src/modulos/produccion/servicios/tablero-produccion-servicio.ts:42; src/modulos/planeacion/componentes/calendario-planeacion.tsx:183";"unitarias/ordenes-transiciones (11 casos aprobados); unitarias/produccion-tablero (2 casos aprobados). Detalle en evidencias/casos-locales.csv. Solo evidencia parcial local, sin flujo persistido.";"No ejecutada en navegador/BD de prueba; persistencia y segunda sesión pendientes.";cobertura parcial;"Estados productivos, programación y entrega derivada son distintos; Programar en Órdenes cambia estado sin agenda, y fabricación completada es terminal. Falta reconciliar resultado entre vistas.";"E2E-15: Se distinguen aprobado, bandeja, en_proceso, pausada, lista, entregada y cancelada. Fecha requerida y fecha planeada son datos distintos; existen semánticas de fecha fija/flexible en los datos, sin asumir un selector visible que no se muestra.";"Entorno de prueba aislado, usuarios ficticios por rol, datos preparados y servicio correspondiente. Resolver D-03 para la variante indicada; no bloquea otras comprobaciones. Resolver la brecha documentada antes de aceptar el resultado integral.";D-03
PRD-01;B;Producción;Tableros de trabajo;"src/App.jsx:3291-3297;3529;3745-3789";"Se presenta saludo/nombre, fecha, contadores de bandeja y urgentes, vistas Kanban, Calendario y Por área; Kanban separa Aprobado, Bandeja, En proceso, Pausada y Lista.";Operador PIN / gerente o admin con sesión administrativa;"/produccion: Kanban/panel/entrega; /produccion-piso: control asignado";el operador abre Producción;"partidas; programacion_areas; sesiones_trabajo; registros_avance_partida; notas_entrega";"Existe Kanban administrativo y piso PIN separado; faltan vistas calendario/por área y contadores base en la experiencia del operador.";"src/modulos/produccion/componentes/kanban-produccion.tsx:60; src/app/(privado)/produccion/page.tsx:10; src/app/(piso)/produccion-piso/page.tsx:13";unitarias/produccion-tablero (2 casos aprobados). Detalle en evidencias/casos-locales.csv. Solo evidencia parcial local, sin flujo persistido.;"No ejecutada en navegador/BD de prueba; persistencia y segunda sesión pendientes.";cobertura parcial;"Existe Kanban administrativo y piso PIN separado; faltan vistas calendario/por área y contadores base en la experiencia del operador.";"E2E-17: Se presenta saludo/nombre, fecha, contadores de bandeja y urgentes, vistas Kanban, Calendario y Por área; Kanban separa Aprobado, Bandeja, En proceso, Pausada y Lista.";Entorno de prueba aislado, usuarios ficticios por rol, datos preparados y servicio correspondiente. Resolver la brecha documentada antes de aceptar el resultado integral.;
PRD-02;B;Producción;Filtrar y agrupar por área;"src/App.jsx:3274-3281;3764-3786;3793-3847";"Kanban y calendario consideran las áreas de líneas/partidas; la vista Por área muestra agrupación por procesos y trabajos sin proceso. En la versión objetivo validar visibilidad de todas las partes de órdenes multiárea.";Operador PIN / gerente o admin con sesión administrativa;"/produccion: Kanban/panel/entrega; /produccion-piso: control asignado";se selecciona un área;"partidas; programacion_areas; sesiones_trabajo; registros_avance_partida; notas_entrega";"Servicio admite recurso, pero UI de Kanban no presenta filtro por área ni agrupación de actividades multicentro; no se debe inferirlo por tener programaciones.";"src/modulos/produccion/componentes/kanban-produccion.tsx:60; src/modulos/produccion/servicios/tablero-produccion-servicio.ts:42; src/modulos/produccion/componentes/operacion-produccion.tsx:27";Sin caso local específico ejecutado para este requisito.;"No ejecutada en navegador/BD de prueba; persistencia y segunda sesión pendientes.";cobertura parcial;"Servicio admite recurso, pero UI de Kanban no presenta filtro por área ni agrupación de actividades multicentro; no se debe inferirlo por tener programaciones.";"E2E-17: Kanban y calendario consideran las áreas de líneas/partidas; la vista Por área muestra agrupación por procesos y trabajos sin proceso. En la versión objetivo validar visibilidad de todas las partes de órdenes multiárea.";"Entorno de prueba aislado, usuarios ficticios por rol, datos preparados y servicio correspondiente. Resolver D-13 para la variante indicada; no bloquea otras comprobaciones. Resolver la brecha documentada antes de aceptar el resultado integral.";D-13
PRD-03;B;Producción;Tarjeta de trabajo;src/App.jsx:3465-3526;"Se muestran cliente, folio, TI si corresponde, áreas, procesos, fecha, horas, semáforo, cantidad de archivos, motivo de pausa, avance y sesiones; al seleccionar se abre su detalle.";Operador PIN / gerente o admin con sesión administrativa;"/produccion: Kanban/panel/entrega; /produccion-piso: control asignado";se ve una orden operativa;"partidas; programacion_areas; sesiones_trabajo; registros_avance_partida; notas_entrega";"Tarjeta muestra folio, avance, compromiso y estado; faltan cliente, TI, procesos, adjuntos, pausa e historial completo al seleccionarla.";"src/modulos/produccion/componentes/kanban-produccion.tsx:60; src/modulos/produccion/componentes/panel-operador-produccion.tsx:39";Sin caso local específico ejecutado para este requisito.;"No ejecutada en navegador/BD de prueba; persistencia y segunda sesión pendientes.";cobertura parcial;"Tarjeta muestra folio, avance, compromiso y estado; faltan cliente, TI, procesos, adjuntos, pausa e historial completo al seleccionarla.";"E2E-17: Se muestran cliente, folio, TI si corresponde, áreas, procesos, fecha, horas, semáforo, cantidad de archivos, motivo de pausa, avance y sesiones; al seleccionar se abre su detalle.";Entorno de prueba aislado, usuarios ficticios por rol, datos preparados y servicio correspondiente. Resolver la brecha documentada antes de aceptar el resultado integral.;
PRD-04;B;Producción;Preparación e inicio;"src/App.jsx:3299-3318;3338-3360;3517-3520";"Se actualizan estado y contadores; iniciar comprueba que no exista otra orden en proceso con área compartida. El nivel de exclusividad base es área, no cada máquina individual.";Operador PIN / gerente o admin con sesión administrativa;"/produccion: Kanban/panel/entrega; /produccion-piso: control asignado";una orden pasa de Aprobado a Bandeja y luego Iniciar;"partidas; programacion_areas; sesiones_trabajo; registros_avance_partida; notas_entrega";"Se implementa preparación e inicio por recurso con identidad de operador; falta recorrer el acceso conjunto panel/PIN y comprobar equivalencia de exclusividad para recursos asignados.";"src/modulos/produccion/componentes/panel-operador-produccion.tsx:39; src/app/(privado)/produccion/page.tsx:10; supabase/migrations/20260911000002_auditoria_ordenes_planeacion_produccion.sql:232";integracion/produccion-sesiones (6 casos aprobados). Detalle en evidencias/casos-locales.csv. Solo evidencia parcial local, sin flujo persistido.;"No ejecutada en navegador/BD de prueba; persistencia y segunda sesión pendientes.";cobertura parcial;"Se implementa preparación e inicio por recurso con identidad de operador; falta recorrer el acceso conjunto panel/PIN y comprobar equivalencia de exclusividad para recursos asignados.";"E2E-17: Se actualizan estado y contadores; iniciar comprueba que no exista otra orden en proceso con área compartida. El nivel de exclusividad base es área, no cada máquina individual.";"Entorno de prueba aislado, usuarios ficticios por rol, datos preparados y servicio correspondiente. Resolver D-02 para la variante indicada; no bloquea otras comprobaciones. Resolver la brecha documentada antes de aceptar el resultado integral.";D-02
PRD-05;B;Producción;Pausa motivada;"src/App.jsx:48;3301;3361-3364;4158-4169";"Se elige falta de información, material pendiente, aprobación de cliente, problema técnico, mantenimiento u otro; confirmar deja Pausada con motivo y libera su fecha planeada.";Operador PIN / gerente o admin con sesión administrativa;"/produccion: Kanban/panel/entrega; /produccion-piso: control asignado";se pulsa Pausar;"partidas; programacion_areas; sesiones_trabajo; registros_avance_partida; notas_entrega";"Sesión admite seis motivos y libera recurso dejándolo bloqueado; la pausa rápida de OP es otra acción y no pide motivo ni libera agenda de la misma forma.";"src/modulos/produccion/componentes/panel-operador-produccion.tsx:39; supabase/migrations/20260911000002_auditoria_ordenes_planeacion_produccion.sql:547; src/modulos/ordenes/componentes/tabla-ordenes.tsx:188; supabase/migrations/20260911000002_auditoria_ordenes_planeacion_produccion.sql:26";integracion/produccion-sesiones (6 casos aprobados). Detalle en evidencias/casos-locales.csv. Solo evidencia parcial local, sin flujo persistido.;"No ejecutada en navegador/BD de prueba; persistencia y segunda sesión pendientes.";cobertura parcial;"Sesión admite seis motivos y libera recurso dejándolo bloqueado; la pausa rápida de OP es otra acción y no pide motivo ni libera agenda de la misma forma.";"E2E-18: Se elige falta de información, material pendiente, aprobación de cliente, problema técnico, mantenimiento u otro; confirmar deja Pausada con motivo y libera su fecha planeada.";Entorno de prueba aislado, usuarios ficticios por rol, datos preparados y servicio correspondiente. Resolver la brecha documentada antes de aceptar el resultado integral.;
PRD-06;B;Producción;Reanudación con contexto;"src/App.jsx:3521;4082-4131";"Se muestra última sesión, operador, horario, avances, notas y motivo; Continuar reanuda aplicando el control de área ocupada y Cancelar conserva la pausa.";Operador PIN / gerente o admin con sesión administrativa;"/produccion: Kanban/panel/entrega; /produccion-piso: control asignado";se reanuda una orden pausada que tiene sesiones;"partidas; programacion_areas; sesiones_trabajo; registros_avance_partida; notas_entrega";"Reanudación pasa por preparación o transición OP; no muestra resumen de última sesión/operador/notas/motivo antes de confirmar desde todos los puntos de entrada.";"src/modulos/produccion/componentes/panel-operador-produccion.tsx:39; src/modulos/planeacion/componentes/panel-asignacion-planeacion.tsx:182; src/modulos/ordenes/componentes/tabla-ordenes.tsx:188";unitarias/ordenes-transiciones (11 casos aprobados). Detalle en evidencias/casos-locales.csv. Solo evidencia parcial local, sin flujo persistido.;"No ejecutada en navegador/BD de prueba; persistencia y segunda sesión pendientes.";cobertura parcial;"Reanudación pasa por preparación o transición OP; no muestra resumen de última sesión/operador/notas/motivo antes de confirmar desde todos los puntos de entrada.";"E2E-18: Se muestra última sesión, operador, horario, avances, notas y motivo; Continuar reanuda aplicando el control de área ocupada y Cancelar conserva la pausa.";Entorno de prueba aislado, usuarios ficticios por rol, datos preparados y servicio correspondiente. Resolver la brecha documentada antes de aceptar el resultado integral.;
PRD-07;B;Producción;Sesión de trabajo;"src/App.jsx:3372-3462;4188-4344";"Se capturan hora inicial/final, tipo y detalle de incidente, notas del turno, archivos de avance y piezas; se conservan fecha, operador e identificador de la sesión al guardar.";Operador PIN / gerente o admin con sesión administrativa;"/produccion: Kanban/panel/entrega; /produccion-piso: control asignado";se abre Cerrar sesión;"partidas; programacion_areas; sesiones_trabajo; registros_avance_partida; notas_entrega";"Sesión registra inicio/fin del servidor, notas, piezas y motivo; no captura adjuntos de avance ni todos los datos manuales de incidencia/turno.";"src/modulos/produccion/componentes/panel-operador-produccion.tsx:39; src/modulos/produccion/acciones/cerrar-sesion-operador.ts:31; supabase/migrations/20260911000002_auditoria_ordenes_planeacion_produccion.sql:547";integracion/produccion-sesiones (6 casos aprobados). Detalle en evidencias/casos-locales.csv. Solo evidencia parcial local, sin flujo persistido.;"No ejecutada en navegador/BD de prueba; persistencia y segunda sesión pendientes.";cobertura parcial;"Sesión registra inicio/fin del servidor, notas, piezas y motivo; no captura adjuntos de avance ni todos los datos manuales de incidencia/turno.";"E2E-18: Se capturan hora inicial/final, tipo y detalle de incidente, notas del turno, archivos de avance y piezas; se conservan fecha, operador e identificador de la sesión al guardar.";Entorno de prueba aislado, usuarios ficticios por rol, datos preparados y servicio correspondiente. Resolver la brecha documentada antes de aceptar el resultado integral.;
PRD-08;B;Producción;Horas netas;"src/App.jsx:166-175;3882-3911";"Las horas netas descuentan solo el solapamiento con esa franja; se acumulan entre sesiones y se muestran contra horas cotizadas, restantes y exceso. Registrar cualquier jornada diferente como regla objetivo.";Operador PIN / gerente o admin con sesión administrativa;"/produccion: Kanban/panel/entrega; /produccion-piso: control asignado";una sesión cruza el descanso de 12:00 a 13:00;"partidas; programacion_areas; sesiones_trabajo; registros_avance_partida; notas_entrega";"Cálculo 12:00–13:00 de Tijuana pasa cinco casos locales, incluyendo solapamiento parcial; falta visualización acumulada contra cotizado/restante/exceso e integración SQL ejecutada.";"src/modulos/produccion/servicios/calculo-tiempos-servicio.ts:74; supabase/migrations/20260911000002_auditoria_ordenes_planeacion_produccion.sql:547; src/modulos/produccion/componentes/panel-operador-produccion.tsx:39";unitarias/produccion-comida (5 casos aprobados). Detalle en evidencias/casos-locales.csv. Solo evidencia parcial local, sin flujo persistido.;"No ejecutada en navegador/BD de prueba; persistencia y segunda sesión pendientes.";cobertura parcial;"Cálculo 12:00–13:00 de Tijuana pasa cinco casos locales, incluyendo solapamiento parcial; falta visualización acumulada contra cotizado/restante/exceso e integración SQL ejecutada.";"E2E-19: Las horas netas descuentan solo el solapamiento con esa franja; se acumulan entre sesiones y se muestran contra horas cotizadas, restantes y exceso. Registrar cualquier jornada diferente como regla objetivo.";Entorno de prueba aislado, usuarios ficticios por rol, datos preparados y servicio correspondiente. Resolver la brecha documentada antes de aceptar el resultado integral.;
PRD-09;B;Producción;Avances parciales por parte y proceso;"src/App.jsx:128-165;3393;3422-3446;4254-4306";"Se acumulan las piezas por pareja parte/proceso, se ve hecho/meta/pendiente/porcentaje y se determina cuándo todos los procesos llegaron a su meta; contar operaciones no equivale a piezas físicas únicas.";Operador PIN / gerente o admin con sesión administrativa;"/produccion: Kanban/panel/entrega; /produccion-piso: control asignado";se registran cantidades en varias sesiones;"partidas; programacion_areas; sesiones_trabajo; registros_avance_partida; notas_entrega";"Cantidad se acumula por partida y solo en última secuencia; no representa metas y parciales por cada pareja parte/proceso como la referencia.";"supabase/migrations/20260911000002_auditoria_ordenes_planeacion_produccion.sql:674; src/modulos/ordenes/tipos/ordenes.ts:5; src/modulos/produccion/componentes/panel-operador-produccion.tsx:39";unitarias/ordenes-avance (2 casos aprobados). Detalle en evidencias/casos-locales.csv. Solo evidencia parcial local, sin flujo persistido.;"No ejecutada en navegador/BD de prueba; persistencia y segunda sesión pendientes.";cobertura parcial;"Cantidad se acumula por partida y solo en última secuencia; no representa metas y parciales por cada pareja parte/proceso como la referencia.";"E2E-19: Se acumulan las piezas por pareja parte/proceso, se ve hecho/meta/pendiente/porcentaje y se determina cuándo todos los procesos llegaron a su meta; contar operaciones no equivale a piezas físicas únicas.";Entorno de prueba aislado, usuarios ficticios por rol, datos preparados y servicio correspondiente. Resolver la brecha documentada antes de aceptar el resultado integral.;
PRD-10;B;Producción;Orden heredada sin partes;"src/App.jsx:3372-3391;4209-4253;4329-4340";"Se ofrece avance global por piezas del día y acumulado; se puede guardar sesión o marcar completa. Cuando las líneas tienen área y procesos, se dispone de generación de partidas para continuar con detalle.";Operador PIN / gerente o admin con sesión administrativa;"/produccion: Kanban/panel/entrega; /produccion-piso: control asignado";se trabaja una orden antigua sin items estructurados;"partidas; programacion_areas; sesiones_trabajo; registros_avance_partida; notas_entrega";"No existe modo global para orden sin partidas; depende de decidir soporte histórico y conversión a estructura objetivo sin perder avance.";"src/modulos/ordenes/componentes/formulario-orden.tsx:136; src/modulos/produccion/componentes/panel-operador-produccion.tsx:39";Sin caso local específico ejecutado para este requisito.;"No ejecutada en navegador/BD de prueba; persistencia y segunda sesión pendientes.";decisión pendiente;"No existe modo global para orden sin partidas; depende de decidir soporte histórico y conversión a estructura objetivo sin perder avance.";"E2E-19: Se ofrece avance global por piezas del día y acumulado; se puede guardar sesión o marcar completa. Cuando las líneas tienen área y procesos, se dispone de generación de partidas para continuar con detalle.";"Entorno de prueba aislado, usuarios ficticios por rol, datos preparados y servicio correspondiente. Resolver D-01 para la variante indicada; no bloquea otras comprobaciones.";D-01
PRD-11;C;Producción;Procesos según área del operador;"src/App.jsx:4254-4302;3150-3165";El cierre presenta procesos de esa área e informa los pendientes de otros operadores. Es una capacidad condicionada por datos: el formulario de alta de usuarios del ZIP no incorpora la asignación de área.;Operador PIN / gerente o admin con sesión administrativa;"/produccion: Kanban/panel/entrega; /produccion-piso: control asignado";la identidad dispone de un areaId y procesos configurados;"partidas; programacion_areas; sesiones_trabajo; registros_avance_partida; notas_entrega";"Asignación individual por partida y filtro de piso existen; no se encontró asignación separada de operador por cada proceso ni pendientes de otros operadores visibles.";"supabase/migrations/20260911000002_auditoria_ordenes_planeacion_produccion.sql:478; src/app/(piso)/produccion-piso/page.tsx:13; src/modulos/produccion/componentes/panel-operador-produccion.tsx:39";integracion/ordenes-acciones (5 casos aprobados). Detalle en evidencias/casos-locales.csv. Solo evidencia parcial local, sin flujo persistido.;"No ejecutada en navegador/BD de prueba; persistencia y segunda sesión pendientes.";cobertura parcial;"Asignación individual por partida y filtro de piso existen; no se encontró asignación separada de operador por cada proceso ni pendientes de otros operadores visibles.";E2E-20: El cierre presenta procesos de esa área e informa los pendientes de otros operadores. Es una capacidad condicionada por datos: el formulario de alta de usuarios del ZIP no incorpora la asignación de área.;"Entorno de prueba aislado, usuarios ficticios por rol, datos preparados y servicio correspondiente. Resolver D-13 para la variante indicada; no bloquea otras comprobaciones. Resolver la brecha documentada antes de aceptar el resultado integral.";D-13
PRD-12;B;Producción;Confirmación documental e identidad;"src/App.jsx:3399-3419;4309-4327";"Se requieren hora de inicio/fin, confirmación de devolución de archivos y PIN; cancelar la confirmación no registra la sesión. Las notas aparecen como campo de turno; no inventar validación obligatoria del ZIP donde solo existe una etiqueta.";Operador PIN / gerente o admin con sesión administrativa;"/produccion: Kanban/panel/entrega; /produccion-piso: control asignado";se guarda una sesión;"partidas; programacion_areas; sesiones_trabajo; registros_avance_partida; notas_entrega";"PIN coincide con identidad y valida antes de guardar; horas vienen del servidor. Falta confirmación de devolución de archivos y cancelación documental integrada.";"src/modulos/produccion/acciones/cerrar-sesion-operador.ts:31; src/modulos/produccion/componentes/panel-operador-produccion.tsx:39";integracion/produccion-sesiones (6 casos aprobados). Detalle en evidencias/casos-locales.csv. Solo evidencia parcial local, sin flujo persistido.;"No ejecutada en navegador/BD de prueba; persistencia y segunda sesión pendientes.";cobertura parcial;"PIN coincide con identidad y valida antes de guardar; horas vienen del servidor. Falta confirmación de devolución de archivos y cancelación documental integrada.";"E2E-18: Se requieren hora de inicio/fin, confirmación de devolución de archivos y PIN; cancelar la confirmación no registra la sesión. Las notas aparecen como campo de turno; no inventar validación obligatoria del ZIP donde solo existe una etiqueta.";"Entorno de prueba aislado, usuarios ficticios por rol, datos preparados y servicio correspondiente. Resolver D-14 para la variante indicada; no bloquea otras comprobaciones. Resolver la brecha documentada antes de aceptar el resultado integral.";D-14
PRD-13;B;Producción;Cierre parcial y final;"src/App.jsx:3422-3462;3519-3523;3780-3786";"El parcial conserva el trabajo abierto y su historial; completar todas las metas mueve a Lista; Lista permite Entregar. Una orden entregada sale de los tableros activos y conserva documentos e historial.";Operador PIN / gerente o admin con sesión administrativa;"/produccion: Kanban/panel/entrega; /produccion-piso: control asignado";se guarda avance incompleto o se completan todas las metas;"partidas; programacion_areas; sesiones_trabajo; registros_avance_partida; notas_entrega";"Lista/entregada se derivan de cantidades, entrega parcial tiene entidad propia; falta comprobar flujo real y retiro automático de entregadas de los tableros activos.";"src/modulos/produccion/servicios/tablero-produccion-servicio.ts:42; src/modulos/produccion/componentes/formulario-nota-entrega.tsx:26; src/modulos/produccion/componentes/kanban-produccion.tsx:60; supabase/migrations/20260911000002_auditoria_ordenes_planeacion_produccion.sql:547";"unitarias/produccion-tablero (2 casos aprobados); integracion/produccion-sesiones (6 casos aprobados). Detalle en evidencias/casos-locales.csv. Solo evidencia parcial local, sin flujo persistido.";"No ejecutada en navegador/BD de prueba; persistencia y segunda sesión pendientes.";cobertura parcial;"Lista/entregada se derivan de cantidades, entrega parcial tiene entidad propia; falta comprobar flujo real y retiro automático de entregadas de los tableros activos.";"E2E-19: El parcial conserva el trabajo abierto y su historial; completar todas las metas mueve a Lista; Lista permite Entregar. Una orden entregada sale de los tableros activos y conserva documentos e historial.";"Entorno de prueba aislado, usuarios ficticios por rol, datos preparados y servicio correspondiente. Resolver D-05,D-06 para la variante indicada; no bloquea otras comprobaciones. Resolver la brecha documentada antes de aceptar el resultado integral.";D-05,D-06
PRD-14;B;Producción;Activación de cobranza por fin de trabajo;"src/App.jsx:3303-3313;3448-3456;49";"Su AR borrador pasa a pendiente y recibe vencimiento según contado/15/30/crédito; anticipos registrados se conservan. Separar existencia del AR desde aprobación de exigibilidad al terminar.";Operador PIN / gerente o admin con sesión administrativa;"/produccion: Kanban/panel/entrega; /produccion-piso: control asignado";una orden comercial llega a Lista o Entregada;"partidas; programacion_areas; sesiones_trabajo; registros_avance_partida; notas_entrega";"CxC se abre manualmente desde OP completada; no activa un borrador previo ni conserva anticipo anterior porque ese flujo no está representado.";"src/modulos/cobranza/acciones/abrir-cuenta-por-cobrar.ts:16; src/modulos/cobranza/servicios/cobranza-servicio.ts:40; supabase/migrations/20260911000003_auditoria_cobranza_pipeline.sql:487";integracion/cobranza-acciones (6 casos aprobados). Detalle en evidencias/casos-locales.csv. Solo evidencia parcial local, sin flujo persistido.;"No ejecutada en navegador/BD de prueba; persistencia y segunda sesión pendientes.";cobertura parcial;"CxC se abre manualmente desde OP completada; no activa un borrador previo ni conserva anticipo anterior porque ese flujo no está representado.";"E2E-23: Su AR borrador pasa a pendiente y recibe vencimiento según contado/15/30/crédito; anticipos registrados se conservan. Separar existencia del AR desde aprobación de exigibilidad al terminar.";"Entorno de prueba aislado, usuarios ficticios por rol, datos preparados y servicio correspondiente. Resolver D-04 para la variante indicada; no bloquea otras comprobaciones. Resolver la brecha documentada antes de aceptar el resultado integral.";D-04
PRD-15;B;Producción;Reactivación administrativa;"src/App.jsx:3522;4072-4077";"Se permite volver al trabajo operativo preservando sesiones previas; es una acción diferenciada del cierre o entrega y debe reconciliarse con la política financiera objetivo.";Operador PIN / gerente o admin con sesión administrativa;"/produccion: Kanban/panel/entrega; /produccion-piso: control asignado";el administrador selecciona Reactivar en una orden Lista;"partidas; programacion_areas; sesiones_trabajo; registros_avance_partida; notas_entrega";Completada es estado terminal sin reactivación administrativa conectada. Requiere preservar historial y resolver efecto financiero antes de ampliar.;"src/modulos/ordenes/servicios/reglas-transicion.ts:12; src/modulos/ordenes/componentes/tabla-ordenes.tsx:188";unitarias/ordenes-transiciones (11 casos aprobados). Detalle en evidencias/casos-locales.csv. Solo evidencia parcial local, sin flujo persistido.;"No ejecutada en navegador/BD de prueba; persistencia y segunda sesión pendientes.";no cubierta en el alcance revisado;Completada es estado terminal sin reactivación administrativa conectada. Requiere preservar historial y resolver efecto financiero antes de ampliar.;"E2E-21: Se permite volver al trabajo operativo preservando sesiones previas; es una acción diferenciada del cierre o entrega y debe reconciliarse con la política financiera objetivo.";"Entorno de prueba aislado, usuarios ficticios por rol, datos preparados y servicio correspondiente. Resolver D-04 para la variante indicada; no bloquea otras comprobaciones. Resolver la brecha documentada antes de aceptar el resultado integral.";D-04
PRD-16;B;Producción;Detalle técnico para fabricar;src/App.jsx:3851-4007;"Se consulta qué fabricar, descripción, material, espesor, cantidades, áreas, procesos, notas, progreso por parte, fecha requerida y planeada, sesiones y horas; no se exige al operador reconstruir el pedido por el folio.";Operador PIN / gerente o admin con sesión administrativa;"/produccion: Kanban/panel/entrega; /produccion-piso: control asignado";se abre una tarjeta;"partidas; programacion_areas; sesiones_trabajo; registros_avance_partida; notas_entrega";"Piso muestra partidas/material asignado y captura de avance/consumo; Kanban carece de detalle técnico completo de pedido, espesor, procesos y planos.";"src/modulos/ordenes/componentes/control-piso-panel.tsx:42; src/modulos/produccion/componentes/panel-operador-produccion.tsx:39; src/modulos/produccion/componentes/kanban-produccion.tsx:60";Sin caso local específico ejecutado para este requisito.;"No ejecutada en navegador/BD de prueba; persistencia y segunda sesión pendientes.";cobertura parcial;"Piso muestra partidas/material asignado y captura de avance/consumo; Kanban carece de detalle técnico completo de pedido, espesor, procesos y planos.";"E2E-21: Se consulta qué fabricar, descripción, material, espesor, cantidades, áreas, procesos, notas, progreso por parte, fecha requerida y planeada, sesiones y horas; no se exige al operador reconstruir el pedido por el folio.";"Entorno de prueba aislado, usuarios ficticios por rol, datos preparados y servicio correspondiente. Resolver D-14 para la variante indicada; no bloquea otras comprobaciones. Resolver la brecha documentada antes de aceptar el resultado integral.";D-14
PRD-17;B;Producción;Historial de sesiones y archivos;src/App.jsx:4009-4067;"Se ven sesiones con fecha, operador, horario neto, incidentes, avances, notas y adjuntos; se distinguen planos del cliente, archivos de sesión y salida final, con apertura en modo lectura.";Operador PIN / gerente o admin con sesión administrativa;"/produccion: Kanban/panel/entrega; /produccion-piso: control asignado";se consulta el detalle de Producción;"partidas; programacion_areas; sesiones_trabajo; registros_avance_partida; notas_entrega";Servicio recupera sesiones y notas de entrega, pero no se renderiza su historial técnico con archivos de entrada/sesión/salida.;"src/modulos/produccion/servicios/tablero-produccion-servicio.ts:42; src/modulos/produccion/componentes/operacion-produccion.tsx:27; src/modulos/produccion/componentes/panel-operador-produccion.tsx:39";Sin caso local específico ejecutado para este requisito.;"No ejecutada en navegador/BD de prueba; persistencia y segunda sesión pendientes.";cobertura parcial;Servicio recupera sesiones y notas de entrega, pero no se renderiza su historial técnico con archivos de entrada/sesión/salida.;"E2E-21: Se ven sesiones con fecha, operador, horario neto, incidentes, avances, notas y adjuntos; se distinguen planos del cliente, archivos de sesión y salida final, con apertura en modo lectura.";"Entorno de prueba aislado, usuarios ficticios por rol, datos preparados y servicio correspondiente. Resolver D-14 para la variante indicada; no bloquea otras comprobaciones. Resolver la brecha documentada antes de aceptar el resultado integral.";D-14
PRD-18;B;Producción;Bitácora de operaciones;"src/App.jsx:3315-3316;3459-3460;3252-3258;4413-4417";"Se registra acción, orden, usuario y momento; Configuración expone un historial reciente. El ZIP lo mantiene en datos de sesión; no atribuir persistencia remota de logs como ya demostrada.";Operador PIN / gerente o admin con sesión administrativa;"/produccion: Kanban/panel/entrega; /produccion-piso: control asignado";se cambia un estado o se guarda sesión;"partidas; programacion_areas; sesiones_trabajo; registros_avance_partida; notas_entrega";"Acciones registran auditoría durable; TablaLogs no tiene consumidor en rutas ni Configuración y no se demuestra consulta funcional de la bitácora.";"src/modulos/produccion/acciones/cerrar-sesion-operador.ts:31; src/modulos/auditoria/componentes/tabla-logs.tsx:27; src/modulos/configuracion/componentes/operacion-configuracion.tsx:16";integracion/produccion-sesiones (6 casos aprobados). Detalle en evidencias/casos-locales.csv. Solo evidencia parcial local, sin flujo persistido.;"No ejecutada en navegador/BD de prueba; persistencia y segunda sesión pendientes.";cobertura parcial;"Acciones registran auditoría durable; TablaLogs no tiene consumidor en rutas ni Configuración y no se demuestra consulta funcional de la bitácora.";"E2E-21: Se registra acción, orden, usuario y momento; Configuración expone un historial reciente. El ZIP lo mantiene en datos de sesión; no atribuir persistencia remota de logs como ya demostrada.";Entorno de prueba aislado, usuarios ficticios por rol, datos preparados y servicio correspondiente. Resolver la brecha documentada antes de aceptar el resultado integral.;
PLA-01;B;Calendario y planeación;Calendario semanal y mensual;"src/App.jsx:3531-3743;3793-3806";"Se puede alternar semana/mes, navegar anterior/siguiente, regresar a hoy y filtrar área; las órdenes muestran su fecha planeada y acceso a detalle.";Admin / gerente con permiso de planeación;/planeacion: rango, tabla y panel de asignación;se abre Calendario;"recursos_planeacion; capacidad; excepciones; programacion_areas; partidas";"Calendario es tabla por rango/turno/recurso; permite consultar intervalos pero no semana/mes navegables, hoy y detalle de pedido equivalentes completos.";src/modulos/planeacion/componentes/calendario-planeacion.tsx:183;unitarias/planeacion-componentes (3 casos aprobados). Detalle en evidencias/casos-locales.csv. Solo evidencia parcial local, sin flujo persistido.;"No ejecutada en navegador/BD de prueba; persistencia y segunda sesión pendientes.";cobertura parcial;"Calendario es tabla por rango/turno/recurso; permite consultar intervalos pero no semana/mes navegables, hoy y detalle de pedido equivalentes completos.";"E2E-22: Se puede alternar semana/mes, navegar anterior/siguiente, regresar a hoy y filtrar área; las órdenes muestran su fecha planeada y acceso a detalle.";"Entorno de prueba aislado, usuarios ficticios por rol, datos preparados y servicio correspondiente. Resolver D-15 para la variante indicada; no bloquea otras comprobaciones. Resolver la brecha documentada antes de aceptar el resultado integral.";D-15
PLA-02;B;Calendario y planeación;Asignar fecha por arrastre;"src/App.jsx:3320-3336;3584-3587;3638-3646;3677-3696";"Se guarda fechaPlaneada y se muestra en el día; una orden en proceso activo no puede moverse; se conserva la fecha requerida comercial.";Admin / gerente con permiso de planeación;/planeacion: rango, tabla y panel de asignación;se arrastra una orden sin planear a un día;"recursos_planeacion; capacidad; excepciones; programacion_areas; partidas";"Reprogramación por formulario puede conservar el resultado de asignar fecha sin exigir arrastre; SQL impide mover ejecución activa. Falta persistir y recargar en entorno aislado.";"src/modulos/planeacion/componentes/panel-asignacion-planeacion.tsx:182; supabase/migrations/20260911000002_auditoria_ordenes_planeacion_produccion.sql:364";"unitarias/planeacion-acciones (7 casos aprobados); unitarias/planeacion-esquemas (43 casos aprobados). Detalle en evidencias/casos-locales.csv. Solo evidencia parcial local, sin flujo persistido.";"No ejecutada en navegador/BD de prueba; persistencia y segunda sesión pendientes.";no verificable por datos/acceso/servicio;"Reprogramación por formulario puede conservar el resultado de asignar fecha sin exigir arrastre; SQL impide mover ejecución activa. Falta persistir y recargar en entorno aislado.";"E2E-22: Se guarda fechaPlaneada y se muestra en el día; una orden en proceso activo no puede moverse; se conserva la fecha requerida comercial.";Entorno de prueba aislado, usuarios ficticios por rol, datos preparados y servicio correspondiente.;
PLA-03;B;Calendario y planeación;Capacidad diaria base;"src/App.jsx:3294;3327-3335;3564-3579;3594-3627";"Se compara la suma diaria contra una capacidad global de ocho horas por defecto; se muestran horas utilizadas/libres, estimadas/reales y sobrecarga. No atribuir al ZIP una agenda individual por operador o máquina.";Admin / gerente con permiso de planeación;/planeacion: rango, tabla y panel de asignación;se distribuyen órdenes con horas estimadas;"recursos_planeacion; capacidad; excepciones; programacion_areas; partidas";"La regla global de ocho horas se sustituye por OBS-19 y D-02; objetivo actual calcula capacidad por recurso/fecha/turno. No exigir simultáneamente capacidad global y por recurso.";"supabase/migrations/20260911000002_auditoria_ordenes_planeacion_produccion.sql:232; src/modulos/planeacion/componentes/calendario-planeacion.tsx:183";unitarias/planeacion-capacidad (9 casos aprobados). Detalle en evidencias/casos-locales.csv. Solo evidencia parcial local, sin flujo persistido.;"No ejecutada en navegador/BD de prueba; persistencia y segunda sesión pendientes.";sustituida por observación;"La regla global de ocho horas se sustituye por OBS-19 y D-02; objetivo actual calcula capacidad por recurso/fecha/turno. No exigir simultáneamente capacidad global y por recurso.";Evaluar sustituto OBS-19.;"Entorno de prueba aislado, usuarios ficticios por rol, datos preparados y servicio correspondiente. Resolver D-02 para la variante indicada; no bloquea otras comprobaciones.";D-02
PLA-04;B;Calendario y planeación;Tratamiento de sobrecarga base;"src/App.jsx:3329-3332;4172-4186";Se muestra exceso y opciones de siguiente día hábil, asignación como horas extra o cancelar. OBS-19 reemplaza la posibilidad ordinaria de sobreasignación por bloqueo.;Admin / gerente con permiso de planeación;/planeacion: rango, tabla y panel de asignación;una orden supera la capacidad del día;"recursos_planeacion; capacidad; excepciones; programacion_areas; partidas";"OBS-19 reemplaza sobreasignación ordinaria por bloqueo. SQL contiene rechazo de sobrecarga; falta sugerencia de siguiente hueco, evaluada en OBS-19.";"supabase/migrations/20260911000002_auditoria_ordenes_planeacion_produccion.sql:232; src/modulos/planeacion/componentes/panel-asignacion-planeacion.tsx:182";unitarias/planeacion-capacidad (9 casos aprobados). Detalle en evidencias/casos-locales.csv. Solo evidencia parcial local, sin flujo persistido.;"No ejecutada en navegador/BD de prueba; persistencia y segunda sesión pendientes.";sustituida por observación;"OBS-19 reemplaza sobreasignación ordinaria por bloqueo. SQL contiene rechazo de sobrecarga; falta sugerencia de siguiente hueco, evaluada en OBS-19.";Evaluar sustituto OBS-19.;"Entorno de prueba aislado, usuarios ficticios por rol, datos preparados y servicio correspondiente. Resolver D-02 para la variante indicada; no bloquea otras comprobaciones.";D-02
PLA-05;B;Calendario y planeación;Liberación y trabajos disponibles;"src/App.jsx:3555-3561;3612-3631;3677-3696";"Las pausadas aparecen sin planear, el trabajo en proceso sin fecha aparece hoy y se sugieren órdenes que caben en el tiempo libre; se pueden asignar desde la sugerencia.";Admin / gerente con permiso de planeación;/planeacion: rango, tabla y panel de asignación;hay órdenes pausadas, trabajo en proceso sin fecha o capacidad libre;"recursos_planeacion; capacidad; excepciones; programacion_areas; partidas";"Programación y pausa conservan estados propios; no se encontró propuesta de trabajos que caben ni reubicación automática hoy/sin planear al pausar.";"src/modulos/planeacion/componentes/calendario-planeacion.tsx:183; src/modulos/planeacion/componentes/panel-asignacion-planeacion.tsx:182; supabase/migrations/20260911000002_auditoria_ordenes_planeacion_produccion.sql:547";Sin caso local específico ejecutado para este requisito.;"No ejecutada en navegador/BD de prueba; persistencia y segunda sesión pendientes.";cobertura parcial;"Programación y pausa conservan estados propios; no se encontró propuesta de trabajos que caben ni reubicación automática hoy/sin planear al pausar.";"E2E-22: Las pausadas aparecen sin planear, el trabajo en proceso sin fecha aparece hoy y se sugieren órdenes que caben en el tiempo libre; se pueden asignar desde la sugerencia.";Entorno de prueba aislado, usuarios ficticios por rol, datos preparados y servicio correspondiente. Resolver la brecha documentada antes de aceptar el resultado integral.;
PLA-06;B;Calendario y planeación;Acciones desde calendario;src/App.jsx:3644-3667;"Se puede consultar detalle y ejecutar Bandeja, Iniciar, Sesión, Pausar, Reanudar, Entregar e imprimir según estado; Reactivar se reserva a administrador.";Admin / gerente con permiso de planeación;/planeacion: rango, tabla y panel de asignación;se usa una tarjeta semanal;"recursos_planeacion; capacidad; excepciones; programacion_areas; partidas";"Seleccionar una programación permite reprogramar o preparar; iniciar/sesión/entregar están en otros módulos y no hay enlaces contextuales al detalle ni impresión.";"src/modulos/planeacion/componentes/calendario-planeacion.tsx:183; src/modulos/planeacion/componentes/panel-asignacion-planeacion.tsx:182; src/modulos/produccion/componentes/operacion-produccion.tsx:27";unitarias/planeacion-componentes (3 casos aprobados). Detalle en evidencias/casos-locales.csv. Solo evidencia parcial local, sin flujo persistido.;"No ejecutada en navegador/BD de prueba; persistencia y segunda sesión pendientes.";cobertura parcial;"Seleccionar una programación permite reprogramar o preparar; iniciar/sesión/entregar están en otros módulos y no hay enlaces contextuales al detalle ni impresión.";"E2E-22: Se puede consultar detalle y ejecutar Bandeja, Iniciar, Sesión, Pausar, Reanudar, Entregar e imprimir según estado; Reactivar se reserva a administrador.";Entorno de prueba aislado, usuarios ficticios por rol, datos preparados y servicio correspondiente. Resolver la brecha documentada antes de aceptar el resultado integral.;
PLA-07;B;Calendario y planeación;Semáforo y vista mensual;"src/App.jsx:91-99;3543-3548;3701-3743";"Se diferencian fechas fijas, en tiempo, próximas y urgentes; el mes presenta resumen por día y acceso al detalle. La vista mensual del ZIP muestra hasta tres folios y un contador adicional, no un planificador horario completo.";Admin / gerente con permiso de planeación;/planeacion: rango, tabla y panel de asignación;se consulta urgencia o mes;"recursos_planeacion; capacidad; excepciones; programacion_areas; partidas";Se muestran estado y horas/capacidad, pero no calendario mensual con semáforo de compromiso fijo/próximo/urgente y detalle por día.;"src/modulos/planeacion/componentes/calendario-planeacion.tsx:183; src/modulos/ordenes/componentes/tabla-ordenes.tsx:188";Sin caso local específico ejecutado para este requisito.;"No ejecutada en navegador/BD de prueba; persistencia y segunda sesión pendientes.";cobertura parcial;Se muestran estado y horas/capacidad, pero no calendario mensual con semáforo de compromiso fijo/próximo/urgente y detalle por día.;"E2E-22: Se diferencian fechas fijas, en tiempo, próximas y urgentes; el mes presenta resumen por día y acceso al detalle. La vista mensual del ZIP muestra hasta tres folios y un contador adicional, no un planificador horario completo.";Entorno de prueba aislado, usuarios ficticios por rol, datos preparados y servicio correspondiente. Resolver la brecha documentada antes de aceptar el resultado integral.;
DOC-01;B;Documentos y adjuntos;Orden de servicio;"src/App.jsx:491-527;1699;1909";Se genera documento con empresa, fecha, folio, cliente, razón social/RFC, PO, área/procesos, líneas, material, espesor, cantidad, precios y totales comerciales cuando corresponden.;"Administración / producción; cliente destinatario sin portal";"Orden de servicio sin entrada; entrega en /produccion; documentos en ficha cliente";se solicita imprimir OS;"notas_entrega; partidas_nota_entrega; archivos; configuración de empresa/plantillas";No se encontró documento de orden de servicio conectado con empresa/cliente/PO/líneas/precios y totales. Plantillas configuradas no son un documento emitible.;"src/modulos/configuracion/componentes/pestana-plantillas-doc.tsx:12; src/modulos/ordenes/componentes/tabla-ordenes.tsx:188; src/modulos/pipeline/componentes/formulario-cotizacion.tsx:72";Sin caso local específico ejecutado para este requisito.;"No ejecutada en navegador/BD de prueba; persistencia y segunda sesión pendientes.";no cubierta en el alcance revisado;No se encontró documento de orden de servicio conectado con empresa/cliente/PO/líneas/precios y totales. Plantillas configuradas no son un documento emitible.;E2E-23: Se genera documento con empresa, fecha, folio, cliente, razón social/RFC, PO, área/procesos, líneas, material, espesor, cantidad, precios y totales comerciales cuando corresponden.;"Entorno de prueba aislado, usuarios ficticios por rol, datos preparados y servicio correspondiente. Resolver D-14 para la variante indicada; no bloquea otras comprobaciones. Resolver la brecha documentada antes de aceptar el resultado integral.";D-14
DOC-02;B;Documentos y adjuntos;Nota de entrega;"src/App.jsx:491-527;1700;1910";"Se genera documento con empresa, cliente, orden, conceptos, materiales, cantidades y nota configurada, sin precios en el cuerpo de entrega, con espacios para quien recibe y firma; imprimir/guardar PDF usa el diálogo del navegador.";"Administración / producción; cliente destinatario sin portal";"Orden de servicio sin entrada; entrega en /produccion; documentos en ficha cliente";se solicita la nota;"notas_entrega; partidas_nota_entrega; archivos; configuración de empresa/plantillas";"Registro de nota de entrega con renglones/cantidades y receptor disponible; falta documento imprimible/guardable con empresa, materiales y leyenda configurada.";"src/modulos/produccion/componentes/formulario-nota-entrega.tsx:26; src/modulos/produccion/servicios/entrega-servicio.ts:6; src/modulos/configuracion/componentes/pestana-plantillas-doc.tsx:12";integracion/produccion-sesiones (6 casos aprobados). Detalle en evidencias/casos-locales.csv. Solo evidencia parcial local, sin flujo persistido.;"No ejecutada en navegador/BD de prueba; persistencia y segunda sesión pendientes.";cobertura parcial;"Registro de nota de entrega con renglones/cantidades y receptor disponible; falta documento imprimible/guardable con empresa, materiales y leyenda configurada.";"E2E-23: Se genera documento con empresa, cliente, orden, conceptos, materiales, cantidades y nota configurada, sin precios en el cuerpo de entrega, con espacios para quien recibe y firma; imprimir/guardar PDF usa el diálogo del navegador.";"Entorno de prueba aislado, usuarios ficticios por rol, datos preparados y servicio correspondiente. Resolver D-14 para la variante indicada; no bloquea otras comprobaciones. Resolver la brecha documentada antes de aceptar el resultado integral.";D-14
DOC-03;B;Documentos y adjuntos;Consulta y reimpresión;"src/App.jsx:523-524;1699-1700;3522-3523";"Los documentos pueden volver a generarse desde Órdenes; el código también prevé Reimprimir para tarjetas entregadas. La firma es un espacio impreso, no un módulo evidenciado de firma electrónica.";"Administración / producción; cliente destinatario sin portal";"Orden de servicio sin entrada; entrega en /produccion; documentos en ficha cliente";se necesita una copia documental de una orden finalizada;"notas_entrega; partidas_nota_entrega; archivos; configuración de empresa/plantillas";Notas de entrega se recuperan como datos, pero no hay visor/reimpresión conectado de orden de servicio o entrega desde Órdenes/historial.;"src/modulos/produccion/servicios/tablero-produccion-servicio.ts:42; src/modulos/produccion/componentes/operacion-produccion.tsx:27; src/modulos/ordenes/componentes/tabla-ordenes.tsx:188";Sin caso local específico ejecutado para este requisito.;"No ejecutada en navegador/BD de prueba; persistencia y segunda sesión pendientes.";cobertura parcial;Notas de entrega se recuperan como datos, pero no hay visor/reimpresión conectado de orden de servicio o entrega desde Órdenes/historial.;"E2E-23: Los documentos pueden volver a generarse desde Órdenes; el código también prevé Reimprimir para tarjetas entregadas. La firma es un espacio impreso, no un módulo evidenciado de firma electrónica.";"Entorno de prueba aislado, usuarios ficticios por rol, datos preparados y servicio correspondiente. Resolver D-14 para la variante indicada; no bloquea otras comprobaciones. Resolver la brecha documentada antes de aceptar el resultado integral.";D-14
DOC-04;B;Documentos y adjuntos;Ciclo de archivos múltiples;"src/App.jsx:126;416-443;1435;4315";"Se conservan nombre, enlace, tamaño/tipo y fecha en el registro; hay subida múltiple, apertura y retiro de la lista donde sea editable, con modo lectura en taller. Retirar de lista no se debe describir como borrado físico probado.";"Administración / producción; cliente destinatario sin portal";"Orden de servicio sin entrada; entrega en /produccion; documentos en ficha cliente";se adjuntan referencias de cliente o resultados de taller;"notas_entrega; partidas_nota_entrega; archivos; configuración de empresa/plantillas";"Ficha de cliente permite documentos y acción Pipeline admite adjunto; falta ciclo múltiple integrado de RFQ→OP→sesión→salida y retiro de lista según contexto.";"src/modulos/clientes/componentes/ficha-cliente.tsx:112; src/modulos/pipeline/acciones/agregar-archivo-adjunto.ts:30; src/modulos/produccion/componentes/panel-operador-produccion.tsx:39";Sin caso local específico ejecutado para este requisito.;"No ejecutada en navegador/BD de prueba; persistencia y segunda sesión pendientes.";cobertura parcial;"Ficha de cliente permite documentos y acción Pipeline admite adjunto; falta ciclo múltiple integrado de RFQ→OP→sesión→salida y retiro de lista según contexto.";"E2E-12: Se conservan nombre, enlace, tamaño/tipo y fecha en el registro; hay subida múltiple, apertura y retiro de la lista donde sea editable, con modo lectura en taller. Retirar de lista no se debe describir como borrado físico probado.";"Entorno de prueba aislado, usuarios ficticios por rol, datos preparados y servicio correspondiente. Resolver D-14 para la variante indicada; no bloquea otras comprobaciones. Resolver la brecha documentada antes de aceptar el resultado integral.";D-14
AR-01;B;Cobranza;AR vinculado al aprobar;"src/App.jsx:114;124;1063-1114;1565-1571";"Se genera referencia INVCNC-NNNNNNN con cliente, orden, total, impuesto, condiciones, emisión, pagos y saldo; inicia en borrador y no nace para TI.";Admin / contador con permisos financieros;"/cobranza: listado, modal cobro/saldo, recibo; alta solo en servidor";se aprueba una cotización comercial o se ingresa orden heredada;"cuentas_por_cobrar; pagos_ar; movimientos_saldo_favor; clientes; OP";"Aprobación crea OP pero no CxC borrador; abrir cuenta es una acción independiente posterior a completar fabricación.";"supabase/migrations/20260911000003_auditoria_cobranza_pipeline.sql:487; src/modulos/cobranza/acciones/abrir-cuenta-por-cobrar.ts:16; src/modulos/cobranza/componentes/operacion-cobranza.tsx:54";integracion/cobranza-acciones (6 casos aprobados). Detalle en evidencias/casos-locales.csv. Solo evidencia parcial local, sin flujo persistido.;"No ejecutada en navegador/BD de prueba; persistencia y segunda sesión pendientes.";cobertura parcial;"Aprobación crea OP pero no CxC borrador; abrir cuenta es una acción independiente posterior a completar fabricación.";"E2E-07: Se genera referencia INVCNC-NNNNNNN con cliente, orden, total, impuesto, condiciones, emisión, pagos y saldo; inicia en borrador y no nace para TI.";"Entorno de prueba aislado, usuarios ficticios por rol, datos preparados y servicio correspondiente. Resolver D-04 para la variante indicada; no bloquea otras comprobaciones. Resolver la brecha documentada antes de aceptar el resultado integral.";D-04
AR-02;B;Cobranza;Alta de factura/cuenta por cobrar;"src/App.jsx:2137;2152-2163;2589-2595";"Se selecciona orden, se propone cliente y valores de RFQ, se capturan vencimiento, abono inicial y número de factura fiscal; el alta guarda la cuenta vinculada. Esta función no evidencia emisión fiscal electrónica.";Admin / contador con permisos financieros;"/cobranza: listado, modal cobro/saldo, recibo; alta solo en servidor";se usa Nueva factura;"cuentas_por_cobrar; pagos_ar; movimientos_saldo_favor; clientes; OP";"Acción de alta vinculada a OP completada existe en servidor, pero ningún componente la invoca; no hay alta de CxC disponible desde la UI ni propuesta de datos comerciales.";"src/modulos/cobranza/componentes/operacion-cobranza.tsx:54; src/modulos/cobranza/acciones/abrir-cuenta-por-cobrar.ts:16; src/modulos/cobranza/servicios/cobranza-servicio.ts:40";integracion/cobranza-acciones (6 casos aprobados). Detalle en evidencias/casos-locales.csv. Solo evidencia parcial local, sin flujo persistido.;"No ejecutada en navegador/BD de prueba; persistencia y segunda sesión pendientes.";cobertura parcial;"Acción de alta vinculada a OP completada existe en servidor, pero ningún componente la invoca; no hay alta de CxC disponible desde la UI ni propuesta de datos comerciales.";"E2E-25: Se selecciona orden, se propone cliente y valores de RFQ, se capturan vencimiento, abono inicial y número de factura fiscal; el alta guarda la cuenta vinculada. Esta función no evidencia emisión fiscal electrónica.";"Entorno de prueba aislado, usuarios ficticios por rol, datos preparados y servicio correspondiente. Resolver D-04 para la variante indicada; no bloquea otras comprobaciones. Resolver la brecha documentada antes de aceptar el resultado integral.";D-04
AR-03;B;Cobranza;Estados y activación;"src/App.jsx:2143-2149;2277-2281";"Se permite activarlo como pendiente y calcular vencimiento; el pago completo se reconoce como pagado. Se distinguen borrador, pendiente y pagado.";Admin / contador con permisos financieros;"/cobranza: listado, modal cobro/saldo, recibo; alta solo en servidor";se consulta un AR borrador y la orden ya está Lista/Entregada;"cuentas_por_cobrar; pagos_ar; movimientos_saldo_favor; clientes; OP";"Existen pendiente/parcial/pagado/cancelado; falta estado borrador desde aprobación y activación automática al quedar lista/entregada.";"src/modulos/cobranza/tipos/cobranza.ts:14; src/modulos/cobranza/servicios/cobranza-servicio.ts:40; supabase/migrations/20260911000003_auditoria_cobranza_pipeline.sql:487";unitarias/cobranza-esquemas (16 casos aprobados). Detalle en evidencias/casos-locales.csv. Solo evidencia parcial local, sin flujo persistido.;"No ejecutada en navegador/BD de prueba; persistencia y segunda sesión pendientes.";cobertura parcial;"Existen pendiente/parcial/pagado/cancelado; falta estado borrador desde aprobación y activación automática al quedar lista/entregada.";"E2E-24: Se permite activarlo como pendiente y calcular vencimiento; el pago completo se reconoce como pagado. Se distinguen borrador, pendiente y pagado.";"Entorno de prueba aislado, usuarios ficticios por rol, datos preparados y servicio correspondiente. Resolver D-04 para la variante indicada; no bloquea otras comprobaciones. Resolver la brecha documentada antes de aceptar el resultado integral.";D-04
AR-04;B;Cobranza;Reglas de plazo;"src/App.jsx:49;2279;3307-3312";"Contado vence el mismo día; 15 días, 30 días y crédito usan 15, 30 y 45 días calendario respectivamente en la base; queda visible la fecha de vencimiento.";Admin / contador con permisos financieros;"/cobranza: listado, modal cobro/saldo, recibo; alta solo en servidor";se activa una CxC;"cuentas_por_cobrar; pagos_ar; movimientos_saldo_favor; clientes; OP";"Vencimiento es entrada obligatoria de una acción sin interfaz; no se deriva de condiciones contado/15/30/crédito ni de activación automática.";"src/modulos/cobranza/componentes/operacion-cobranza.tsx:54; src/modulos/cobranza/acciones/abrir-cuenta-por-cobrar.ts:16";unitarias/cobranza-esquemas (16 casos aprobados). Detalle en evidencias/casos-locales.csv. Solo evidencia parcial local, sin flujo persistido.;"No ejecutada en navegador/BD de prueba; persistencia y segunda sesión pendientes.";no cubierta en el alcance revisado;"Vencimiento es entrada obligatoria de una acción sin interfaz; no se deriva de condiciones contado/15/30/crédito ni de activación automática.";"E2E-24: Contado vence el mismo día; 15 días, 30 días y crédito usan 15, 30 y 45 días calendario respectivamente en la base; queda visible la fecha de vencimiento.";"Entorno de prueba aislado, usuarios ficticios por rol, datos preparados y servicio correspondiente. Resolver D-04 para la variante indicada; no bloquea otras comprobaciones. Resolver la brecha documentada antes de aceptar el resultado integral.";D-04
AR-05;B;Cobranza;Pagos y anticipos;"src/App.jsx:2139;2166-2177;2387-2464;2539-2576";"Se guardan tipo anticipo/pago, fecha, importe MXN, método y notas; el historial permite registrar cuenta destino, referencia y TC. Se recalculan total cobrado, saldo y estado según la suma aplicable.";Admin / contador con permisos financieros;"/cobranza: listado, modal cobro/saldo, recibo; alta solo en servidor";se registra un movimiento desde historial o desde Pago;"cuentas_por_cobrar; pagos_ar; movimientos_saldo_favor; clientes; OP";"Pago parcial/total y moneda se representan; falta cuenta bancaria destino seleccionable y anticipo antes del cierre productivo.";"src/modulos/cobranza/componentes/modal-registrar-pago.tsx:18; src/modulos/cobranza/servicios/cobranza-servicio.ts:40; src/modulos/cobranza/componentes/operacion-cobranza.tsx:54";integracion/cobranza-acciones (6 casos aprobados). Detalle en evidencias/casos-locales.csv. Solo evidencia parcial local, sin flujo persistido.;"No ejecutada en navegador/BD de prueba; persistencia y segunda sesión pendientes.";cobertura parcial;"Pago parcial/total y moneda se representan; falta cuenta bancaria destino seleccionable y anticipo antes del cierre productivo.";"E2E-24: Se guardan tipo anticipo/pago, fecha, importe MXN, método y notas; el historial permite registrar cuenta destino, referencia y TC. Se recalculan total cobrado, saldo y estado según la suma aplicable.";"Entorno de prueba aislado, usuarios ficticios por rol, datos preparados y servicio correspondiente. Resolver D-04,D-08 para la variante indicada; no bloquea otras comprobaciones. Resolver la brecha documentada antes de aceptar el resultado integral.";D-04,D-08
AR-06;B;Cobranza;Anticipo antes de terminación;"src/App.jsx:2430-2463;2542-2544;3303-3313";"Se puede registrar un anticipo desde el historial; se conserva el pago cuando la orden llega a Lista, con saldo residual disponible para cobrar.";Admin / contador con permisos financieros;"/cobranza: listado, modal cobro/saldo, recibo; alta solo en servidor";una orden todavía tiene AR borrador;"cuentas_por_cobrar; pagos_ar; movimientos_saldo_favor; clientes; OP";"No se encontró anticipo en CxC borrador antes de terminar; la apertura exige orden completada.";"src/modulos/cobranza/acciones/abrir-cuenta-por-cobrar.ts:16; src/modulos/cobranza/servicios/cobranza-servicio.ts:40";integracion/cobranza-acciones (6 casos aprobados). Detalle en evidencias/casos-locales.csv. Solo evidencia parcial local, sin flujo persistido.;"No ejecutada en navegador/BD de prueba; persistencia y segunda sesión pendientes.";no cubierta en el alcance revisado;"No se encontró anticipo en CxC borrador antes de terminar; la apertura exige orden completada.";"E2E-24: Se puede registrar un anticipo desde el historial; se conserva el pago cuando la orden llega a Lista, con saldo residual disponible para cobrar.";"Entorno de prueba aislado, usuarios ficticios por rol, datos preparados y servicio correspondiente. Resolver D-04 para la variante indicada; no bloquea otras comprobaciones. Resolver la brecha documentada antes de aceptar el resultado integral.";D-04
AR-07;B;Cobranza;Liquidación y resumen;"src/App.jsx:121-123;2143-2149;2166-2177;2407-2428";"El saldo queda en cero y el documento se reconoce pagado; historial muestra total, cobrado, restante, movimientos y progreso de pago. No se infiere un monedero por excedente en esta base.";Admin / contador con permisos financieros;"/cobranza: listado, modal cobro/saldo, recibo; alta solo en servidor";se completa el monto adeudado;"cuentas_por_cobrar; pagos_ar; movimientos_saldo_favor; clientes; OP";"Motor liquida y genera monedero con excedente, acorde con OBS-25. Falta panel completo de total/cobrado/restante/progreso y movimientos recuperables; no se ejecutó liquidación persistida.";"src/modulos/cobranza/componentes/operacion-cobranza.tsx:54; src/modulos/cobranza/componentes/tabla-cuentas-por-cobrar.tsx:69; src/modulos/cobranza/servicios/cobranza-servicio.ts:40";"integracion/cobranza-acciones (6 casos aprobados); unitarias/cobranza-aging (13 casos aprobados). Detalle en evidencias/casos-locales.csv. Solo evidencia parcial local, sin flujo persistido.";"No ejecutada en navegador/BD de prueba; persistencia y segunda sesión pendientes.";cobertura parcial;"Motor liquida y genera monedero con excedente, acorde con OBS-25. Falta panel completo de total/cobrado/restante/progreso y movimientos recuperables; no se ejecutó liquidación persistida.";"E2E-24: El saldo queda en cero y el documento se reconoce pagado; historial muestra total, cobrado, restante, movimientos y progreso de pago. No se infiere un monedero por excedente en esta base.";Entorno de prueba aislado, usuarios ficticios por rol, datos preparados y servicio correspondiente. Resolver la brecha documentada antes de aceptar el resultado integral.;
AR-08;B;Cobranza;Edición de pago;"src/App.jsx:2073-2124;2420-2424";"Se puede modificar fecha, monto, método, cuenta, referencia, TC y notas; cancelar conserva el movimiento. El objetivo debe reconciliar saldo y agregados con la edición persistida.";Admin / contador con permisos financieros;"/cobranza: listado, modal cobro/saldo, recibo; alta solo en servidor";se abre Editar en un movimiento no heredado;"cuentas_por_cobrar; pagos_ar; movimientos_saldo_favor; clientes; OP";No se encontró edición/reversión funcional de pago con recálculo de deuda y cuenta. Inmutabilidad no demuestra una alternativa de corrección.;"src/modulos/cobranza/componentes/modal-registrar-pago.tsx:18; src/modulos/cobranza/servicios/cobranza-servicio.ts:40; src/modulos/cobranza/componentes/recibo-pago-vista.tsx:5";Sin caso local específico ejecutado para este requisito.;"No ejecutada en navegador/BD de prueba; persistencia y segunda sesión pendientes.";no cubierta en el alcance revisado;No se encontró edición/reversión funcional de pago con recálculo de deuda y cuenta. Inmutabilidad no demuestra una alternativa de corrección.;"E2E-25: Se puede modificar fecha, monto, método, cuenta, referencia, TC y notas; cancelar conserva el movimiento. El objetivo debe reconciliar saldo y agregados con la edición persistida.";Entorno de prueba aislado, usuarios ficticios por rol, datos preparados y servicio correspondiente. Resolver la brecha documentada antes de aceptar el resultado integral.;
AR-09;B;Cobranza;Movimientos heredados;"src/App.jsx:121;2077;2096;2392-2395";"Se representa ese anticipo en el historial aunque no sea un pago estructurado; debe computarse una sola vez en la equivalencia objetivo y distinguirse de los movimientos editables.";Admin / contador con permisos financieros;"/cobranza: listado, modal cobro/saldo, recibo; alta solo en servidor";el AR contiene un abono inicial antiguo;"cuentas_por_cobrar; pagos_ar; movimientos_saldo_favor; clientes; OP";"No se encontró carga de movimientos heredados dentro de Cobranza; alcance y excepción histórica necesitan decisión explícita.";"src/modulos/cobranza/componentes/operacion-cobranza.tsx:54; src/modulos/cobranza/servicios/cobranza-servicio.ts:40";Sin caso local específico ejecutado para este requisito.;"No ejecutada en navegador/BD de prueba; persistencia y segunda sesión pendientes.";decisión pendiente;"No se encontró carga de movimientos heredados dentro de Cobranza; alcance y excepción histórica necesitan decisión explícita.";"E2E-24: Se representa ese anticipo en el historial aunque no sea un pago estructurado; debe computarse una sola vez en la equivalencia objetivo y distinguirse de los movimientos editables.";"Entorno de prueba aislado, usuarios ficticios por rol, datos preparados y servicio correspondiente. Resolver D-01 para la variante indicada; no bloquea otras comprobaciones.";D-01
AR-10;B;Cobranza;Listado y métricas filtradas;"src/App.jsx:2182-2193;2210-2295";Se muestran factura, orden, cliente, emisión, vencimiento, total, cobrado, saldo, estado, totales facturados/cobrados/pendientes/vencidos/borrador y acción de limpiar.;Admin / contador con permisos financieros;"/cobranza: listado, modal cobro/saldo, recibo; alta solo en servidor";se consulta CxC con estado, cliente y período;"cuentas_por_cobrar; pagos_ar; movimientos_saldo_favor; clientes; OP";"Listado y resumen de cartera tienen filtros parciales; falta batería completa de folio/cliente/fecha/estado y métricas conciliadas con todo filtro aplicado.";"src/modulos/cobranza/componentes/operacion-cobranza.tsx:54; src/modulos/cobranza/componentes/tabla-cuentas-por-cobrar.tsx:69; src/modulos/cobranza/servicios/aging-servicio.ts:23";unitarias/cobranza-tienda (2 casos aprobados). Detalle en evidencias/casos-locales.csv. Solo evidencia parcial local, sin flujo persistido.;"No ejecutada en navegador/BD de prueba; persistencia y segunda sesión pendientes.";cobertura parcial;"Listado y resumen de cartera tienen filtros parciales; falta batería completa de folio/cliente/fecha/estado y métricas conciliadas con todo filtro aplicado.";E2E-25: Se muestran factura, orden, cliente, emisión, vencimiento, total, cobrado, saldo, estado, totales facturados/cobrados/pendientes/vencidos/borrador y acción de limpiar.;Entorno de prueba aislado, usuarios ficticios por rol, datos preparados y servicio correspondiente. Resolver la brecha documentada antes de aceptar el resultado integral.;
AR-11;B;Cobranza;Navegar a la orden;"src/App.jsx:2270;2473-2537";Se abre su detalle con cliente, estado, área, fechas, horas, líneas, notas y última sesión de trabajo.;Admin / contador con permisos financieros;"/cobranza: listado, modal cobro/saldo, recibo; alta solo en servidor";se selecciona el folio de orden desde CxC;"cuentas_por_cobrar; pagos_ar; movimientos_saldo_favor; clientes; OP";Folio de OP se presenta como texto plano en Cobranza, sin enlace ni modal. La ruta Órdenes acepta ordenId, pero no hay navegación conectada desde esta tabla.;"src/modulos/cobranza/componentes/tabla-cuentas-por-cobrar.tsx:69; src/app/(privado)/ordenes/page.tsx:62";Sin caso local específico ejecutado para este requisito.;"No ejecutada en navegador/BD de prueba; persistencia y segunda sesión pendientes.";no cubierta en el alcance revisado;Folio de OP se presenta como texto plano en Cobranza, sin enlace ni modal. La ruta Órdenes acepta ordenId, pero no hay navegación conectada desde esta tabla.;E2E-25: Se abre su detalle con cliente, estado, área, fechas, horas, líneas, notas y última sesión de trabajo.;Entorno de prueba aislado, usuarios ficticios por rol, datos preparados y servicio correspondiente. Resolver la brecha documentada antes de aceptar el resultado integral.;
AR-12;B;Cobranza;Antigüedad de saldos;"src/App.jsx:2195-2204;2297-2323";"Se agrupan saldos pendientes en al corriente, 1-30, 31-60, 61-90 y más de 90 días; se listan documento, cliente, vencimiento y días restantes/vencidos. Es una pestaña de CxC en el ZIP.";Admin / contador con permisos financieros;"/cobranza: listado, modal cobro/saldo, recibo; alta solo en servidor";se abre Antigüedad;"cuentas_por_cobrar; pagos_ar; movimientos_saldo_favor; clientes; OP";"Buckets por vencimiento en MXN pasan pruebas puras; tarjeta usa la cartera completa mientras tabla usa cuentasFiltradas. Falta desglose navegable y conciliación al filtrar por cliente/período.";"src/modulos/cobranza/servicios/aging-servicio.ts:23; src/modulos/cobranza/componentes/tarjeta-resumen-aging.tsx:19";unitarias/cobranza-aging (13 casos aprobados). Detalle en evidencias/casos-locales.csv. Solo evidencia parcial local, sin flujo persistido.;"No ejecutada en navegador/BD de prueba; persistencia y segunda sesión pendientes.";cobertura parcial;"Buckets por vencimiento en MXN pasan pruebas puras; tarjeta usa la cartera completa mientras tabla usa cuentasFiltradas. Falta desglose navegable y conciliación al filtrar por cliente/período.";"E2E-26: Se agrupan saldos pendientes en al corriente, 1-30, 31-60, 61-90 y más de 90 días; se listan documento, cliente, vencimiento y días restantes/vencidos. Es una pestaña de CxC en el ZIP.";Entorno de prueba aislado, usuarios ficticios por rol, datos preparados y servicio correspondiente. Resolver la brecha documentada antes de aceptar el resultado integral.;
AR-13;B;Cobranza;Alertas de vencimiento;"src/App.jsx:2263-2273;2308-2320";"Se destaca vencimiento pasado y proximidad de tres días; documentos pagados no se tratan como deuda vencida.";Admin / contador con permisos financieros;"/cobranza: listado, modal cobro/saldo, recibo; alta solo en servidor";hay una cuenta vencida o próxima a vencer;"cuentas_por_cobrar; pagos_ar; movimientos_saldo_favor; clientes; OP";Vencidos se identifican en aging/tabla, pero no se acredita toda la consulta y alerta previa al vencimiento de la referencia.;"src/modulos/cobranza/componentes/tarjeta-resumen-aging.tsx:19; src/modulos/cobranza/componentes/tabla-cuentas-por-cobrar.tsx:69";unitarias/cobranza-aging (13 casos aprobados). Detalle en evidencias/casos-locales.csv. Solo evidencia parcial local, sin flujo persistido.;"No ejecutada en navegador/BD de prueba; persistencia y segunda sesión pendientes.";cobertura parcial;Vencidos se identifican en aging/tabla, pero no se acredita toda la consulta y alerta previa al vencimiento de la referencia.;"E2E-26: Se destaca vencimiento pasado y proximidad de tres días; documentos pagados no se tratan como deuda vencida.";Entorno de prueba aislado, usuarios ficticios por rol, datos preparados y servicio correspondiente. Resolver la brecha documentada antes de aceptar el resultado integral.;
AR-14;B;Cobranza;Estado de cuenta por cliente;src/App.jsx:2335-2384;Se muestran todas sus facturas, órdenes, fechas, valores, pagos, saldos y estados con totales históricos. Esta vista base no prueba exportación ni envío del estado de cuenta.;Admin / contador con permisos financieros;"/cobranza: listado, modal cobro/saldo, recibo; alta solo en servidor";se elige un cliente en Estado de cuenta;"cuentas_por_cobrar; pagos_ar; movimientos_saldo_favor; clientes; OP";"No se encontró estado de cuenta consolidado imprimible por cliente con sus documentos/saldos; listado de cartera no lo sustituye.";"src/modulos/cobranza/componentes/operacion-cobranza.tsx:54; src/modulos/cobranza/componentes/tabla-cuentas-por-cobrar.tsx:69; src/modulos/cobranza/componentes/recibo-pago-vista.tsx:5";Sin caso local específico ejecutado para este requisito.;"No ejecutada en navegador/BD de prueba; persistencia y segunda sesión pendientes.";no cubierta en el alcance revisado;"No se encontró estado de cuenta consolidado imprimible por cliente con sus documentos/saldos; listado de cartera no lo sustituye.";E2E-27: Se muestran todas sus facturas, órdenes, fechas, valores, pagos, saldos y estados con totales históricos. Esta vista base no prueba exportación ni envío del estado de cuenta.;Entorno de prueba aislado, usuarios ficticios por rol, datos preparados y servicio correspondiente. Resolver la brecha documentada antes de aceptar el resultado integral.;
AR-15;B;Cobranza;Cobros agrupados por cuenta;"src/App.jsx:2136;2206;2324-2332";"La pestaña de Antigüedad suma los pagos por cuenta bancaria y muestra nombre/banco e importe; no equivale a saldo bancario disponible ni flujo neto de ingresos y egresos.";Admin / contador con permisos financieros;"/cobranza: listado, modal cobro/saldo, recibo; alta solo en servidor";los pagos tienen cuenta destino;"cuentas_por_cobrar; pagos_ar; movimientos_saldo_favor; clientes; OP";"Pago no selecciona cuenta bancaria y no existe agrupación por cuenta destino para conciliación; catálogo de cuentas está separado.";"src/modulos/cobranza/componentes/modal-registrar-pago.tsx:18; src/modulos/cobranza/tipos/cobranza.ts:14; src/modulos/configuracion/componentes/pestana-cuentas-bancarias.tsx:20";Sin caso local específico ejecutado para este requisito.;"No ejecutada en navegador/BD de prueba; persistencia y segunda sesión pendientes.";no cubierta en el alcance revisado;"Pago no selecciona cuenta bancaria y no existe agrupación por cuenta destino para conciliación; catálogo de cuentas está separado.";"E2E-28: La pestaña de Antigüedad suma los pagos por cuenta bancaria y muestra nombre/banco e importe; no equivale a saldo bancario disponible ni flujo neto de ingresos y egresos.";"Entorno de prueba aislado, usuarios ficticios por rol, datos preparados y servicio correspondiente. Resolver D-08 para la variante indicada; no bloquea otras comprobaciones. Resolver la brecha documentada antes de aceptar el resultado integral.";D-08
AR-16;B;Cobranza;Eliminación de registro de cobro;"src/App.jsx:2180;2579-2586";"Se pide confirmación y se identifica que afecta al registro financiero y sus pagos, conservando la orden. Registrar como capacidad histórica; la versión mejorada puede ofrecer anulación trazable equivalente.";Admin / contador con permisos financieros;"/cobranza: listado, modal cobro/saldo, recibo; alta solo en servidor";se solicita eliminar un AR;"cuentas_por_cobrar; pagos_ar; movimientos_saldo_favor; clientes; OP";"No se encontró retiro/corrección de registro de cobro con efecto en deuda e historial; la auditoría no debe ejecutar borrados para demostrarlo.";"src/modulos/cobranza/servicios/cobranza-servicio.ts:40; src/modulos/cobranza/componentes/operacion-cobranza.tsx:54";Sin caso local específico ejecutado para este requisito.;"No ejecutada en navegador/BD de prueba; persistencia y segunda sesión pendientes.";no cubierta en el alcance revisado;"No se encontró retiro/corrección de registro de cobro con efecto en deuda e historial; la auditoría no debe ejecutar borrados para demostrarlo.";"E2E-16: Se pide confirmación y se identifica que afecta al registro financiero y sus pagos, conservando la orden. Registrar como capacidad histórica; la versión mejorada puede ofrecer anulación trazable equivalente.";Entorno de prueba aislado, usuarios ficticios por rol, datos preparados y servicio correspondiente. Resolver la brecha documentada antes de aceptar el resultado integral.;
GAS-01;B;Gastos y CxP;Alta manual;"src/App.jsx:2620-2635;2842-2896";"Se capturan fecha, tipo fijo/variable, concepto, categoría, proveedor, factura/folio, método de pago, moneda, subtotal, IVA, orden opcional, estado y vencimiento; concepto/subtotal son requeridos.";Admin / contador con permisos financieros;/gastos: filtros, alta/OCR, tabla, estado y rentabilidad;se registra un gasto;"gastos; proveedores; OP; consumos; sesiones y tarifas históricas";"Alta manual captura fecha/categoría/descripción/importes/moneda/TC/UUID de OP/método/folio/notas; proveedor solo existe en contrato sin selector. Faltan tipo fijo/variable, cuenta origen y estado inicial elegible.";"src/modulos/gastos/componentes/modal-registrar-gasto.tsx:17; src/modulos/gastos/validaciones/gastos.ts:72; src/modulos/gastos/servicios/gastos-servicio.ts:62";integracion/gastos-acciones (6 casos aprobados). Detalle en evidencias/casos-locales.csv. Solo evidencia parcial local, sin flujo persistido.;"No ejecutada en navegador/BD de prueba; persistencia y segunda sesión pendientes.";cobertura parcial;"Alta manual captura fecha/categoría/descripción/importes/moneda/TC/UUID de OP/método/folio/notas; proveedor solo existe en contrato sin selector. Faltan tipo fijo/variable, cuenta origen y estado inicial elegible.";"E2E-29: Se capturan fecha, tipo fijo/variable, concepto, categoría, proveedor, factura/folio, método de pago, moneda, subtotal, IVA, orden opcional, estado y vencimiento; concepto/subtotal son requeridos.";"Entorno de prueba aislado, usuarios ficticios por rol, datos preparados y servicio correspondiente. Resolver D-08 para la variante indicada; no bloquea otras comprobaciones. Resolver la brecha documentada antes de aceptar el resultado integral.";D-08
GAS-02;B;Gastos y CxP;Edición de gasto;"src/App.jsx:2625-2634;2822;2831-2896";"Se recuperan los datos y comprobante existentes, se pueden corregir campos, recalcular importes y guardar; cancelar no confirma cambios.";Admin / contador con permisos financieros;/gastos: filtros, alta/OCR, tabla, estado y rentabilidad;se abre Editar;"gastos; proveedores; OP; consumos; sesiones y tarifas históricas";Listado permite cambios de estado pero no edición de los datos de un gasto guardado con recuperación posterior.;"src/modulos/gastos/componentes/tabla-gastos.tsx:19; src/modulos/gastos/servicios/gastos-servicio.ts:62";Sin caso local específico ejecutado para este requisito.;"No ejecutada en navegador/BD de prueba; persistencia y segunda sesión pendientes.";no cubierta en el alcance revisado;Listado permite cambios de estado pero no edición de los datos de un gasto guardado con recuperación posterior.;"E2E-29: Se recuperan los datos y comprobante existentes, se pueden corregir campos, recalcular importes y guardar; cancelar no confirma cambios.";Entorno de prueba aislado, usuarios ficticios por rol, datos preparados y servicio correspondiente. Resolver la brecha documentada antes de aceptar el resultado integral.;
GAS-03;B;Gastos y CxP;Impuesto y moneda;"src/App.jsx:2623;2627;2856-2875";"Se ofrece sin IVA, 8% y 16% por gasto; se muestran IVA, total en moneda y equivalente MXN usando TC cuando es USD.";Admin / contador con permisos financieros;/gastos: filtros, alta/OCR, tabla, estado y rentabilidad;se registra gasto en MXN/USD con o sin IVA;"gastos; proveedores; OP; consumos; sesiones y tarifas históricas";Moneda/TC e IVA están en contratos, pero formulario no ofrece selector consistente 8/16/sin IVA y tratamiento neto/total de la referencia.;"src/modulos/gastos/componentes/modal-registrar-gasto.tsx:17; src/modulos/gastos/validaciones/gastos.ts:72";unitarias/gastos-esquemas (11 casos aprobados). Detalle en evidencias/casos-locales.csv. Solo evidencia parcial local, sin flujo persistido.;"No ejecutada en navegador/BD de prueba; persistencia y segunda sesión pendientes.";cobertura parcial;Moneda/TC e IVA están en contratos, pero formulario no ofrece selector consistente 8/16/sin IVA y tratamiento neto/total de la referencia.;"E2E-29: Se ofrece sin IVA, 8% y 16% por gasto; se muestran IVA, total en moneda y equivalente MXN usando TC cuando es USD.";"Entorno de prueba aislado, usuarios ficticios por rol, datos preparados y servicio correspondiente. Resolver D-16 para la variante indicada; no bloquea otras comprobaciones. Resolver la brecha documentada antes de aceptar el resultado integral.";D-16
GAS-04;B;Gastos y CxP;Vinculación a orden;"src/App.jsx:2877-2887;2850";Se elige la orden en desplegable que incluye folio, cliente y estado, o se deja sin vinculación. El proveedor es un campo del gasto, no un catálogo autónomo evidenciado.;Admin / contador con permisos financieros;/gastos: filtros, alta/OCR, tabla, estado y rentabilidad;un gasto corresponde a un trabajo;"gastos; proveedores; OP; consumos; sesiones y tarifas históricas";OrdenId opcional atribuye costo, pero captura exige UUID sin buscador ni herencia contextual de la orden.;"src/modulos/gastos/componentes/modal-registrar-gasto.tsx:17; src/modulos/gastos/servicios/gastos-servicio.ts:62; src/modulos/gastos/servicios/rentabilidad-servicio.ts:12";integracion/gastos-acciones (6 casos aprobados). Detalle en evidencias/casos-locales.csv. Solo evidencia parcial local, sin flujo persistido.;"No ejecutada en navegador/BD de prueba; persistencia y segunda sesión pendientes.";cobertura parcial;OrdenId opcional atribuye costo, pero captura exige UUID sin buscador ni herencia contextual de la orden.;E2E-29: Se elige la orden en desplegable que incluye folio, cliente y estado, o se deja sin vinculación. El proveedor es un campo del gasto, no un catálogo autónomo evidenciado.;Entorno de prueba aislado, usuarios ficticios por rol, datos preparados y servicio correspondiente. Resolver la brecha documentada antes de aceptar el resultado integral.;
GAS-05;B;Gastos y CxP;Pago y vencimiento de CxP;"src/App.jsx:2807-2824;2888-2890";"Se puede marcar Pagado, ver estado y distinguir vencimiento pasado; se mantiene fecha límite de pago y método.";Admin / contador con permisos financieros;/gastos: filtros, alta/OCR, tabla, estado y rentabilidad;se consulta un gasto pendiente;"gastos; proveedores; OP; consumos; sesiones y tarifas históricas";"Marcar pagado/cancelar existe; la tabla no presenta vencimiento ni aviso individual de deuda vencida y falta cuenta origen. Métrica global no demuestra consulta de cada CxP.";"src/modulos/gastos/componentes/tabla-gastos.tsx:19; src/modulos/gastos/componentes/modal-registrar-gasto.tsx:17; src/modulos/gastos/servicios/gastos-servicio.ts:62";integracion/gastos-acciones (6 casos aprobados). Detalle en evidencias/casos-locales.csv. Solo evidencia parcial local, sin flujo persistido.;"No ejecutada en navegador/BD de prueba; persistencia y segunda sesión pendientes.";cobertura parcial;"Marcar pagado/cancelar existe; la tabla no presenta vencimiento ni aviso individual de deuda vencida y falta cuenta origen. Métrica global no demuestra consulta de cada CxP.";"E2E-29: Se puede marcar Pagado, ver estado y distinguir vencimiento pasado; se mantiene fecha límite de pago y método.";Entorno de prueba aislado, usuarios ficticios por rol, datos preparados y servicio correspondiente. Resolver la brecha documentada antes de aceptar el resultado integral.;
GAS-06;B;Gastos y CxP;Filtros de gastos;"src/App.jsx:2607-2617;2777-2828";"Se busca concepto/proveedor y se filtra categoría, estado, proveedor, con/sin IVA y períodos; la tabla se ordena por fecha y muestra resultados y suma.";Admin / contador con permisos financieros;/gastos: filtros, alta/OCR, tabla, estado y rentabilidad;se combinan criterios de consulta;"gastos; proveedores; OP; consumos; sesiones y tarifas históricas";"Filtros por estado/categoría y rango existen; falta cobertura integral de combinaciones y búsqueda de referencia con limpieza conciliada.";"src/modulos/gastos/componentes/operacion-gastos.tsx:61; src/modulos/gastos/componentes/tabla-gastos.tsx:19";Sin caso local específico ejecutado para este requisito.;"No ejecutada en navegador/BD de prueba; persistencia y segunda sesión pendientes.";cobertura parcial;"Filtros por estado/categoría y rango existen; falta cobertura integral de combinaciones y búsqueda de referencia con limpieza conciliada.";"E2E-29: Se busca concepto/proveedor y se filtra categoría, estado, proveedor, con/sin IVA y períodos; la tabla se ordena por fecha y muestra resultados y suma.";Entorno de prueba aislado, usuarios ficticios por rol, datos preparados y servicio correspondiente. Resolver la brecha documentada antes de aceptar el resultado integral.;
GAS-07;B;Gastos y CxP;Métricas y gráfico interactivo;"src/App.jsx:2677-2717;2742-2774";"Se muestran gasto total, fijos, variables, pendiente de pago y distribución por categoría; se puede ocultar/mostrar gráfico y pulsar una categoría para filtrar.";Admin / contador con permisos financieros;/gastos: filtros, alta/OCR, tabla, estado y rentabilidad;se consulta gasto mensual o un filtro;"gastos; proveedores; OP; consumos; sesiones y tarifas históricas";"Distribución por categoría usa todos los gastos mientras tabla usa filtrados; faltan KPI fijos/variables/pendientes y acción del gráfico que filtre. El gráfico no mide el mismo subconjunto del listado.";src/modulos/gastos/componentes/operacion-gastos.tsx:61;Sin caso local específico ejecutado para este requisito.;"No ejecutada en navegador/BD de prueba; persistencia y segunda sesión pendientes.";cobertura parcial;"Distribución por categoría usa todos los gastos mientras tabla usa filtrados; faltan KPI fijos/variables/pendientes y acción del gráfico que filtre. El gráfico no mide el mismo subconjunto del listado.";"E2E-29: Se muestran gasto total, fijos, variables, pendiente de pago y distribución por categoría; se puede ocultar/mostrar gráfico y pulsar una categoría para filtrar.";Entorno de prueba aislado, usuarios ficticios por rol, datos preparados y servicio correspondiente. Resolver la brecha documentada antes de aceptar el resultado integral.;
GAS-08;C;Gastos y CxP;Escaneo de comprobante;"src/App.jsx:2637-2672;2720-2733;2832-2840";"Se precargan proveedor, fecha, subtotal, IVA, folio, método, concepto y notas; la persona revisa y edita antes de guardar. El ZIP solo contiene el cliente del servicio, no su implementación; disponibilidad real pendiente de prueba.";Admin / contador con permisos financieros;/gastos: filtros, alta/OCR, tabla, estado y rentabilidad;se carga un comprobante y responde el servicio de lectura;"gastos; proveedores; OP; consumos; sesiones y tarifas históricas";"OCR de imágenes y precarga editable están implementados; cinco casos locales usan proveedor simulado. Servicio real no verificado. Proveedor/método/notas del comprobante no se precargan y PDF no se admite; no se certifica paridad completa.";"src/modulos/gastos/servicios/ocr-servicio.ts:32; src/modulos/gastos/componentes/modal-registrar-gasto.tsx:17";unitarias/gastos-ocr (5 casos aprobados). Detalle en evidencias/casos-locales.csv. Solo evidencia parcial local, sin flujo persistido.;"No ejecutada en navegador/BD de prueba; persistencia y segunda sesión pendientes.";no verificable por datos/acceso/servicio;"OCR de imágenes y precarga editable están implementados; cinco casos locales usan proveedor simulado. Servicio real no verificado. Proveedor/método/notas del comprobante no se precargan y PDF no se admite; no se certifica paridad completa.";"E2E-30: Se precargan proveedor, fecha, subtotal, IVA, folio, método, concepto y notas; la persona revisa y edita antes de guardar. El ZIP solo contiene el cliente del servicio, no su implementación; disponibilidad real pendiente de prueba.";Entorno de prueba aislado, usuarios ficticios por rol, datos preparados y servicio correspondiente.;
GAS-09;B;Gastos y CxP;Adjunto y revisión del comprobante;"src/App.jsx:2629-2633;2814;2832-2840;2893-2896";"Se muestra previsualización, opción de volver a escanear y acceso al comprobante guardado; se mantiene captura manual como vía independiente.";Admin / contador con permisos financieros;/gastos: filtros, alta/OCR, tabla, estado y rentabilidad;existe un comprobante capturado;"gastos; proveedores; OP; consumos; sesiones y tarifas históricas";"Selección de imagen para OCR no envía comprobanteUrl al guardar el gasto; falta previsualización y recuperación posterior del archivo. Una respuesta OCR no acredita un adjunto persistido.";"src/modulos/gastos/componentes/modal-registrar-gasto.tsx:17; src/modulos/gastos/servicios/ocr-servicio.ts:32; src/modulos/gastos/servicios/gastos-servicio.ts:62";unitarias/gastos-ocr (5 casos aprobados). Detalle en evidencias/casos-locales.csv. Solo evidencia parcial local, sin flujo persistido.;"No ejecutada en navegador/BD de prueba; persistencia y segunda sesión pendientes.";cobertura parcial;"Selección de imagen para OCR no envía comprobanteUrl al guardar el gasto; falta previsualización y recuperación posterior del archivo. Una respuesta OCR no acredita un adjunto persistido.";"E2E-30: Se muestra previsualización, opción de volver a escanear y acceso al comprobante guardado; se mantiene captura manual como vía independiente.";Entorno de prueba aislado, usuarios ficticios por rol, datos preparados y servicio correspondiente. Resolver la brecha documentada antes de aceptar el resultado integral.;
CFG-01;B;Configuración;Datos empresariales;"src/App.jsx:77-83;2988-2989;3101-3108;491-523";"Se conservan nombre, RFC, dirección, teléfono, email y texto de nota de entrega; se reflejan en documentos emitidos después del cambio.";Admin o permiso configuracion;/configuracion: Empresa, Tarifas/TC, Áreas, Cuentas, Plantillas;se actualiza la empresa y se guarda;"configuracion_sistema; areas_trabajo; cuentas_bancarias; catálogos constantes";"Empresa y plantillas se guardan; falta comprobar que alimenten documentos efectivamente emitibles y se reflejen al reimprimir.";"src/modulos/configuracion/componentes/pestana-empresa.tsx:10; src/modulos/configuracion/componentes/pestana-plantillas-doc.tsx:12; src/modulos/configuracion/servicios/configuracion-servicio.ts:40";integracion/configuracion-acciones (5 casos aprobados). Detalle en evidencias/casos-locales.csv. Solo evidencia parcial local, sin flujo persistido.;"No ejecutada en navegador/BD de prueba; persistencia y segunda sesión pendientes.";cobertura parcial;"Empresa y plantillas se guardan; falta comprobar que alimenten documentos efectivamente emitibles y se reflejen al reimprimir.";"E2E-31: Se conservan nombre, RFC, dirección, teléfono, email y texto de nota de entrega; se reflejan en documentos emitidos después del cambio.";"Entorno de prueba aislado, usuarios ficticios por rol, datos preparados y servicio correspondiente. Resolver D-14 para la variante indicada; no bloquea otras comprobaciones. Resolver la brecha documentada antes de aceptar el resultado integral.";D-14
CFG-02;B;Configuración;TC e IVA global;"src/App.jsx:3004-3029;3262";"Se permiten TC MXN/USD y fecha, tasa IVA porcentual y accesos 8%/16%. Verificar alcance efectivo en cada módulo objetivo; la existencia del ajuste no prueba por sí sola aplicación universal en el ZIP.";Admin o permiso configuracion;/configuracion: Empresa, Tarifas/TC, Áreas, Cuentas, Plantillas;se configura TC, fecha e IVA;"configuracion_sistema; areas_trabajo; cuentas_bancarias; catálogos constantes";"TC editable y configuración contiene IVA default; no hay propagación demostrada a todos los módulos ni controles globales equivalentes 8/16 en UI.";"src/modulos/configuracion/componentes/pestana-tarifas.tsx:23; src/modulos/configuracion/tipos/configuracion.ts:15; src/modulos/pipeline/servicios/calcular-totales-cotizacion.ts:25";integracion/configuracion-acciones (5 casos aprobados). Detalle en evidencias/casos-locales.csv. Solo evidencia parcial local, sin flujo persistido.;"No ejecutada en navegador/BD de prueba; persistencia y segunda sesión pendientes.";cobertura parcial;"TC editable y configuración contiene IVA default; no hay propagación demostrada a todos los módulos ni controles globales equivalentes 8/16 en UI.";"E2E-02: Se permiten TC MXN/USD y fecha, tasa IVA porcentual y accesos 8%/16%. Verificar alcance efectivo en cada módulo objetivo; la existencia del ajuste no prueba por sí sola aplicación universal en el ZIP.";"Entorno de prueba aislado, usuarios ficticios por rol, datos preparados y servicio correspondiente. Resolver D-16 para la variante indicada; no bloquea otras comprobaciones. Resolver la brecha documentada antes de aceptar el resultado integral.";D-16
CFG-03;B;Configuración;Cuentas de cobro;"src/App.jsx:3033-3049;2109-2116";Se configura nombre, banco y tipo transferencia/efectivo/cheque/tarjeta para seleccionar en pagos. La cuenta es distinta de la referencia del movimiento.;Admin o permiso configuracion;/configuracion: Empresa, Tarifas/TC, Áreas, Cuentas, Plantillas;se agrega, edita o retira una cuenta;"configuracion_sistema; areas_trabajo; cuentas_bancarias; catálogos constantes";"CRUD/activación de cuentas bancarias disponible; no se consume al registrar pagos y no equivale a catálogo de métodos de cobro de referencia.";"src/modulos/configuracion/componentes/pestana-cuentas-bancarias.tsx:20; src/modulos/cobranza/componentes/modal-registrar-pago.tsx:18";integracion/configuracion-acciones (5 casos aprobados). Detalle en evidencias/casos-locales.csv. Solo evidencia parcial local, sin flujo persistido.;"No ejecutada en navegador/BD de prueba; persistencia y segunda sesión pendientes.";cobertura parcial;"CRUD/activación de cuentas bancarias disponible; no se consume al registrar pagos y no equivale a catálogo de métodos de cobro de referencia.";E2E-28: Se configura nombre, banco y tipo transferencia/efectivo/cheque/tarjeta para seleccionar en pagos. La cuenta es distinta de la referencia del movimiento.;"Entorno de prueba aislado, usuarios ficticios por rol, datos preparados y servicio correspondiente. Resolver D-08 para la variante indicada; no bloquea otras comprobaciones. Resolver la brecha documentada antes de aceptar el resultado integral.";D-08
CFG-04;B;Configuración;Continuidad de folios;"src/App.jsx:3051;3066-3099;101-113";"Se consulta mes, último generado y siguiente ID y se ajusta el último número usado; el siguiente folio conserva continuidad.";Admin o permiso configuracion;/configuracion: Empresa, Tarifas/TC, Áreas, Cuentas, Plantillas;se migra un negocio con folios usados;"configuracion_sistema; areas_trabajo; cuentas_bancarias; catálogos constantes";Hay generadores de folio y secuencias, pero Configuración no permite consultar/ajustar último y siguiente folio mensual para continuidad histórica.;"src/modulos/pipeline/servicios/generar-folio-cnc.ts:16; src/modulos/configuracion/componentes/operacion-configuracion.tsx:16";Sin caso local específico ejecutado para este requisito.;"No ejecutada en navegador/BD de prueba; persistencia y segunda sesión pendientes.";cobertura parcial;Hay generadores de folio y secuencias, pero Configuración no permite consultar/ajustar último y siguiente folio mensual para continuidad histórica.;"E2E-14: Se consulta mes, último generado y siguiente ID y se ajusta el último número usado; el siguiente folio conserva continuidad.";"Entorno de prueba aislado, usuarios ficticios por rol, datos preparados y servicio correspondiente. Resolver D-01 para la variante indicada; no bloquea otras comprobaciones. Resolver la brecha documentada antes de aceptar el resultado integral.";D-01
CFG-05;B;Configuración;Usuarios de taller;"src/App.jsx:2998-2999;3149-3166";"Se registran nombre, PIN y rol operador, se evita duplicar PIN registrado y se puede eliminar del catálogo; no hay en el ZIP una matriz configurable de vendedor/gerente/contador.";Admin o permiso configuracion;/configuracion: Empresa, Tarifas/TC, Áreas, Cuentas, Plantillas;se da de alta o retira un operador;"configuracion_sistema; areas_trabajo; cuentas_bancarias; catálogos constantes";Usuarios/PIN y permisos existen en servidor, pero Configuración no ofrece alta/edición/desactivación operativa de usuarios de taller.;"src/modulos/autenticacion/acciones/validar-pin.ts:35; src/modulos/configuracion/componentes/operacion-configuracion.tsx:16; src/compartido/componentes/navegacion/modulos-navegacion.ts:16";unitarias/sesion-operador (8 casos aprobados). Detalle en evidencias/casos-locales.csv. Solo evidencia parcial local, sin flujo persistido.;"No ejecutada en navegador/BD de prueba; persistencia y segunda sesión pendientes.";cobertura parcial;Usuarios/PIN y permisos existen en servidor, pero Configuración no ofrece alta/edición/desactivación operativa de usuarios de taller.;"E2E-31: Se registran nombre, PIN y rol operador, se evita duplicar PIN registrado y se puede eliminar del catálogo; no hay en el ZIP una matriz configurable de vendedor/gerente/contador.";Entorno de prueba aislado, usuarios ficticios por rol, datos preparados y servicio correspondiente. Resolver la brecha documentada antes de aceptar el resultado integral.;
CFG-06;B;Configuración;Áreas y procesos;"src/App.jsx:2992-2997;3168-3210";"Se agregan, renombran y retiran áreas, colores y procesos; se marca área externa; esos catálogos alimentan cotizaciones y producción.";Admin o permiso configuracion;/configuracion: Empresa, Tarifas/TC, Áreas, Cuentas, Plantillas;se administra la estructura del taller;"configuracion_sistema; areas_trabajo; cuentas_bancarias; catálogos constantes";"Áreas con color, tarifa y condición externa son editables; no hay CRUD de procesos/subáreas enlazado a listas de comercial y planeación, que usa áreas fijas.";"src/modulos/configuracion/componentes/pestana-areas-trabajo.tsx:20; src/modulos/planeacion/tipos/planeacion.ts:5; src/modulos/pipeline/componentes/formulario-cotizacion.tsx:72";integracion/configuracion-acciones (5 casos aprobados). Detalle en evidencias/casos-locales.csv. Solo evidencia parcial local, sin flujo persistido.;"No ejecutada en navegador/BD de prueba; persistencia y segunda sesión pendientes.";cobertura parcial;"Áreas con color, tarifa y condición externa son editables; no hay CRUD de procesos/subáreas enlazado a listas de comercial y planeación, que usa áreas fijas.";"E2E-31: Se agregan, renombran y retiran áreas, colores y procesos; se marca área externa; esos catálogos alimentan cotizaciones y producción.";"Entorno de prueba aislado, usuarios ficticios por rol, datos preparados y servicio correspondiente. Resolver D-13 para la variante indicada; no bloquea otras comprobaciones. Resolver la brecha documentada antes de aceptar el resultado integral.";D-13
CFG-07;B;Configuración;Etiquetas comerciales;src/App.jsx:3110-3128;"Se agregan, renombran y retiran etiquetas con color de texto/fondo y previsualización; se pueden aplicar varias por RFQ.";Admin o permiso configuracion;/configuracion: Empresa, Tarifas/TC, Áreas, Cuentas, Plantillas;se configura clasificación de RFQ;"configuracion_sistema; areas_trabajo; cuentas_bancarias; catálogos constantes";"No se encontró CRUD de etiquetas de colores ni editor múltiple de asignación; campo etiquetas en contrato no demuestra capacidad.";"src/modulos/configuracion/componentes/operacion-configuracion.tsx:16; src/modulos/pipeline/tipos/indice.ts:125; src/modulos/pipeline/componentes/tarjeta-oportunidad.tsx:52";Sin caso local específico ejecutado para este requisito.;"No ejecutada en navegador/BD de prueba; persistencia y segunda sesión pendientes.";no cubierta en el alcance revisado;"No se encontró CRUD de etiquetas de colores ni editor múltiple de asignación; campo etiquetas en contrato no demuestra capacidad.";"E2E-06: Se agregan, renombran y retiran etiquetas con color de texto/fondo y previsualización; se pueden aplicar varias por RFQ.";Entorno de prueba aislado, usuarios ficticios por rol, datos preparados y servicio correspondiente. Resolver la brecha documentada antes de aceptar el resultado integral.;
CFG-08;B;Configuración;Tiers comerciales;"src/App.jsx:3130-3147;361-387";"Se agregan, editan o retiran tiers con nombre, consumo mínimo de tres meses, descuento y color; se conserva al menos un nivel.";Admin o permiso configuracion;/configuracion: Empresa, Tarifas/TC, Áreas, Cuentas, Plantillas;se configuran niveles de volumen;"configuracion_sistema; areas_trabajo; cuentas_bancarias; catálogos constantes";"Tiers y umbrales son constantes y asignación manual existe; no se encontró CRUD de umbrales/descuentos/colores configurable.";"src/modulos/clientes/servicios/calcular-tier.ts:53; src/modulos/clientes/componentes/tabla-clientes.tsx:34; src/modulos/configuracion/componentes/operacion-configuracion.tsx:16";unitarias/clientes-tier (7 casos aprobados). Detalle en evidencias/casos-locales.csv. Solo evidencia parcial local, sin flujo persistido.;"No ejecutada en navegador/BD de prueba; persistencia y segunda sesión pendientes.";cobertura parcial;"Tiers y umbrales son constantes y asignación manual existe; no se encontró CRUD de umbrales/descuentos/colores configurable.";"E2E-04: Se agregan, editan o retiran tiers con nombre, consumo mínimo de tres meses, descuento y color; se conserva al menos un nivel.";Entorno de prueba aislado, usuarios ficticios por rol, datos preparados y servicio correspondiente. Resolver la brecha documentada antes de aceptar el resultado integral.;
CFG-09;B;Configuración;Categorías de gasto;"src/App.jsx:2990-2991;3212-3219";Se agregan y retiran categorías que luego se ofrecen al capturar o filtrar gastos.;Admin o permiso configuracion;/configuracion: Empresa, Tarifas/TC, Áreas, Cuentas, Plantillas;se administra el catálogo;"configuracion_sistema; areas_trabajo; cuentas_bancarias; catálogos constantes";"Gastos usa categorías definidas en código; Configuración no presenta alta/retiro de categorías de negocio.";"src/modulos/configuracion/componentes/operacion-configuracion.tsx:16; src/modulos/gastos/validaciones/gastos.ts:72; src/modulos/gastos/componentes/modal-registrar-gasto.tsx:17";unitarias/gastos-esquemas (11 casos aprobados). Detalle en evidencias/casos-locales.csv. Solo evidencia parcial local, sin flujo persistido.;"No ejecutada en navegador/BD de prueba; persistencia y segunda sesión pendientes.";cobertura parcial;"Gastos usa categorías definidas en código; Configuración no presenta alta/retiro de categorías de negocio.";E2E-29: Se agregan y retiran categorías que luego se ofrecen al capturar o filtrar gastos.;Entorno de prueba aislado, usuarios ficticios por rol, datos preparados y servicio correspondiente. Resolver la brecha documentada antes de aceptar el resultado integral.;
CFG-10;C;Configuración;Tarifas de cotizador;"src/App.jsx:3221-3250;320-358";"Se editan tarifas de máquina/setup, gases/consumo, productividad de doblado, longitud máxima, segundo operario, fresas/vida útil y mano de obra/soldadura/consumibles/acabados. El bloque del ZIP depende de que haya historial; no asumir que todos los parámetros expuestos intervienen en la fórmula.";Admin o permiso configuracion;/configuracion: Empresa, Tarifas/TC, Áreas, Cuentas, Plantillas;se accede al bloque de tarifas;"configuracion_sistema; areas_trabajo; cuentas_bancarias; catálogos constantes";"Solo cinco parámetros generales del cotizador disponibles; faltan tarifas específicas y consumidor de fórmulas técnicas. Dependencia de historial de la base no se impone al objetivo.";"src/modulos/configuracion/componentes/pestana-tarifas.tsx:23; src/modulos/configuracion/tipos/configuracion.ts:15; src/modulos/pipeline/servicios/calcular-totales-cotizacion.ts:25";integracion/configuracion-acciones (5 casos aprobados). Detalle en evidencias/casos-locales.csv. Solo evidencia parcial local, sin flujo persistido.;"No ejecutada en navegador/BD de prueba; persistencia y segunda sesión pendientes.";cobertura parcial;"Solo cinco parámetros generales del cotizador disponibles; faltan tarifas específicas y consumidor de fórmulas técnicas. Dependencia de historial de la base no se impone al objetivo.";"E2E-11: Se editan tarifas de máquina/setup, gases/consumo, productividad de doblado, longitud máxima, segundo operario, fresas/vida útil y mano de obra/soldadura/consumibles/acabados. El bloque del ZIP depende de que haya historial; no asumir que todos los parámetros expuestos intervienen en la fórmula.";"Entorno de prueba aislado, usuarios ficticios por rol, datos preparados y servicio correspondiente. Resolver D-12 para la variante indicada; no bloquea otras comprobaciones. Resolver la brecha documentada antes de aceptar el resultado integral.";D-12
CFG-11;B;Configuración;Catálogos iniciales de referencia;"src/App.jsx:31-44;77-83";"Se reconocen Láser Fibra, Láser CO2, Dobladora, CNC Router y Fabricación, con capacidad/color en datos; áreas por defecto Sheet Metal, Taller, Acabados y EXT. No se evidencia un formulario completo de CRUD de máquinas.";Admin o permiso configuracion;/configuracion: Empresa, Tarifas/TC, Áreas, Cuentas, Plantillas;se evalúa el alcance de máquinas y estaciones;"configuracion_sistema; areas_trabajo; cuentas_bancarias; catálogos constantes";"Recursos, áreas y capacidades tienen modelo propio; equivalencia de nombres y equipos de referencia requiere mapa de negocio y datos de prueba, no copiar constantes.";"src/modulos/planeacion/tipos/planeacion.ts:5; src/modulos/configuracion/componentes/pestana-areas-trabajo.tsx:20; src/modulos/planeacion/componentes/calendario-planeacion.tsx:183";Sin caso local específico ejecutado para este requisito.;"No ejecutada en navegador/BD de prueba; persistencia y segunda sesión pendientes.";cobertura parcial;"Recursos, áreas y capacidades tienen modelo propio; equivalencia de nombres y equipos de referencia requiere mapa de negocio y datos de prueba, no copiar constantes.";"E2E-31: Se reconocen Láser Fibra, Láser CO2, Dobladora, CNC Router y Fabricación, con capacidad/color en datos; áreas por defecto Sheet Metal, Taller, Acabados y EXT. No se evidencia un formulario completo de CRUD de máquinas.";"Entorno de prueba aislado, usuarios ficticios por rol, datos preparados y servicio correspondiente. Resolver D-13 para la variante indicada; no bloquea otras comprobaciones. Resolver la brecha documentada antes de aceptar el resultado integral.";D-13
CFG-12;B;Configuración;Consolidación de datos heredados;"src/App.jsx:2907-2980;3052-3064";La interfaz presenta conteos y confirmación, guarda registros actuales/configuración y contempla crear AR borradores faltantes para órdenes comerciales elegibles. La migración es una capacidad de soporte, no un paso diario ni una acción a ejecutar durante esta auditoría.;Admin o permiso configuracion;/configuracion: Empresa, Tarifas/TC, Áreas, Cuentas, Plantillas;un administrador usa la herramienta de sincronización de datos;"configuracion_sistema; areas_trabajo; cuentas_bancarias; catálogos constantes";"No se encontró consolidación histórica de negocio con previsualización y reconciliación de AR; migraciones SQL de estructura no equivalen a esa capacidad. Decidir soporte histórico.";"src/modulos/configuracion/componentes/operacion-configuracion.tsx:16; src/modulos/ordenes/componentes/formulario-orden.tsx:136; src/modulos/cobranza/acciones/abrir-cuenta-por-cobrar.ts:16";Sin caso local específico ejecutado para este requisito.;"No ejecutada en navegador/BD de prueba; persistencia y segunda sesión pendientes.";decisión pendiente;"No se encontró consolidación histórica de negocio con previsualización y reconciliación de AR; migraciones SQL de estructura no equivalen a esa capacidad. Decidir soporte histórico.";E2E-14: La interfaz presenta conteos y confirmación, guarda registros actuales/configuración y contempla crear AR borradores faltantes para órdenes comerciales elegibles. La migración es una capacidad de soporte, no un paso diario ni una acción a ejecutar durante esta auditoría.;"Entorno de prueba aislado, usuarios ficticios por rol, datos preparados y servicio correspondiente. Resolver D-01 para la variante indicada; no bloquea otras comprobaciones.";D-01
CFG-13;B;Configuración;Consulta de acciones recientes;"src/App.jsx:3252-3258;3315-3316;3459-3460";"Se ven momento, usuario, acción y orden de las últimas 60 entradas presentadas; persistencia histórica durable se valida aparte si la versión objetivo la ofrece.";Admin o permiso configuracion;/configuracion: Empresa, Tarifas/TC, Áreas, Cuentas, Plantillas;hay movimientos en la bitácora de sesión;"configuracion_sistema; areas_trabajo; cuentas_bancarias; catálogos constantes";"Componente TablaLogs y servicio existen, pero no tienen entrada desde Configuración/rutas; registro durable no prueba consulta funcional reciente.";"src/modulos/auditoria/componentes/tabla-logs.tsx:27; src/modulos/configuracion/componentes/operacion-configuracion.tsx:16";Sin caso local específico ejecutado para este requisito.;"No ejecutada en navegador/BD de prueba; persistencia y segunda sesión pendientes.";cobertura parcial;"Componente TablaLogs y servicio existen, pero no tienen entrada desde Configuración/rutas; registro durable no prueba consulta funcional reciente.";"E2E-21: Se ven momento, usuario, acción y orden de las últimas 60 entradas presentadas; persistencia histórica durable se valida aparte si la versión objetivo la ofrece.";Entorno de prueba aislado, usuarios ficticios por rol, datos preparados y servicio correspondiente. Resolver la brecha documentada antes de aceptar el resultado integral.;
TRA-01;B;Funciones transversales;Períodos de consulta;"src/App.jsx:531-560;1218;1655;2246;2793";"Se pueden seleccionar todo, hoy, semana actual/anterior, mes actual/anterior, trimestre actual/anterior y año; se informa el período aplicado y se puede limpiar.";Todos según su permiso y asignación;"Entradas combinadas de los módulos; ver mapa de accesos";un módulo ofrece filtro de período;Cadena comercial/productiva/financiera y catálogos;"Dashboard tiene períodos, Planeación rangos y otros módulos filtros propios; falta catálogo temporal uniforme en Clientes/RFQ/Órdenes/CxC/Gastos con contexto conservado.";"src/modulos/dashboard/componentes/filtro-periodo-global.tsx:39; src/modulos/planeacion/componentes/calendario-planeacion.tsx:183; src/modulos/pipeline/componentes/tablero-kanban.tsx:34; src/modulos/ordenes/componentes/tabla-ordenes.tsx:188";unitarias/dashboard-esquemas (9 casos aprobados). Detalle en evidencias/casos-locales.csv. Solo evidencia parcial local, sin flujo persistido.;"No ejecutada en navegador/BD de prueba; persistencia y segunda sesión pendientes.";cobertura parcial;"Dashboard tiene períodos, Planeación rangos y otros módulos filtros propios; falta catálogo temporal uniforme en Clientes/RFQ/Órdenes/CxC/Gastos con contexto conservado.";"E2E-06: Se pueden seleccionar todo, hoy, semana actual/anterior, mes actual/anterior, trimestre actual/anterior y año; se informa el período aplicado y se puede limpiar.";Entorno de prueba aislado, usuarios ficticios por rol, datos preparados y servicio correspondiente. Resolver la brecha documentada antes de aceptar el resultado integral.;
TRA-02;B;Funciones transversales;Relación entre entidades;"src/App.jsx:979;1063-1114;1516-1517;2137;2620;3432-3460";"Se conserva relación cliente → RFQ/líneas → orden/partes/procesos → sesiones/archivos → AR/pagos; gastos pueden vincularse a la orden y catálogos alimentan formularios.";Todos según su permiso y asignación;"Entradas combinadas de los módulos; ver mapa de accesos";se sigue un trabajo de extremo a extremo;Cadena comercial/productiva/financiera y catálogos;"Hay claves cliente→pipeline→OP→partidas→sesiones→entregas/CxC/gastos; faltan enlaces de historial, adjuntos y CxC temprana. No hay prueba ejecutada de cadena completa.";"supabase/migrations/20260911000003_auditoria_cobranza_pipeline.sql:487; src/modulos/produccion/servicios/tablero-produccion-servicio.ts:42; src/modulos/cobranza/servicios/cobranza-servicio.ts:40; src/modulos/clientes/componentes/ficha-cliente.tsx:112";unitarias/pipeline-marcar-ganada-orden (3 casos aprobados). Detalle en evidencias/casos-locales.csv. Solo evidencia parcial local, sin flujo persistido.;"No ejecutada en navegador/BD de prueba; persistencia y segunda sesión pendientes.";cobertura parcial;"Hay claves cliente→pipeline→OP→partidas→sesiones→entregas/CxC/gastos; faltan enlaces de historial, adjuntos y CxC temprana. No hay prueba ejecutada de cadena completa.";"E2E-07: Se conserva relación cliente → RFQ/líneas → orden/partes/procesos → sesiones/archivos → AR/pagos; gastos pueden vincularse a la orden y catálogos alimentan formularios.";"Entorno de prueba aislado, usuarios ficticios por rol, datos preparados y servicio correspondiente. Resolver D-04,D-14 para la variante indicada; no bloquea otras comprobaciones. Resolver la brecha documentada antes de aceptar el resultado integral.";D-04,D-14
TRA-03;B;Funciones transversales;Cancelación de formularios y consulta vacía;"src/App.jsx:413;1437;1964;2573;2894";"Se vuelve al contexto previo y se muestra una situación sin resultados comprensible; distinguir Cancelar formulario de Cancelar orden, que cambia el negocio.";Todos según su permiso y asignación;"Entradas combinadas de los módulos; ver mapa de accesos";se cancela un modal sin guardar o una búsqueda no tiene resultados;Cadena comercial/productiva/financiera y catálogos;"Formularios y vacíos ofrecen salidas parciales; no se ha recorrido cada cancelación modal, conservación de contexto y distinción de error/ausencia en todos los accesos.";"src/modulos/clientes/componentes/tabla-clientes.tsx:34; src/modulos/planeacion/componentes/panel-asignacion-planeacion.tsx:182; src/modulos/pipeline/componentes/selector-etapa.tsx:24; src/modulos/clientes/componentes/ficha-cliente.tsx:112";unitarias/planeacion-componentes (3 casos aprobados). Detalle en evidencias/casos-locales.csv. Solo evidencia parcial local, sin flujo persistido.;"No ejecutada en navegador/BD de prueba; persistencia y segunda sesión pendientes.";cobertura parcial;"Formularios y vacíos ofrecen salidas parciales; no se ha recorrido cada cancelación modal, conservación de contexto y distinción de error/ausencia en todos los accesos.";"E2E-03: Se vuelve al contexto previo y se muestra una situación sin resultados comprensible; distinguir Cancelar formulario de Cancelar orden, que cambia el negocio.";Entorno de prueba aislado, usuarios ficticios por rol, datos preparados y servicio correspondiente. Resolver la brecha documentada antes de aceptar el resultado integral.;
OBS-01;OBS;Dashboard;Navegación desde indicadores;Observaciones:2-3;"Con dos grupos de cartera, pulsar 1-30 días muestra solo documentos/clientes con deuda vencida entre 1 y 30 días; volver conserva el contexto. Interpretar ese tramo como antigüedad, no como mes calendario.";Admin / contador con permisos financieros;"/cobranza: listado, modal cobro/saldo, recibo; alta solo en servidor";Cada KPI, gráfico o segmento con datos abre el listado o proceso que explica su cifra, con filtro visible y contexto conservado.;"cuentas_por_cobrar; pagos_ar; movimientos_saldo_favor; clientes; OP";Aging muestra tramos, pero no navega a documentos de 1–30 días conservando contexto. Tramo de antigüedad no se interpreta como mes calendario.;"src/modulos/cobranza/componentes/tarjeta-resumen-aging.tsx:19; src/modulos/dashboard/componentes/seccion-financiera.tsx:8; src/modulos/cobranza/componentes/tabla-cuentas-por-cobrar.tsx:69";unitarias/cobranza-aging (13 casos aprobados). Detalle en evidencias/casos-locales.csv. Solo evidencia parcial local, sin flujo persistido.;"No ejecutada en navegador/BD de prueba; persistencia y segunda sesión pendientes.";cobertura parcial;Aging muestra tramos, pero no navega a documentos de 1–30 días conservando contexto. Tramo de antigüedad no se interpreta como mes calendario.;"E2E-26: Con dos grupos de cartera, pulsar 1-30 días muestra solo documentos/clientes con deuda vencida entre 1 y 30 días; volver conserva el contexto. Interpretar ese tramo como antigüedad, no como mes calendario.";Entorno de prueba aislado, usuarios ficticios por rol, datos preparados y servicio correspondiente. Resolver la brecha documentada antes de aceptar el resultado integral.;
OBS-02;OBS;Comercial;Búsqueda de empresa y contacto;Observaciones:6;"Buscar una empresa existente, elegir su contacto y luego crear otra desde el mismo formulario; la nueva ficha queda disponible en Clientes y seleccionada, sin duplicar la empresa al cambiar contacto.";Admin / vendedor / gerente según permiso;"/pipeline: Kanban, tarjeta y tabla; formulario de cotización aislado";Ofrecer búsqueda y selección de clientes/contactos vinculados y alta rápida cuando no existan, guardando en Clientes sin abandonar la oportunidad.;"pipeline; cotizacion_lineas; clientes; ordenes_produccion";"Prospecto usa empresa/contacto de texto libre y se promueve al ganar; falta buscar empresa existente, seleccionar contacto y alta contextual sin duplicar.";"src/modulos/pipeline/componentes/formulario-prospecto.tsx:22; src/modulos/pipeline/acciones/marcar-ganada.ts:26; src/modulos/clientes/componentes/formulario-cliente.tsx:87";unitarias/pipeline-marcar-ganada-orden (3 casos aprobados). Detalle en evidencias/casos-locales.csv. Solo evidencia parcial local, sin flujo persistido.;"No ejecutada en navegador/BD de prueba; persistencia y segunda sesión pendientes.";cobertura parcial;"Prospecto usa empresa/contacto de texto libre y se promueve al ganar; falta buscar empresa existente, seleccionar contacto y alta contextual sin duplicar.";"E2E-34: Buscar una empresa existente, elegir su contacto y luego crear otra desde el mismo formulario; la nueva ficha queda disponible en Clientes y seleccionada, sin duplicar la empresa al cambiar contacto.";Entorno de prueba aislado, usuarios ficticios por rol, datos preparados y servicio correspondiente. Resolver la brecha documentada antes de aceptar el resultado integral.;
OBS-03;OBS;Comercial;Seguimiento del prospecto;Observaciones:7;"Crear prospecto no contactado con acción de llamada; registrar contacto y nueva acción; ambas situaciones quedan claras y el seguimiento pendiente se puede consultar.";Admin / vendedor / gerente según permiso;"/pipeline: Kanban, tarjeta y tabla; formulario de cotización aislado";Registrar si el prospecto ya fue contactado, última interacción, siguiente acción concreta, responsable y fecha de próximo seguimiento.;"pipeline; cotizacion_lineas; clientes; ordenes_produccion";"Etapas prospecto/contactado y alertas disponibles; faltan próxima acción de llamada/seguimiento editable y su consulta como agenda.";"src/modulos/pipeline/componentes/formulario-prospecto.tsx:22; src/modulos/pipeline/componentes/selector-etapa.tsx:24; src/modulos/pipeline/componentes/tarjeta-oportunidad.tsx:52";"unitarias/pipeline-alertas (9 casos aprobados); unitarias/pipeline-transiciones (9 casos aprobados). Detalle en evidencias/casos-locales.csv. Solo evidencia parcial local, sin flujo persistido.";"No ejecutada en navegador/BD de prueba; persistencia y segunda sesión pendientes.";cobertura parcial;"Etapas prospecto/contactado y alertas disponibles; faltan próxima acción de llamada/seguimiento editable y su consulta como agenda.";"E2E-34: Crear prospecto no contactado con acción de llamada; registrar contacto y nueva acción; ambas situaciones quedan claras y el seguimiento pendiente se puede consultar.";Entorno de prueba aislado, usuarios ficticios por rol, datos preparados y servicio correspondiente. Resolver la brecha documentada antes de aceptar el resultado integral.;
OBS-04;OBS;Comercial;Necesidad completa y varias solicitudes;Observaciones:8-10;"Crear dos solicitudes de distinta área en una oportunidad; conservar descripción y asignación técnica de cada una y los campos generales al guardar/reabrir.";Admin / vendedor / gerente según permiso;"/pipeline: Kanban, tarjeta y tabla; formulario de cotización aislado";La oportunidad describe qué necesita el cliente y permite varias solicitudes/partidas con cantidades, material, área, equipo o estación, procesos, condición interna y seguimiento.;"pipeline; cotizacion_lineas; clientes; ordenes_produccion";Tipos admiten líneas, pero formulario de cotización no tiene entrada desde oportunidad y carece de área/espesor/asignación y descripción general completa.;"src/modulos/pipeline/componentes/formulario-cotizacion.tsx:72; src/modulos/pipeline/componentes/tablero-kanban.tsx:34; src/modulos/pipeline/componentes/formulario-prospecto.tsx:22";unitarias/pipeline-totales (6 casos aprobados). Detalle en evidencias/casos-locales.csv. Solo evidencia parcial local, sin flujo persistido.;"No ejecutada en navegador/BD de prueba; persistencia y segunda sesión pendientes.";cobertura parcial;Tipos admiten líneas, pero formulario de cotización no tiene entrada desde oportunidad y carece de área/espesor/asignación y descripción general completa.;"E2E-34: Crear dos solicitudes de distinta área en una oportunidad; conservar descripción y asignación técnica de cada una y los campos generales al guardar/reabrir.";Entorno de prueba aislado, usuarios ficticios por rol, datos preparados y servicio correspondiente. Resolver la brecha documentada antes de aceptar el resultado integral.;
OBS-05;OBS;Comercial a taller;Distribución por estaciones y procesos;"Observaciones:11;55";"Una orden con corte y carpintería aparece en ambas colas con solo las actividades relevantes y permite volver a su detalle general; no duplica la venta ni la orden.";Operador PIN / gerente o admin con sesión administrativa;"/produccion: Kanban/panel/entrega; /produccion-piso: control asignado";"Al generar la orden, distribuir sus partidas a las áreas/subáreas/estaciones correspondientes con procesos ordenados; conservar un único vínculo al pedido original.";"partidas; programacion_areas; sesiones_trabajo; registros_avance_partida; notas_entrega";"Programación por recurso/secuencia existe; no se distribuyen ni muestran automáticamente actividades por estación al crear el pedido, ni se ve enlace al detalle global desde cada cola.";"supabase/migrations/20260911000003_auditoria_cobranza_pipeline.sql:487; src/modulos/planeacion/componentes/panel-asignacion-planeacion.tsx:182; src/modulos/produccion/servicios/tablero-produccion-servicio.ts:42; src/modulos/produccion/componentes/kanban-produccion.tsx:60";Sin caso local específico ejecutado para este requisito.;"No ejecutada en navegador/BD de prueba; persistencia y segunda sesión pendientes.";cobertura parcial;"Programación por recurso/secuencia existe; no se distribuyen ni muestran automáticamente actividades por estación al crear el pedido, ni se ve enlace al detalle global desde cada cola.";"E2E-35: Una orden con corte y carpintería aparece en ambas colas con solo las actividades relevantes y permite volver a su detalle general; no duplica la venta ni la orden.";"Entorno de prueba aislado, usuarios ficticios por rol, datos preparados y servicio correspondiente. Resolver D-13 para la variante indicada; no bloquea otras comprobaciones. Resolver la brecha documentada antes de aceptar el resultado integral.";D-13
OBS-06;OBS;Archivos;Planos múltiples utilizables en taller;Observaciones:12;"Adjuntar dos planos, abrir la orden desde taller, consultar ambos y descargar una copia legible; los cambios de archivo se identifican en el contexto de la orden.";"Administración / producción; cliente destinatario sin portal";"Orden de servicio sin entrada; entrega en /produccion; documentos en ficha cliente";Permitir de uno a varios adjuntos por solicitud/orden, visualización de formatos compatibles y descarga para los operadores asignados.;"notas_entrega; partidas_nota_entrega; archivos; configuración de empresa/plantillas";"Acción adjuntar existe sin UI de Pipeline; piso no muestra planos múltiples/versiones y descarga contextual de OP.";"src/modulos/pipeline/acciones/agregar-archivo-adjunto.ts:30; src/modulos/produccion/componentes/panel-operador-produccion.tsx:39; src/modulos/ordenes/componentes/control-piso-panel.tsx:42";Sin caso local específico ejecutado para este requisito.;"No ejecutada en navegador/BD de prueba; persistencia y segunda sesión pendientes.";cobertura parcial;"Acción adjuntar existe sin UI de Pipeline; piso no muestra planos múltiples/versiones y descarga contextual de OP.";"E2E-35: Adjuntar dos planos, abrir la orden desde taller, consultar ambos y descargar una copia legible; los cambios de archivo se identifican en el contexto de la orden.";"Entorno de prueba aislado, usuarios ficticios por rol, datos preparados y servicio correspondiente. Resolver D-14 para la variante indicada; no bloquea otras comprobaciones. Resolver la brecha documentada antes de aceptar el resultado integral.";D-14
OBS-07;OBS;Cotizaciones;Cotizaciones integradas al pipeline;"Observaciones:13;34";Desde oportunidad crear una cotización, abrir su calculadora, guardar y verla tanto en la oportunidad como en la sección Cotizaciones sin recapturar datos.;Responsable comercial / cotizador;"Calculadora técnica no localizada; formulario comercial aislado; /configuracion";Disponer de sección de cotizaciones vinculadas al pipeline y crear/editar desde modal en la misma ventana, manteniendo cliente, oportunidad y contexto.;"cotizacion_lineas; configuracion_sistema.tarifas_json; geometría no localizada";"Existe formulario y almacenamiento de líneas; faltan acceso contextual desde oportunidad, calculadora técnica y vista de cotizaciones conectada.";"src/modulos/pipeline/componentes/formulario-cotizacion.tsx:72; src/modulos/pipeline/componentes/tablero-kanban.tsx:34; src/modulos/pipeline/componentes/tabla-oportunidades.tsx:23";unitarias/pipeline-totales (6 casos aprobados). Detalle en evidencias/casos-locales.csv. Solo evidencia parcial local, sin flujo persistido.;"No ejecutada en navegador/BD de prueba; persistencia y segunda sesión pendientes.";cobertura parcial;"Existe formulario y almacenamiento de líneas; faltan acceso contextual desde oportunidad, calculadora técnica y vista de cotizaciones conectada.";E2E-34: Desde oportunidad crear una cotización, abrir su calculadora, guardar y verla tanto en la oportunidad como en la sección Cotizaciones sin recapturar datos.;"Entorno de prueba aislado, usuarios ficticios por rol, datos preparados y servicio correspondiente. Resolver D-12 para la variante indicada; no bloquea otras comprobaciones. Resolver la brecha documentada antes de aceptar el resultado integral.";D-12
OBS-08;OBS;Planeación y materiales;Desglose de lo solicitado;Observaciones:16-19;"Abrir una partida desde Planeación y reconocer pedido, material, cantidad, proceso actual, avance y pendientes; mostrar explícitamente datos aún por definir.";Admin / gerente con permiso de planeación;/planeacion: rango, tabla y panel de asignación;Cada trabajo programable explica qué se solicita, descripción, materiales requeridos y desglose del estado por partida/proceso.;"recursos_planeacion; capacidad; excepciones; programacion_areas; partidas";Planeación selecciona partida por etiqueta y recurso, pero tabla no muestra pedido/material/cantidad/proceso/avance/pendientes ni abre desglose completo.;"src/modulos/planeacion/componentes/panel-asignacion-planeacion.tsx:182; src/modulos/planeacion/componentes/calendario-planeacion.tsx:183";unitarias/planeacion-componentes (3 casos aprobados). Detalle en evidencias/casos-locales.csv. Solo evidencia parcial local, sin flujo persistido.;"No ejecutada en navegador/BD de prueba; persistencia y segunda sesión pendientes.";cobertura parcial;Planeación selecciona partida por etiqueta y recurso, pero tabla no muestra pedido/material/cantidad/proceso/avance/pendientes ni abre desglose completo.;"E2E-35: Abrir una partida desde Planeación y reconocer pedido, material, cantidad, proceso actual, avance y pendientes; mostrar explícitamente datos aún por definir.";"Entorno de prueba aislado, usuarios ficticios por rol, datos preparados y servicio correspondiente. Resolver D-15 para la variante indicada; no bloquea otras comprobaciones. Resolver la brecha documentada antes de aceptar el resultado integral.";D-15
OBS-09;OBS;Operadores;Asignación inequívoca del trabajo;"Observaciones:20-22;65-67";"Un operador de corte puede actuar sobre su actividad; otro sin asignación no puede apropiársela; ambos identifican claramente qué deben hacer y quién atiende los otros procesos.";Operador PIN / gerente o admin con sesión administrativa;"/produccion: Kanban/panel/entrega; /produccion-piso: control asignado";"Mostrar a cada operador sus trabajos y procesos, identificando centro, área, estación y responsable; contrastar identidad y asignación al iniciar o registrar avance.";"partidas; programacion_areas; sesiones_trabajo; registros_avance_partida; notas_entrega";"Piso se limita a partidas asignadas y SQL revalida operador; una sola asignación por partida no expresa cada responsable por proceso ni se ve el reparto completo.";"src/app/(piso)/produccion-piso/page.tsx:13; supabase/migrations/20260911000002_auditoria_ordenes_planeacion_produccion.sql:478; src/modulos/produccion/componentes/panel-operador-produccion.tsx:39";integracion/ordenes-acciones (5 casos aprobados). Detalle en evidencias/casos-locales.csv. Solo evidencia parcial local, sin flujo persistido.;"No ejecutada en navegador/BD de prueba; persistencia y segunda sesión pendientes.";cobertura parcial;"Piso se limita a partidas asignadas y SQL revalida operador; una sola asignación por partida no expresa cada responsable por proceso ni se ve el reparto completo.";"E2E-20, E2E-35: Un operador de corte puede actuar sobre su actividad; otro sin asignación no puede apropiársela; ambos identifican claramente qué deben hacer y quién atiende los otros procesos.";"Entorno de prueba aislado, usuarios ficticios por rol, datos preparados y servicio correspondiente. Resolver D-13 para la variante indicada; no bloquea otras comprobaciones. Resolver la brecha documentada antes de aceptar el resultado integral.";D-13
OBS-10;OBS;Producción;Parciales de producción y entrega;Observaciones:23;"Para meta 10, registrar 4 y luego 6 conserva el acumulado sin cerrar anticipadamente; si se activa entrega parcial, documentar 4 entregadas/6 pendientes independientemente del avance de fabricación.";Operador PIN / gerente o admin con sesión administrativa;"/produccion: Kanban/panel/entrega; /produccion-piso: control asignado";Soportar avances parciales acumulados por parte/proceso. Separar el concepto de entrega parcial al cliente y habilitarlo si esa es la acepción confirmada de la observación.;"partidas; programacion_areas; sesiones_trabajo; registros_avance_partida; notas_entrega";"Acumulado por partida y entregas independientes existen; no hay avance por proceso previo a la última secuencia ni documento imprimible de entrega parcial. Caso 4+6 pendiente en BD de prueba.";"supabase/migrations/20260911000002_auditoria_ordenes_planeacion_produccion.sql:674; src/modulos/produccion/servicios/tablero-produccion-servicio.ts:42; src/modulos/produccion/componentes/formulario-nota-entrega.tsx:26";"unitarias/ordenes-avance (2 casos aprobados); integracion/produccion-sesiones (6 casos aprobados). Detalle en evidencias/casos-locales.csv. Solo evidencia parcial local, sin flujo persistido.";"No ejecutada en navegador/BD de prueba; persistencia y segunda sesión pendientes.";cobertura parcial;"Acumulado por partida y entregas independientes existen; no hay avance por proceso previo a la última secuencia ni documento imprimible de entrega parcial. Caso 4+6 pendiente en BD de prueba.";"E2E-37: Para meta 10, registrar 4 y luego 6 conserva el acumulado sin cerrar anticipadamente; si se activa entrega parcial, documentar 4 entregadas/6 pendientes independientemente del avance de fabricación.";"Entorno de prueba aislado, usuarios ficticios por rol, datos preparados y servicio correspondiente. Resolver D-05 para la variante indicada; no bloquea otras comprobaciones. Resolver la brecha documentada antes de aceptar el resultado integral.";D-05
OBS-11;OBS;Clientes;Historial comercial y operativo navegable;"Observaciones:25-27;33";"Abrir cliente, entrar a una cotización histórica y su orden; guardar una nota de sesión y comprobar que se consulta en el historial sin volver a escribirla.";Admin / vendedor con permiso ver_clientes;/clientes: listado, modal alta/edición, ficha;"La ficha del cliente reúne cotizaciones anteriores, órdenes, entregas y notas generadas por operadores, con enlaces a sus registros originales; las notas aparecen automáticamente vinculadas.";"clientes; documentos_cliente; CxC para consumo y crédito";"Ficha cliente contiene placeholder de historial; notas de sesión no se agregan a una cadena navegable cliente→cotización→orden.";"src/modulos/clientes/componentes/ficha-cliente.tsx:112; src/modulos/produccion/componentes/operacion-produccion.tsx:27; src/modulos/produccion/servicios/tablero-produccion-servicio.ts:42";Sin caso local específico ejecutado para este requisito.;"No ejecutada en navegador/BD de prueba; persistencia y segunda sesión pendientes.";no cubierta en el alcance revisado;"Ficha cliente contiene placeholder de historial; notas de sesión no se agregan a una cadena navegable cliente→cotización→orden.";"E2E-36: Abrir cliente, entrar a una cotización histórica y su orden; guardar una nota de sesión y comprobar que se consulta en el historial sin volver a escribirla.";"Entorno de prueba aislado, usuarios ficticios por rol, datos preparados y servicio correspondiente. Resolver D-14 para la variante indicada; no bloquea otras comprobaciones. Resolver la brecha documentada antes de aceptar el resultado integral.";D-14
OBS-12;OBS;Inventario;Descuento automático de existencias;Observaciones:28-29;"Con stock 100 y consumo real 12, finalizar deja 88 y un movimiento trazable; repetir confirmación no vuelve a descontar; si ya se consumieron 5, al final se descuentan solo los 7 restantes. Esto es requisito adicional al ZIP.";Operador PIN / gerente o admin con sesión administrativa;"/produccion: Kanban/panel/entrega; /produccion-piso: control asignado";"Al confirmar finalización de producción, registrar consumo de material asociado a orden/partida y actualizar existencias; tratar reservas, consumos previos y parciales sin descontar dos veces.";"partidas; programacion_areas; sesiones_trabajo; registros_avance_partida; notas_entrega";"Consumo explícito descuenta existencias mediante acción propia; cierre de sesión no ajusta automáticamente consumo real restante ni registra material/merma al final.";"src/modulos/ordenes/acciones/registrar-consumo.ts:22; src/modulos/ordenes/componentes/control-piso-panel.tsx:42; supabase/migrations/20260911000002_auditoria_ordenes_planeacion_produccion.sql:547";"unitarias/ordenes-calculos (21 casos aprobados); unitarias/ordenes-servicio (7 casos aprobados). Detalle en evidencias/casos-locales.csv. Solo evidencia parcial local, sin flujo persistido.";"No ejecutada en navegador/BD de prueba; persistencia y segunda sesión pendientes.";cobertura parcial;"Consumo explícito descuenta existencias mediante acción propia; cierre de sesión no ajusta automáticamente consumo real restante ni registra material/merma al final.";"E2E-38: Con stock 100 y consumo real 12, finalizar deja 88 y un movimiento trazable; repetir confirmación no vuelve a descontar; si ya se consumieron 5, al final se descuentan solo los 7 restantes. Esto es requisito adicional al ZIP.";"Entorno de prueba aislado, usuarios ficticios por rol, datos preparados y servicio correspondiente. Resolver D-10 para la variante indicada; no bloquea otras comprobaciones. Resolver la brecha documentada antes de aceptar el resultado integral.";D-10
OBS-13;OBS;Entregas;Conformidad fiel al pedido;"Observaciones:31-32;75";"Con pedido de dos partidas, la conformidad muestra ambas y sus cantidades; imprimir/guardar permite recuperar el documento; las diferencias y pendientes de una entrega parcial se distinguen.";"Administración / producción; cliente destinatario sin portal";"Orden de servicio sin entrada; entrega en /produccion; documentos en ficha cliente";Generar nota/conformidad imprimible y descargable que refleje exactamente lo solicitado y lo efectivamente entregado, incluyendo cliente, orden, conceptos, cantidades y responsable.;"notas_entrega; partidas_nota_entrega; archivos; configuración de empresa/plantillas";"Nota de entrega registra partidas y cantidades; falta conformidad imprimible/recuperable con descripción fiel al pedido y diferencia entregado/pendiente.";"src/modulos/produccion/componentes/formulario-nota-entrega.tsx:26; src/modulos/produccion/servicios/entrega-servicio.ts:6; src/modulos/produccion/componentes/operacion-produccion.tsx:27";integracion/produccion-sesiones (6 casos aprobados). Detalle en evidencias/casos-locales.csv. Solo evidencia parcial local, sin flujo persistido.;"No ejecutada en navegador/BD de prueba; persistencia y segunda sesión pendientes.";cobertura parcial;"Nota de entrega registra partidas y cantidades; falta conformidad imprimible/recuperable con descripción fiel al pedido y diferencia entregado/pendiente.";"E2E-23, E2E-37: Con pedido de dos partidas, la conformidad muestra ambas y sus cantidades; imprimir/guardar permite recuperar el documento; las diferencias y pendientes de una entrega parcial se distinguen.";"Entorno de prueba aislado, usuarios ficticios por rol, datos preparados y servicio correspondiente. Resolver D-05,D-14 para la variante indicada; no bloquea otras comprobaciones. Resolver la brecha documentada antes de aceptar el resultado integral.";D-05,D-14
OBS-14;OBS;Configuración de taller;Áreas, subáreas y procesos configurables;"Observaciones:35-52;55;103";Crear/editar áreas y subáreas y comprobar que se ofrecen en Comercial, Planeación y Producción. La clasificación subárea/proceso/estación debe acordarse sin perder los nombres ni crear duplicados semánticos.;Admin o permiso configuracion;/configuracion: Empresa, Tarifas/TC, Áreas, Cuentas, Plantillas;"Configurar Metal mecánica: Corte láser, Press Brake, Soldadura, Ensamblado y pintura; Fabricación digital: CNC Router, Láser CO2, Grabado, Impresiones, Escaneo, Carpintería; Acabados: Preparado; Externo. Permitir varias operaciones y extensión del catálogo.";"configuracion_sistema; areas_trabajo; cuentas_bancarias; catálogos constantes";Áreas configurables no incluyen jerarquía/procesos y no alimentan todas las listas objetivo. Registrar propuesta explícita de Metal mecánica/Fabricación digital/Acabados/Externo sin darla por aprobada.;"src/modulos/configuracion/componentes/pestana-areas-trabajo.tsx:20; src/modulos/planeacion/tipos/planeacion.ts:5; src/modulos/pipeline/componentes/formulario-cotizacion.tsx:72";integracion/configuracion-acciones (5 casos aprobados). Detalle en evidencias/casos-locales.csv. Solo evidencia parcial local, sin flujo persistido.;"No ejecutada en navegador/BD de prueba; persistencia y segunda sesión pendientes.";cobertura parcial;Áreas configurables no incluyen jerarquía/procesos y no alimentan todas las listas objetivo. Registrar propuesta explícita de Metal mecánica/Fabricación digital/Acabados/Externo sin darla por aprobada.;E2E-31: Crear/editar áreas y subáreas y comprobar que se ofrecen en Comercial, Planeación y Producción. La clasificación subárea/proceso/estación debe acordarse sin perder los nombres ni crear duplicados semánticos.;"Entorno de prueba aislado, usuarios ficticios por rol, datos preparados y servicio correspondiente. Resolver D-13 para la variante indicada; no bloquea otras comprobaciones. Resolver la brecha documentada antes de aceptar el resultado integral.";D-13
OBS-15;OBS;Órdenes;Origen comercial y tablero de órdenes;"Observaciones:56;59-60";"Aprobar oportunidad produce una OP y la muestra en el tablero; no se ofrece alta productiva ordinaria desconectada de Comercial; una orden interna queda señalizada y sin venta. El ingreso histórico requiere decisión explícita como excepción de migración.";Admin / responsable de producción;/ordenes: alta manual, tabla, partidas, cambio de estado, comentarios;"La creación ordinaria de OP nace en Comercial, con indicador interna/comercial. Órdenes se centra en tablero, detalles, acceso al proceso y seguimiento; la repetición también regresa a Comercial.";"ordenes_produccion; partidas_orden_produccion; pipeline; programacion_areas";Aprobar oportunidad genera OP, pero /ordenes mantiene alta manual ordinaria y no existe marca TI sin venta. La excepción histórica queda pendiente y separada.;"supabase/migrations/20260911000003_auditoria_cobranza_pipeline.sql:487; src/app/(privado)/ordenes/page.tsx:62; src/modulos/ordenes/componentes/formulario-orden.tsx:136";unitarias/pipeline-marcar-ganada-orden (3 casos aprobados). Detalle en evidencias/casos-locales.csv. Solo evidencia parcial local, sin flujo persistido.;"No ejecutada en navegador/BD de prueba; persistencia y segunda sesión pendientes.";cobertura parcial;Aprobar oportunidad genera OP, pero /ordenes mantiene alta manual ordinaria y no existe marca TI sin venta. La excepción histórica queda pendiente y separada.;"E2E-36: Aprobar oportunidad produce una OP y la muestra en el tablero; no se ofrece alta productiva ordinaria desconectada de Comercial; una orden interna queda señalizada y sin venta. El ingreso histórico requiere decisión explícita como excepción de migración.";"Entorno de prueba aislado, usuarios ficticios por rol, datos preparados y servicio correspondiente. Resolver D-01 para la variante indicada; no bloquea otras comprobaciones. Resolver la brecha documentada antes de aceptar el resultado integral.";D-01
OBS-16;OBS;Órdenes;Acciones y estados consistentes;Observaciones:57-58;"Programar, iniciar, pausar y reanudar una orden cambia su pertenencia a filtros; cancelar conserva motivo/historial y la retira de activos; completar exige regla de finalización y no equivale a cancelar.";Admin / responsable de producción;/ordenes: alta manual, tabla, partidas, cambio de estado, comentarios;"Pausar, reanudar, completar y cancelar producen sus efectos reales, están agrupadas en menú contextual y actualizan filtros/conteos; Programada y En proceso tienen etiquetas distintas.";"ordenes_produccion; partidas_orden_produccion; pipeline; programacion_areas";"Transiciones con cancelación motivada y condición de completar existen; Programada sin agenda y pausa de OP versus sesión requieren consistencia de filtros/efectos entre entradas.";"src/modulos/ordenes/componentes/tabla-ordenes.tsx:188; supabase/migrations/20260911000002_auditoria_ordenes_planeacion_produccion.sql:26; supabase/migrations/20260911000002_auditoria_ordenes_planeacion_produccion.sql:547; src/modulos/produccion/servicios/tablero-produccion-servicio.ts:42";"unitarias/ordenes-transiciones (11 casos aprobados); integracion/ordenes-acciones (5 casos aprobados). Detalle en evidencias/casos-locales.csv. Solo evidencia parcial local, sin flujo persistido.";"No ejecutada en navegador/BD de prueba; persistencia y segunda sesión pendientes.";cobertura parcial;"Transiciones con cancelación motivada y condición de completar existen; Programada sin agenda y pausa de OP versus sesión requieren consistencia de filtros/efectos entre entradas.";"E2E-36: Programar, iniciar, pausar y reanudar una orden cambia su pertenencia a filtros; cancelar conserva motivo/historial y la retira de activos; completar exige regla de finalización y no equivale a cancelar.";"Entorno de prueba aislado, usuarios ficticios por rol, datos preparados y servicio correspondiente. Resolver D-03,D-06 para la variante indicada; no bloquea otras comprobaciones. Resolver la brecha documentada antes de aceptar el resultado integral.";D-03,D-06
OBS-17;OBS;Órdenes;Comentarios por orden;Observaciones:60;"Añadir comentario a una orden y recuperarlo al abrirla desde Comercial, Órdenes y Producción según permisos; otra orden no recibe ese comentario.";Admin / responsable de producción;/ordenes: alta manual, tabla, partidas, cambio de estado, comentarios;"Cada detalle de orden dispone de comentarios con autor, fecha y contexto; se conserva relación con cliente y proceso sin confundir comentario libre con avance o entrega.";"ordenes_produccion; partidas_orden_produccion; pipeline; programacion_areas";"Comentarios por entidad funcionan como contratos/acciones simuladas; Pipeline usa entidad cotizacion y Órdenes usa orden. Producción no monta hilo de orden ni existe acceso transversal al mismo comentario.";"src/modulos/comentarios/componentes/hilo-comentarios.tsx:54; src/modulos/pipeline/componentes/tarjeta-oportunidad.tsx:52; src/modulos/ordenes/componentes/tabla-ordenes.tsx:188; src/modulos/produccion/componentes/operacion-produccion.tsx:27";integracion/comentarios-acciones (6 casos aprobados). Detalle en evidencias/casos-locales.csv. Solo evidencia parcial local, sin flujo persistido.;"No ejecutada en navegador/BD de prueba; persistencia y segunda sesión pendientes.";cobertura parcial;"Comentarios por entidad funcionan como contratos/acciones simuladas; Pipeline usa entidad cotizacion y Órdenes usa orden. Producción no monta hilo de orden ni existe acceso transversal al mismo comentario.";"E2E-36: Añadir comentario a una orden y recuperarlo al abrirla desde Comercial, Órdenes y Producción según permisos; otra orden no recibe ese comentario.";"Entorno de prueba aislado, usuarios ficticios por rol, datos preparados y servicio correspondiente. Resolver D-14 para la variante indicada; no bloquea otras comprobaciones. Resolver la brecha documentada antes de aceptar el resultado integral.";D-14
OBS-18;OBS;Planeación;Programar partida comprensible;Observaciones:62-63;"Una persona programa sin introducir IDs internos y ve resumen previo y resultado en calendario. Se adopta como propuesta explicar la acción; eliminar definitivamente el formulario es alternativa indicada por el usuario, no una orden simultánea.";Admin / gerente con permiso de planeación;/planeacion: rango, tabla y panel de asignación;Conservar la operación de programar pero convertirla en acción contextual desde la partida, con descripción de qué se programa, recurso, horario, duración y resultado, o sustituir el formulario por calendario equivalente.;"recursos_planeacion; capacidad; excepciones; programacion_areas; partidas";"Formulario usa etiquetas de partida y recurso sin exigir UUID; falta resumen comprensible del pedido/resultado y acceso contextual en calendario. Se propone explicarlo, no eliminar capacidad.";"src/modulos/planeacion/componentes/panel-asignacion-planeacion.tsx:182; src/modulos/planeacion/componentes/calendario-planeacion.tsx:183";unitarias/planeacion-componentes (3 casos aprobados). Detalle en evidencias/casos-locales.csv. Solo evidencia parcial local, sin flujo persistido.;"No ejecutada en navegador/BD de prueba; persistencia y segunda sesión pendientes.";cobertura parcial;"Formulario usa etiquetas de partida y recurso sin exigir UUID; falta resumen comprensible del pedido/resultado y acceso contextual en calendario. Se propone explicarlo, no eliminar capacidad.";"E2E-35: Una persona programa sin introducir IDs internos y ve resumen previo y resultado en calendario. Se adopta como propuesta explicar la acción; eliminar definitivamente el formulario es alternativa indicada por el usuario, no una orden simultánea.";"Entorno de prueba aislado, usuarios ficticios por rol, datos preparados y servicio correspondiente. Resolver D-15 para la variante indicada; no bloquea otras comprobaciones. Resolver la brecha documentada antes de aceptar el resultado integral.";D-15
OBS-19;OBS;Agenda;Horario, capacidad y sobrecarga;Observaciones:68-70;"Asignar 5 h y 3 h deja 0 h; intentar otra hora se bloquea sin guardar; proponer siguiente día hábil con hueco y confirmar deja la orden allí. No mantener Asignar de todas formas como vía ordinaria.";Admin / gerente con permiso de planeación;/planeacion: rango, tabla y panel de asignación;"Programar varios trabajos con horas específicas y arrastre; capacidad ordinaria de ocho horas por día, descuento de duración y bloqueo cuando no cabe; ofrecer siguiente día con capacidad comprobada.";"recursos_planeacion; capacidad; excepciones; programacion_areas; partidas";"SQL bloquea sobrecarga por recurso/fecha/turno; falta horario específico por operador, comprobación conjunta y propuesta automática de siguiente día hábil con hueco.";"supabase/migrations/20260911000002_auditoria_ordenes_planeacion_produccion.sql:232; supabase/migrations/20260911000002_auditoria_ordenes_planeacion_produccion.sql:364; src/modulos/planeacion/componentes/panel-asignacion-planeacion.tsx:182; src/modulos/planeacion/componentes/calendario-planeacion.tsx:183";"unitarias/planeacion-capacidad (9 casos aprobados); unitarias/planeacion-acciones (7 casos aprobados). Detalle en evidencias/casos-locales.csv. Solo evidencia parcial local, sin flujo persistido.";"No ejecutada en navegador/BD de prueba; persistencia y segunda sesión pendientes.";cobertura parcial;"SQL bloquea sobrecarga por recurso/fecha/turno; falta horario específico por operador, comprobación conjunta y propuesta automática de siguiente día hábil con hueco.";"E2E-22: Asignar 5 h y 3 h deja 0 h; intentar otra hora se bloquea sin guardar; proponer siguiente día hábil con hueco y confirmar deja la orden allí. No mantener Asignar de todas formas como vía ordinaria.";"Entorno de prueba aislado, usuarios ficticios por rol, datos preparados y servicio correspondiente. Resolver D-02 para la variante indicada; no bloquea otras comprobaciones. Resolver la brecha documentada antes de aceptar el resultado integral.";D-02
OBS-20;OBS;Producción;Área como filtro principal y flujo completo;Observaciones:72-74;"Una orden multiárea se encuentra por cada área; cerrar una sesión incompleta no la entrega; el cierre completo habilita entrega y descarga de conformidad.";Operador PIN / gerente o admin con sesión administrativa;"/produccion: Kanban/panel/entrega; /produccion-piso: control asignado";"Priorizar filtro por área manteniendo estado como información; Aprobado → Bandeja → Iniciar → En proceso → Cerrar sesión → Lista → Entrega, con pausas y parciales cuando correspondan.";"partidas; programacion_areas; sesiones_trabajo; registros_avance_partida; notas_entrega";"Fin de sesión y entrega son hechos separados, pero falta filtro de área visible en Producción y conformidad descargable; actividad multicentro necesita pruebas por cada proceso.";"src/modulos/produccion/componentes/kanban-produccion.tsx:60; supabase/migrations/20260911000002_auditoria_ordenes_planeacion_produccion.sql:674; src/modulos/produccion/componentes/formulario-nota-entrega.tsx:26";integracion/produccion-sesiones (6 casos aprobados). Detalle en evidencias/casos-locales.csv. Solo evidencia parcial local, sin flujo persistido.;"No ejecutada en navegador/BD de prueba; persistencia y segunda sesión pendientes.";cobertura parcial;"Fin de sesión y entrega son hechos separados, pero falta filtro de área visible en Producción y conformidad descargable; actividad multicentro necesita pruebas por cada proceso.";"E2E-35: Una orden multiárea se encuentra por cada área; cerrar una sesión incompleta no la entrega; el cierre completo habilita entrega y descarga de conformidad.";"Entorno de prueba aislado, usuarios ficticios por rol, datos preparados y servicio correspondiente. Resolver D-05,D-13 para la variante indicada; no bloquea otras comprobaciones. Resolver la brecha documentada antes de aceptar el resultado integral.";D-05,D-13
OBS-21;OBS;Producción y archivo;Retirar terminadas del trabajo activo;Observaciones:75;Entregar una orden deja el tablero operativo libre y permite recuperar pedido, sesiones, documentos y cuenta por cobrar desde historial. Interpretar quitar como archivar, no destruir evidencia.;Operador PIN / gerente o admin con sesión administrativa;"/produccion: Kanban/panel/entrega; /produccion-piso: control asignado";Después de completar/entregar según el punto de archivo acordado, retirar de la cola de trabajo activa y conservar consulta histórica y conformidad descargable.;"partidas; programacion_areas; sesiones_trabajo; registros_avance_partida; notas_entrega";Entregada se deriva conservando notas, pero el Kanban incluye columna Entregada y no se encontró archivo automático ni historial navegable completo.;"src/modulos/produccion/componentes/kanban-produccion.tsx:60; src/modulos/produccion/servicios/tablero-produccion-servicio.ts:42; src/modulos/clientes/componentes/ficha-cliente.tsx:112";unitarias/produccion-tablero (2 casos aprobados). Detalle en evidencias/casos-locales.csv. Solo evidencia parcial local, sin flujo persistido.;"No ejecutada en navegador/BD de prueba; persistencia y segunda sesión pendientes.";cobertura parcial;Entregada se deriva conservando notas, pero el Kanban incluye columna Entregada y no se encontró archivo automático ni historial navegable completo.;E2E-23: Entregar una orden deja el tablero operativo libre y permite recuperar pedido, sesiones, documentos y cuenta por cobrar desde historial. Interpretar quitar como archivar, no destruir evidencia.;"Entorno de prueba aislado, usuarios ficticios por rol, datos preparados y servicio correspondiente. Resolver D-06 para la variante indicada; no bloquea otras comprobaciones. Resolver la brecha documentada antes de aceptar el resultado integral.";D-06
OBS-22;OBS;Cobranza;Visibilidad financiera desde aprobación;Observaciones:77-78;"Aprobar una cotización muestra un registro en Cobranza con su estado financiero correcto; distinguir borrador visible de saldo ya exigible conforme al momento de activación acordado.";Admin / contador con permisos financieros;"/cobranza: listado, modal cobro/saldo, recibo; alta solo en servidor";"La aprobación comercial crea o hace visible la orden y su registro financiero asociado inmediatamente; se puede entrar a su detalle sin duplicados.";"cuentas_por_cobrar; pagos_ar; movimientos_saldo_favor; clientes; OP";No se genera CxC al aprobar. Cobranza exige OP completada para alta manual, por lo que tampoco hay borrador financiero visible temprano.;"supabase/migrations/20260911000003_auditoria_cobranza_pipeline.sql:487; src/modulos/cobranza/acciones/abrir-cuenta-por-cobrar.ts:16; src/modulos/cobranza/componentes/operacion-cobranza.tsx:54";integracion/cobranza-acciones (6 casos aprobados). Detalle en evidencias/casos-locales.csv. Solo evidencia parcial local, sin flujo persistido.;"No ejecutada en navegador/BD de prueba; persistencia y segunda sesión pendientes.";no cubierta en el alcance revisado;No se genera CxC al aprobar. Cobranza exige OP completada para alta manual, por lo que tampoco hay borrador financiero visible temprano.;"E2E-39: Aprobar una cotización muestra un registro en Cobranza con su estado financiero correcto; distinguir borrador visible de saldo ya exigible conforme al momento de activación acordado.";"Entorno de prueba aislado, usuarios ficticios por rol, datos preparados y servicio correspondiente. Resolver D-04 para la variante indicada; no bloquea otras comprobaciones. Resolver la brecha documentada antes de aceptar el resultado integral.";D-04
OBS-23;OBS;Cobranza;Moneda de cobro y tipo de cambio;"Observaciones:79;85-87";"Un pago de USD 100 a TC 17.50 muestra MXN 1750; cambiar a MXN interpreta el monto como pesos y usa TC 1; si se ofrece convertir un monto existente, USD→MXN multiplica y MXN→USD divide, con confirmación del importe resultante.";Admin / contador con permisos financieros;"/cobranza: listado, modal cobro/saldo, recibo; alta solo en servidor";"En MXN el TC queda en 1 y bloqueado; en USD se captura TC positivo en MXN por USD y se presenta la multiplicación, moneda original y equivalente aplicado.";"cuentas_por_cobrar; pagos_ar; movimientos_saldo_favor; clientes; OP";"Conversion de pago/AR usa TC historico y esquema MXN=1; selector de moneda no reajusta automaticamente TC ni muestra equivalente. El caso USD100 x17.50=MXN1750 queda como siguiente prueba integral; las pruebas locales usan otros importes ficticios.";"src/modulos/cobranza/componentes/modal-registrar-pago.tsx:18; src/modulos/cobranza/servicios/aging-servicio.ts:23; src/modulos/cobranza/servicios/cobranza-servicio.ts:40";"unitarias/cobranza-aging (13 casos aprobados); unitarias/cobranza-esquemas (16 casos aprobados). Detalle en evidencias/casos-locales.csv. Solo evidencia parcial local, sin flujo persistido.";"No ejecutada en navegador/BD de prueba; persistencia y segunda sesión pendientes.";cobertura parcial;"Conversion de pago/AR usa TC historico y esquema MXN=1; selector de moneda no reajusta automaticamente TC ni muestra equivalente. El caso USD100 x17.50=MXN1750 queda como siguiente prueba integral; las pruebas locales usan otros importes ficticios.";"E2E-39: Un pago de USD 100 a TC 17.50 muestra MXN 1750; cambiar a MXN interpreta el monto como pesos y usa TC 1; si se ofrece convertir un monto existente, USD→MXN multiplica y MXN→USD divide, con confirmación del importe resultante.";"Entorno de prueba aislado, usuarios ficticios por rol, datos preparados y servicio correspondiente. Resolver D-07 para la variante indicada; no bloquea otras comprobaciones. Resolver la brecha documentada antes de aceptar el resultado integral.";D-07
OBS-24;OBS;Cuentas;Cuenta destino/origen y referencias;"Observaciones:80-84;95";"Cobrar 1000 en Cuenta A y pagar gasto 300 desde A produce flujo registrado neto +700 en A; Cuenta B no cambia; retirar cuenta del uso futuro conserva la lectura del historial.";Admin / contador con permisos financieros;"/cobranza: listado, modal cobro/saldo, recibo; alta solo en servidor";"Seleccionar cuenta en cobros y cuenta de salida en gastos; exponer catálogo en Configuración y reflejar movimientos en dashboard. Quitar referencia bancaria del formulario ordinario; preservar datos históricos y no confundir referencia con cuenta.";"cuentas_por_cobrar; pagos_ar; movimientos_saldo_favor; clientes; OP";"Catálogo de cuentas existe y pago admite cuentaBancariaId en servidor, sin selector UI; gastos no tiene cuenta origen. Referencia bancaria sigue visible. No hay flujo neto por cuenta que concilie +1000−300 sin afectar B.";"src/modulos/configuracion/componentes/pestana-cuentas-bancarias.tsx:20; src/modulos/cobranza/componentes/modal-registrar-pago.tsx:18; src/modulos/gastos/componentes/modal-registrar-gasto.tsx:17";Sin caso local específico ejecutado para este requisito.;"No ejecutada en navegador/BD de prueba; persistencia y segunda sesión pendientes.";no cubierta en el alcance revisado;"Catálogo de cuentas existe y pago admite cuentaBancariaId en servidor, sin selector UI; gastos no tiene cuenta origen. Referencia bancaria sigue visible. No hay flujo neto por cuenta que concilie +1000−300 sin afectar B.";"E2E-28: Cobrar 1000 en Cuenta A y pagar gasto 300 desde A produce flujo registrado neto +700 en A; Cuenta B no cambia; retirar cuenta del uso futuro conserva la lectura del historial.";"Entorno de prueba aislado, usuarios ficticios por rol, datos preparados y servicio correspondiente. Resolver D-08 para la variante indicada; no bloquea otras comprobaciones. Resolver la brecha documentada antes de aceptar el resultado integral.";D-08
OBS-25;OBS;Clientes y Cobranza;Saldo a favor visible y aplicable;Observaciones:88;"Cobrar 1200 sobre deuda 1000 deja deuda 0 y crédito 200; aplicar 150 a otra deuda deja crédito 50, disminuye esa deuda 150 y no altera otra vez las cuentas de caja/banco.";Admin / contador con permisos financieros;"/cobranza: listado, modal cobro/saldo, recibo; alta solo en servidor";"Mostrar saldo a favor en ficha del cliente y nueva columna en Cobranza, con origen y aplicaciones; si se utiliza para pagar otra orden, no registrarlo de nuevo como ingreso bancario.";"cuentas_por_cobrar; pagos_ar; movimientos_saldo_favor; clientes; OP";"Monedero se ve en ficha de cliente y modal de cobro y puede aplicarse; falta historial accesible de origen/aplicaciones y conciliación persistida del caso 1200/1000/150 sin segundo movimiento bancario.";"src/modulos/cobranza/acciones/aplicar-saldo-favor.ts:15; src/modulos/cobranza/servicios/cobranza-servicio.ts:40; src/modulos/cobranza/componentes/operacion-cobranza.tsx:54; src/modulos/clientes/componentes/alerta-credito.tsx:14";integracion/cobranza-acciones (6 casos aprobados). Detalle en evidencias/casos-locales.csv. Solo evidencia parcial local, sin flujo persistido.;"No ejecutada en navegador/BD de prueba; persistencia y segunda sesión pendientes.";cobertura parcial;"Monedero se ve en ficha de cliente y modal de cobro y puede aplicarse; falta historial accesible de origen/aplicaciones y conciliación persistida del caso 1200/1000/150 sin segundo movimiento bancario.";"E2E-40: Cobrar 1200 sobre deuda 1000 deja deuda 0 y crédito 200; aplicar 150 a otra deuda deja crédito 50, disminuye esa deuda 150 y no altera otra vez las cuentas de caja/banco.";"Entorno de prueba aislado, usuarios ficticios por rol, datos preparados y servicio correspondiente. Resolver D-09 para la variante indicada; no bloquea otras comprobaciones. Resolver la brecha documentada antes de aceptar el resultado integral.";D-09
OBS-26;OBS;Documentos de cobro;Proforma o comprobante de cobro;Observaciones:89-90;"Registrar pago parcial de 400 sobre 1000 y obtener documento con total 1000, abonado 400 y pendiente 600; reabrir el documento conserva esos datos y su vínculo con la operación.";Admin / contador con permisos financieros;"/cobranza: listado, modal cobro/saldo, recibo; alta solo en servidor";"Generar documento imprimible/descargable con datos del cliente, órdenes, total, importe abonado, saldo, fecha, moneda/TC y cuenta/método aplicable; precisar si se denomina proforma o recibo según momento.";"cuentas_por_cobrar; pagos_ar; movimientos_saldo_favor; clientes; OP";"Recibo imprime folio/cliente/método/abono/saldo, pero omite total y acumulado; vive en estado local y no tiene recuperación/reimpresión tras recargar. Falta documento histórico reproducible.";"src/modulos/cobranza/componentes/recibo-pago-vista.tsx:5; src/modulos/cobranza/componentes/modal-registrar-pago.tsx:18; src/modulos/cobranza/servicios/cobranza-servicio.ts:40";integracion/cobranza-acciones (6 casos aprobados). Detalle en evidencias/casos-locales.csv. Solo evidencia parcial local, sin flujo persistido.;"No ejecutada en navegador/BD de prueba; persistencia y segunda sesión pendientes.";cobertura parcial;"Recibo imprime folio/cliente/método/abono/saldo, pero omite total y acumulado; vive en estado local y no tiene recuperación/reimpresión tras recargar. Falta documento histórico reproducible.";"E2E-40: Registrar pago parcial de 400 sobre 1000 y obtener documento con total 1000, abonado 400 y pendiente 600; reabrir el documento conserva esos datos y su vínculo con la operación.";"Entorno de prueba aislado, usuarios ficticios por rol, datos preparados y servicio correspondiente. Resolver D-14 para la variante indicada; no bloquea otras comprobaciones. Resolver la brecha documentada antes de aceptar el resultado integral.";D-14
OBS-27;OBS;Estado de cuenta;Consolidado imprimible y compartible;Observaciones:91-92;"Un cliente con cinco órdenes recibe en la previsualización exactamente esas cinco, sus saldos individuales y total conciliado; generar el archivo no significa que se haya enviado. Envío real solo tras acción autorizada del usuario.";Admin / contador con permisos financieros;"/cobranza: listado, modal cobro/saldo, recibo; alta solo en servidor";"Generar por cliente un estado de cuenta de múltiples órdenes con importes, pagos, saldos, vencimientos y días de atraso; permitir descargar/imprimir y preparar envío al destinatario elegido.";"cuentas_por_cobrar; pagos_ar; movimientos_saldo_favor; clientes; OP";No se encontró consolidado imprimible/compartible de cinco órdenes del mismo cliente. No se debe confundir generación documental con envío autorizado.;"src/modulos/cobranza/componentes/operacion-cobranza.tsx:54; src/modulos/cobranza/componentes/recibo-pago-vista.tsx:5; src/modulos/clientes/componentes/ficha-cliente.tsx:112";Sin caso local específico ejecutado para este requisito.;"No ejecutada en navegador/BD de prueba; persistencia y segunda sesión pendientes.";no cubierta en el alcance revisado;No se encontró consolidado imprimible/compartible de cinco órdenes del mismo cliente. No se debe confundir generación documental con envío autorizado.;"E2E-27: Un cliente con cinco órdenes recibe en la previsualización exactamente esas cinco, sus saldos individuales y total conciliado; generar el archivo no significa que se haya enviado. Envío real solo tras acción autorizada del usuario.";"Entorno de prueba aislado, usuarios ficticios por rol, datos preparados y servicio correspondiente. Resolver D-14 para la variante indicada; no bloquea otras comprobaciones. Resolver la brecha documentada antes de aceptar el resultado integral.";D-14
OBS-28;OBS;Gastos;Gasto con cuenta y selección de orden;"Observaciones:83;94-96";Registrar un gasto ligado a una OP y otro general, elegir cuenta en ambos, y comprobar asociación, saldo/flujo y desglose posterior sin introducir manualmente un ID de orden.;Admin / contador con permisos financieros;/gastos: filtros, alta/OCR, tabla, estado y rentabilidad;"El formulario de gasto muestra cuenta de salida y selector de órdenes con folio/cliente/descripción; conserva opción sin orden para gasto general y se refleja en el flujo de cuentas.";"gastos; proveedores; OP; consumos; sesiones y tarifas históricas";"Gasto admite OP opcional, pero exige UUID manual y no cuenta origen; faltan selección comprensible y conciliación del flujo por cuenta.";"src/modulos/gastos/componentes/modal-registrar-gasto.tsx:17; src/modulos/gastos/servicios/gastos-servicio.ts:62; src/modulos/configuracion/componentes/pestana-cuentas-bancarias.tsx:20";integracion/gastos-acciones (6 casos aprobados). Detalle en evidencias/casos-locales.csv. Solo evidencia parcial local, sin flujo persistido.;"No ejecutada en navegador/BD de prueba; persistencia y segunda sesión pendientes.";cobertura parcial;"Gasto admite OP opcional, pero exige UUID manual y no cuenta origen; faltan selección comprensible y conciliación del flujo por cuenta.";E2E-28: Registrar un gasto ligado a una OP y otro general, elegir cuenta en ambos, y comprobar asociación, saldo/flujo y desglose posterior sin introducir manualmente un ID de orden.;"Entorno de prueba aislado, usuarios ficticios por rol, datos preparados y servicio correspondiente. Resolver D-08 para la variante indicada; no bloquea otras comprobaciones. Resolver la brecha documentada antes de aceptar el resultado integral.";D-08
OBS-29;OBS;Rentabilidad;Rentabilidad por orden y estación;Observaciones:99-101;Venta neta 10000, material 3000, trabajo 2000 y otros costos 1000 produce costo 6000, utilidad 4000 y margen 40%. No duplicar material o mano de obra si ya están incluidos en un gasto vinculado.;Admin / contador con permisos financieros;/gastos: filtros, alta/OCR, tabla, estado y rentabilidad;"Comparar venta neta, horas estimadas/reales, tarifa de cada estación, materia prima consumida y gastos atribuibles; presentar costo total, utilidad y margen, con desglose y procedencia.";"gastos; proveedores; OP; consumos; sesiones y tarifas históricas";"Motor calcula venta neta menos material/tiempo/gastos atribuibles; no hay desglose por estación y falta regla que evite duplicar material/mano de obra capturados además como gasto.";"src/modulos/gastos/servicios/rentabilidad-servicio.ts:12; src/modulos/gastos/componentes/operacion-gastos.tsx:61; supabase/migrations/20260910001120_fase_10_dashboard_base.sql:136";unitarias/gastos-rentabilidad (9 casos aprobados). Detalle en evidencias/casos-locales.csv. Solo evidencia parcial local, sin flujo persistido.;"No ejecutada en navegador/BD de prueba; persistencia y segunda sesión pendientes.";cobertura parcial;"Motor calcula venta neta menos material/tiempo/gastos atribuibles; no hay desglose por estación y falta regla que evite duplicar material/mano de obra capturados además como gasto.";E2E-41: Venta neta 10000, material 3000, trabajo 2000 y otros costos 1000 produce costo 6000, utilidad 4000 y margen 40%. No duplicar material o mano de obra si ya están incluidos en un gasto vinculado.;"Entorno de prueba aislado, usuarios ficticios por rol, datos preparados y servicio correspondiente. Resolver D-11 para la variante indicada; no bloquea otras comprobaciones. Resolver la brecha documentada antes de aceptar el resultado integral.";D-11
OBS-30;OBS;Cotizador y configuración;Parámetros completos del cotizador;Observaciones:105-106;"Cambiar tarifa de una estación y realizar una nueva cotización muestra el efecto esperado; cotizaciones aceptadas e históricos conservan sus valores pactados. No inventar un anexo de campos que el texto no contiene.";Responsable comercial / cotizador;"Calculadora técnica no localizada; formulario comercial aislado; /configuracion";Ubicar en Configuración los campos del cotizador identificados en el ZIP y las tarifas por estación necesarias para rentabilidad, con unidades y efecto claro sobre nuevos cálculos.;"cotizacion_lineas; configuracion_sistema.tarifas_json; geometría no localizada";Configuración solo tiene parámetros generales y no existe motor técnico consumidor que cotice con tarifa vigente y preserve acuerdo histórico por estación.;"src/modulos/configuracion/componentes/pestana-tarifas.tsx:23; src/modulos/configuracion/tipos/configuracion.ts:15; src/modulos/pipeline/componentes/formulario-cotizacion.tsx:72";integracion/configuracion-acciones (5 casos aprobados). Detalle en evidencias/casos-locales.csv. Solo evidencia parcial local, sin flujo persistido.;"No ejecutada en navegador/BD de prueba; persistencia y segunda sesión pendientes.";cobertura parcial;Configuración solo tiene parámetros generales y no existe motor técnico consumidor que cotice con tarifa vigente y preserve acuerdo histórico por estación.;"E2E-41: Cambiar tarifa de una estación y realizar una nueva cotización muestra el efecto esperado; cotizaciones aceptadas e históricos conservan sus valores pactados. No inventar un anexo de campos que el texto no contiene.";"Entorno de prueba aislado, usuarios ficticios por rol, datos preparados y servicio correspondiente. Resolver D-12 para la variante indicada; no bloquea otras comprobaciones. Resolver la brecha documentada antes de aceptar el resultado integral.";D-12
